,5,5,5,5,5,5,5
time [s],rep 1 [m],rep 2 [m],rep 3 [m],rep 4 [m],rep 5 [m],mean [m],expanded unc [m]
0,-3.5375e-05,-8.2473e-05,-0.00010583,-0.00017669,-6.6536e-05,-9.3381e-05,0.00032739
0.0066667,-8.118e-05,-7.8895e-05,-7.148e-05,-0.00013725,-5.6372e-05,-8.5036e-05,0.00032294
0.013333,6.9433e-05,-0.00014472,-8.7335e-05,-0.00016368,-9.9588e-05,-8.5177e-05,0.00034039
0.02,0.00020205,-0.00013175,-0.00020889,-0.00011083,-4.9623e-05,-5.9808e-05,0.0003753
0.026667,1.2142e-06,-4.3241e-05,-0.00012697,-9.7816e-05,-0.00013288,-7.994e-05,0.00032855
0.033333,9.0194e-05,-6.7146e-05,-8.7335e-05,-0.00012424,-0.00011187,-6.0079e-05,0.00033831
0.04,1.7476e-05,8.0253e-06,3.1581e-05,-0.00015026,-0.00013394,-4.5424e-05,0.00033911
0.046667,1.9238e-05,-4.442e-05,-1.8628e-05,-1.0408e-05,2.8231e-05,-5.1973e-06,0.00032274
0.053333,6.5043e-05,-1.0066e-05,8.8953e-06,-0.00017953,8.3766e-05,-6.379e-06,0.0003458
0.06,-3.5375e-05,3.75e-05,1.6864e-05,-0.00011611,9.0555e-05,-1.3134e-06,0.00033513
0.066667,-1.1091e-05,6.6568e-05,6.7032e-05,1.0733e-05,2.2946e-05,3.1238e-05,0.00032355
0.073333,-3.4508e-05,6.1283e-05,7.8741e-05,-2.0978e-05,1.6156e-05,2.0139e-05,0.00032652
0.08,-3.5375e-05,8.4318e-06,0.00012257,5.3014e-05,2.5629e-05,3.4853e-05,0.00032882
0.086667,1.1297e-05,5.7096e-05,0.00012936,2.1303e-05,1.392e-05,4.6594e-05,0.00032657
0.093333,-0.00010799,7.2992e-05,7.6505e-05,1.057e-05,-7.3285e-05,-4.2406e-06,0.00033721
0.1,-3.5375e-05,6.6568e-05,6.7032e-05,5.2038e-06,-7.2187e-05,6.2484e-06,0.00032969
0.10667,1.6582e-05,4.6526e-05,3.5362e-05,3.1711e-05,1.6156e-05,2.9267e-05,0.00032108
0.11333,3.9999e-05,3.9736e-05,-1.4888e-05,3.6915e-05,2.5629e-05,2.5478e-05,0.00032198
0.12,-3.5375e-05,0.00016503,-5.6031e-05,1.057e-05,1.392e-05,1.9624e-05,0.00033822
0.12667,-3.3614e-05,0.00011751,-3.5988e-05,2.6344e-05,1.392e-05,1.7635e-05,0.00032989
0.13333,1.3953e-05,3.9736e-05,-8.7335e-05,3.1874e-05,4.2989e-05,8.2432e-06,0.00032776
0.14,-3.5375e-05,3.4451e-05,-4.2411e-05,-2.1141e-05,8.6351e-06,-1.1168e-05,0.00032315
0.14667,-3.3614e-05,1.0668e-05,2.3653e-05,-4.781e-05,-9.8629e-06,-1.1393e-05,0.00032279
0.15333,1.1297e-05,3.9736e-05,-1.301e-07,-4.781e-05,-8.3749e-07,4.51e-07,0.00032306
0.16,-0.00011506,4.9209e-05,1.418e-05,3.6915e-05,-4.198e-05,-1.1347e-05,0.00033151
0.16667,-1.1985e-05,5.1811e-05,-3.1792e-06,1.6262e-07,-2.1937e-05,2.9743e-06,0.00032263
0.17333,1.3926e-05,0.00013597,-1.2205e-05,-3.8989e-17,-4.4216e-05,1.8694e-05,0.00033191
0.18,-6.2208e-05,9.3726e-05,2.8938e-05,6.8463e-05,-3.3646e-05,1.9055e-05,0.00033102
0.18667,-0.00015569,-3.6427e-06,5.2721e-05,-5.2038e-06,-8.3749e-07,-2.253e-05,0.00033508
0.19333,5.9757e-05,5.7096e-05,6.7032e-05,-0.00010017,1.8457e-06,1.7111e-05,0.00033241
0.2,-9.3561e-06,4.3924e-05,2.0604e-05,2.6344e-05,-8.3749e-07,1.6136e-05,0.00032177
0.20667,-1.0223e-05,4.2785e-05,-4.1273e-05,-1.0408e-05,3.0914e-05,2.3591e-06,0.00032347
0.21333,-3.1879e-05,6.1283e-05,-3.8671e-05,-7.3829e-05,-6.1226e-06,-1.7844e-05,0.00032672
0.22,4.3495e-05,-2.0636e-05,-4.1273e-05,2.1303e-05,-2.1937e-05,-3.8096e-06,0.00032359
0.22667,-1.0223e-05,4.807e-05,-9.6027e-06,3.1711e-05,-1.5148e-05,8.9614e-06,0.00032267
0.23333,-8.2074e-05,8.5067e-05,-3.1792e-06,2.6182e-05,1.9205e-05,9.04e-06,0.00032934
0.24,1.7476e-05,3.75e-05,8.9311e-05,-5.5291e-06,5.2014e-05,3.8154e-05,0.00032375
0.24667,9.1089e-05,2.2742e-05,9.7239e-05,1.5612e-05,3.9939e-05,5.3324e-05,0.00032419
0.25333,1.9211e-05,-3.6427e-06,4.0647e-05,1.5774e-05,1.0871e-05,1.6572e-05,0.00032129
0.26,-9.3561e-06,0.00020244,6.7032e-05,-6.3422e-05,3.0914e-05,4.5521e-05,0.00034397
0.26667,0.00026596,0.00016284,3.5362e-05,-7.9359e-05,8.6351e-06,7.8687e-05,0.00036237
0.27333,0.00012239,-1.0408e-06,1.418e-05,-3.1548e-05,-2.4621e-05,1.5873e-05,0.00032987
0.28,-3.5375e-05,-3.2711e-05,0.00017123,-7.3829e-05,-2.7223e-05,4.1848e-07,0.00034265
0.28667,-3.4508e-05,-3.9135e-05,0.00011574,-7.3829e-05,-9.8629e-06,-8.3196e-06,0.00033323
0.29333,-1.1091e-05,-3.0109e-05,-1.2205e-05,-2.0978e-05,-5.8527e-05,-2.6582e-05,0.00032158
0.3,-3.5375e-05,-0.00015801,1.418e-05,-3.1711e-05,-7.4423e-05,-5.7068e-05,0.00033054
0.30667,1.3953e-05,-0.00013695,2.5889e-05,5.8055e-05,-9.8629e-06,-9.7832e-06,0.00033398
0.31333,-3.1852e-05,-2.7426e-05,-3.1792e-06,4.2281e-05,2.8231e-05,1.611e-06,0.00032327
0.32,1.7476e-05,-0.00013162,-1.2205e-05,5.2038e-06,3.9939e-05,-1.6242e-05,0.00033136
0.32667,-5.3399e-05,-9.6173e-05,-1.301e-07,1.057e-05,1.0871e-05,-2.5652e-05,0.00032606
0.33333,0.00011006,-3.2711e-05,-1.301e-07,-0.0001005,1.8457e-06,-4.2867e-06,0.00033432
0.34,-6.2208e-05,-8.2961e-05,-0.00017454,-0.00013725,5.7299e-05,-7.9932e-05,0.00033901
0.34667,0.00043121,-9.5035e-05,-8.4692e-05,1.6262e-07,9.2791e-05,6.8887e-05,0.00041821
0.35333,-1.9574e-05,-0.00012366,3.2678e-05,-1.0408e-05,9.2791e-05,-5.6337e-06,0.00033553
0.36,-6.2208e-05,-6.0316e-05,-7.0341e-05,2.1303e-05,5.586e-06,-3.3195e-05,0.00032511
0.36667,-5.779e-05,-3.6427e-06,-9.1523e-05,0.00013741,-9.4385e-05,-2.1985e-05,0.00034224
0.37333,6.3254e-05,-8.7799e-05,-5.0746e-05,0.00022702,-4.5355e-05,2.1274e-05,0.00035793
0.38,-9.3561e-06,-4.5558e-05,-2.6962e-05,4.7485e-05,4.2989e-05,1.7194e-06,0.00032484
0.38667,-8.473e-05,-4.9705e-05,-2.6962e-05,-2.1141e-05,-6.1226e-06,-3.7732e-05,0.00032291
0.39333,-6.0419e-05,-6.2918e-05,-5.6031e-05,-1.5937e-05,5.051e-05,-2.8959e-05,0.00032625
0.4,1.7476e-05,-0.00020407,-7.9814e-05,-5.2689e-05,2.9369e-05,-5.7946e-05,0.00034115
0.40667,-8.2074e-05,-0.00018452,-7.9814e-05,-6.3259e-05,-6.5764e-05,-9.5086e-05,0.00032679
0.41333,-1.4614e-05,1.5953e-05,-6.5056e-05,-2.1141e-05,-2.1937e-05,-2.1359e-05,0.00032268
0.42,-8.8227e-05,-5.2307e-05,-6.7739e-05,2.6344e-05,1.392e-05,-3.3602e-05,0.00032683
0.42667,3.9105e-05,-6.0316e-05,-6.5056e-05,4.2281e-05,-8.3749e-07,-8.9647e-06,0.00032709
0.43333,3.9972e-05,1.0668e-05,-3.8671e-05,1.5612e-05,-0.00011443,-1.7369e-05,0.00032958
0.44,-6.2208e-05,-0.00013423,-7.0341e-05,3.6915e-05,-6.6902e-05,-5.9353e-05,0.0003296
0.44667,-5.9551e-05,-0.00013695,-6.2454e-05,-1.057e-05,1.0871e-05,-5.1731e-05,0.00032842
0.45333,1.3926e-05,-2.7426e-05,0.00014745,-1.6099e-05,-2.7223e-05,1.8125e-05,0.00033365
0.46,-9.3561e-06,-8.7799e-05,8.6668e-05,3.6915e-05,4.4477e-06,6.1752e-06,0.00033044
0.46667,9.2823e-05,-6.0316e-05,-2.1677e-05,1.6262e-07,2.5629e-05,7.3244e-06,0.00032845
0.47333,8.4909e-05,-3.2711e-05,2.5889e-05,-3.8989e-17,2.8231e-05,2.1264e-05,0.00032514
0.48,-0.00024678,-6.8203e-05,1.1579e-05,2.6182e-05,3.9939e-05,-4.7457e-05,0.0003531
0.48667,5.3578e-05,-2.4824e-05,1.418e-05,5.2038e-06,-0.00013402,-1.7177e-05,0.00033259
0.49333,-0.00010622,-3.6427e-06,-4.6558e-05,3.1711e-05,-0.0001167,-4.8284e-05,0.0003304
0.5,-3.5375e-05,-1.5351e-05,-4.7696e-05,-1.6099e-05,2.8231e-05,-1.7258e-05,0.00032267
0.50667,6.0625e-05,0.0001443,1.418e-05,-2.667e-05,6.9008e-05,5.2289e-05,0.00033044
0.51333,-0.00010536,0.00012958,-3.1792e-06,6.8626e-05,5.586e-06,1.9052e-05,0.00033869
0.52,-9.3561e-06,3.9736e-05,-1.2205e-05,2.1303e-05,-5.1006e-05,-2.3054e-06,0.00032357
0.52667,-6.0446e-05,7.8277e-05,-1.4888e-05,3.1711e-05,-2.4621e-05,2.0067e-06,0.00032756
0.53333,-6.1313e-05,7.5594e-05,-4.1273e-05,5.8055e-05,1.6156e-05,9.4439e-06,0.00032919
0.54,-3.5375e-05,9.2588e-05,-3.8671e-05,4.2281e-05,1.0871e-05,1.4339e-05,0.00032792
0.54667,-8.5598e-05,0.00010206,-2.6962e-05,1.5612e-05,3.0914e-05,7.2052e-06,0.00033213
0.55333,-6.3942e-05,0.00010466,-4.1273e-05,-5.3665e-06,2.2946e-05,3.4053e-06,0.00033087
0.56,-8.8227e-05,0.00011637,-3.8671e-05,-3.1711e-05,1.6156e-05,-5.2163e-06,0.00033475
0.56667,-8.3836e-05,0.00014544,-4.1273e-05,4.7322e-05,2.5629e-05,1.8656e-05,0.00033881
0.57333,3.7343e-05,0.00019829,-9.6027e-06,0.00010001,-8.7595e-05,4.7689e-05,0.00034783
0.58,-9.3561e-06,0.00013487,-3.2248e-05,0.00012636,-0.00011296,2.1331e-05,0.00034708
0.58667,-1.1118e-05,0.00010735,-2.1677e-05,6.8463e-05,7.1309e-06,3.0029e-05,0.00032801
0.59333,-6.0446e-05,0.00011413,6.9715e-05,6.8626e-05,-3.4744e-05,3.1457e-05,0.00033392
0.6,-6.2208e-05,0.00014804,6.1747e-05,1.057e-05,-1.6286e-05,2.8373e-05,0.0003359
0.60667,1.1297e-05,0.00021,-3.1792e-06,-1.5937e-05,-3.4744e-05,3.3487e-05,0.00034392
0.61333,-9.2618e-05,0.0003379,2.1059e-06,-2.1141e-05,-6.0112e-05,3.3227e-05,0.00038674
0.62,-0.00032565,0.00028777,1.1579e-05,1.5612e-05,1.8457e-06,-1.7688e-06,0.00041922
0.62667,-4.5051e-05,0.00016922,4.3249e-05,1.5774e-05,2.8231e-05,4.2285e-05,0.00033515
0.63333,-3.3614e-05,0.00012584,0.00019501,-3.1548e-05,3.9939e-05,5.9127e-05,0.00034393
0.64,1.7476e-05,0.00014804,0.00015956,1.0733e-05,6.9008e-05,8.0964e-05,0.00033235
0.64667,1.8344e-05,0.00019524,8.8953e-06,5.3014e-05,4.9412e-05,6.4981e-05,0.00033402
0.65333,4.5257e-05,0.00016662,-4.1273e-05,4.2444e-05,-1.5148e-05,3.958e-05,0.00033576
0.66,0.00012237,0.00012845,5.1551e-06,-6.3097e-05,-9.8629e-06,3.6601e-05,0.00033758
0.66667,-4.0709e-06,0.00011637,2.3653e-05,-0.00013172,4.2989e-05,9.4439e-06,0.00033985
0.67333,1.5687e-05,0.00013113,-1.4888e-05,4.2281e-05,0.00011015,5.6872e-05,0.0003298
0.68,-9.3561e-06,0.00015751,6.0243e-05,1.5612e-05,5.8437e-05,5.649e-05,0.00033028
0.68667,-7.5944e-06,0.0002126,8.8213e-05,5.8055e-05,-2.7223e-05,6.4811e-05,0.0003417
0.69333,3.7343e-05,0.00024809,3.7964e-05,5.3014e-05,6.2584e-05,8.78e-05,0.00033968
0.7,-8.8227e-05,0.00017565,2.5889e-05,5.2851e-05,0.00010226,5.3685e-05,0.00034283
0.70667,-0.00013579,0.00010206,8.4026e-05,6.8626e-05,0.00021167,6.6117e-05,0.00035683
0.71333,-3.8031e-05,0.00014804,5.9145e-05,1.057e-05,0.00015625,6.7196e-05,0.00033754
0.72,-9.3561e-06,0.00016662,-1.4888e-05,-4.781e-05,-8.3749e-07,1.8746e-05,0.00033742
0.72667,9.4585e-05,9.9377e-05,2.1059e-06,-5.8218e-05,-1.2912e-05,2.4988e-05,0.00033204
0.73333,0.00014128,9.2588e-05,2.5889e-05,2.1303e-05,-1.2912e-05,5.363e-05,0.00032982
0.74,-3.5375e-05,7.2992e-05,4.0647e-05,2.1303e-05,-4.198e-05,1.1517e-05,0.0003265
0.74667,-3.2746e-05,0.00012426,5.2721e-05,1.057e-05,-3.6695e-05,2.3622e-05,0.00033129
0.75333,3.2952e-05,0.00016662,-5.4152e-06,1.5612e-05,-1.2912e-05,3.9371e-05,0.00033336
0.76,-0.00019393,8.5067e-05,-3.8671e-05,0.00015303,-1.2912e-05,-1.4842e-06,0.00036023
0.76667,-1.727e-05,0.00010995,-1.2205e-05,0.00014246,-7.0601e-05,3.0465e-05,0.00034002
0.77333,-5.9551e-05,0.00014015,4.3249e-05,-2.667e-05,-1.9758e-06,1.9041e-05,0.00033476
0.78,-3.5375e-05,0.00013113,4.9672e-05,2.6344e-05,4.9412e-05,4.4236e-05,0.00032913
0.78667,-6.0419e-05,0.00012845,6.9715e-05,-7.3992e-05,1.392e-05,1.5534e-05,0.00033791
0.79333,-3.5402e-05,7.2992e-05,7.6505e-05,-4.7648e-05,1.392e-05,1.6073e-05,0.00032874
0.8,-9.3561e-06,5.1811e-05,-4.8794e-05,-2.1141e-05,-1.5148e-05,-8.5256e-06,0.00032394
0.80667,-8.473e-05,6.3519e-05,-5.9405e-05,-1.5937e-05,4.4477e-06,-1.8421e-05,0.00032858
0.81333,-5.8657e-05,6.3519e-05,-7.2577e-05,-5.2689e-05,6.9008e-05,-1.0279e-05,0.00033233
0.82,7.0328e-05,0.00020886,-4.5095e-05,-7.3992e-05,4.9412e-05,4.1903e-05,0.00034928
0.82667,0.00036288,0.00013906,1.1579e-05,-2.6507e-05,0.00012975,0.00012335,0.00037218
0.83333,3.8433e-06,1.3717e-05,-2.9198e-05,3.1711e-05,0.000123,2.8614e-05,0.00032845
0.84,-9.3561e-06,6.6568e-05,5.1551e-06,6.8463e-05,1.0871e-05,2.834e-05,0.00032386
0.84667,-3.2746e-05,7.5594e-05,-5.4152e-06,4.7485e-05,3.0914e-05,2.3166e-05,0.00032505
0.85333,2.7152e-05,3.4451e-05,-8.205e-05,-0.00013725,6.6772e-05,-1.8185e-05,0.00033839
0.86,0.0003606,-3.6427e-06,-3.3386e-05,-0.0001797,2.2946e-05,3.3365e-05,0.00040481
0.86667,-4.6352e-05,1.3717e-05,-3.1792e-06,-5.5291e-06,0.00011767,1.5266e-05,0.00032959
0.87333,-1.1118e-05,3.75e-05,-2.6962e-05,-2.667e-05,9.3929e-05,1.3336e-05,0.00032716
0.88,-9.3561e-06,8.0879e-05,-4.1273e-05,-3.724e-05,4.5225e-05,7.6469e-06,0.00032749
0.88667,1.6582e-05,8.7303e-05,-2.3913e-05,5.7893e-05,7.848e-05,4.3269e-05,0.00032581
0.89333,1.6582e-05,2.014e-05,-1.4888e-05,0.00011074,2.2946e-05,3.1105e-05,0.00032595
0.9,-9.3561e-06,1.3717e-05,-4.1273e-05,2.6182e-05,-1.2912e-05,-4.7284e-06,0.0003223
0.90667,1.482e-05,6.6568e-05,5.1551e-06,-4.781e-05,-1.2912e-05,5.1643e-06,0.00032485
0.91333,-3.0985e-05,1.7457e-05,-2.0173e-05,-3.7077e-05,1.6156e-05,-1.0924e-05,0.0003223
0.92,4.3495e-05,1.5953e-05,-0.00026809,5.3014e-05,1.0871e-05,-2.8951e-05,0.00036175
0.92667,0.0002149,2.014e-05,-0.00017572,2.1303e-05,3.0914e-05,2.2307e-05,0.00036368
0.93333,2.4496e-05,1.3717e-05,-6.0869e-05,1.057e-05,3.7703e-05,5.1236e-06,0.00032419
0.94,1.7476e-05,2.2742e-05,1.3042e-05,-6.8626e-05,1.392e-05,-2.8892e-07,0.00032419
0.94667,-1.0223e-05,-4.7469e-05,7.3455e-05,-6.83e-05,-2.9906e-05,-1.6489e-05,0.00032777
0.95333,-5.9551e-05,-3.6898e-05,-3.2248e-05,5.3014e-05,-2.1937e-05,-1.9524e-05,0.00032505
0.96,-3.5375e-05,-3.6427e-06,-6.9195e-06,-1.057e-05,1.392e-05,-8.5175e-06,0.00032142
0.96667,-3.3614e-05,-3.0109e-05,-2.0173e-05,5.0412e-06,4.2989e-05,-7.1732e-06,0.0003231
0.97333,1.482e-05,-2.7426e-05,-0.00010844,6.8626e-05,6.6772e-05,2.8713e-06,0.00033354
0.98,-9.3561e-06,-1.0408e-06,-1.6026e-05,-1.057e-05,6.6772e-05,5.9557e-06,0.00032351
0.98667,-7.5944e-06,2.5426e-05,2.0604e-05,-5.3665e-06,5.2014e-05,1.7017e-05,0.00032212
0.99333,4.0866e-05,3.75e-05,-5.6031e-05,-9.497e-05,-1.8197e-05,-1.8166e-05,0.00032893
1,1.7476e-05,3.75e-05,-2.1677e-05,-0.00016912,-2.1937e-05,-3.1553e-05,0.00033609
1.0067,-7.5673e-06,-6.3259e-06,-3.1792e-06,5.7893e-05,-8.3749e-07,7.9966e-06,0.00032255
1.0133,1.3926e-05,-2.7426e-05,2.1059e-06,-2.667e-05,-5.6291e-05,-1.8871e-05,0.0003225
1.02,-6.2208e-05,1.3717e-05,-1.749e-05,5.0412e-06,-4.8404e-05,-2.1869e-05,0.00032327
1.0267,-1.288e-05,8.4318e-06,-5.2982e-05,6.8626e-05,1.8457e-06,2.6084e-06,0.00032528
1.0333,-6.2208e-05,-4.442e-05,-5.2982e-05,1.6262e-07,1.392e-05,-2.9105e-05,0.00032343
1.04,-0.00011506,-3.9135e-05,-5.2982e-05,-3.1548e-05,2.8231e-05,-4.2099e-05,0.00032692
1.0467,1.2164e-05,1.3717e-05,-3.8671e-05,-3.8684e-17,-0.00019216,-4.099e-05,0.00033842
1.0533,-5.8055e-06,8.4318e-06,0.00033617,5.8055e-05,-0.0001352,5.2329e-05,0.00038663
1.06,7.0328e-05,-3.0109e-05,0.0002849,4.2281e-05,2.2946e-05,7.807e-05,0.00035428
1.0667,-7.5673e-06,-2.7426e-05,2.8938e-05,-1.5937e-05,8.9051e-05,1.3412e-05,0.00032599
1.0733,-3.3641e-05,-1.0408e-06,-2.0173e-05,2.1141e-05,5.6201e-05,4.4975e-06,0.00032369
1.08,-9.3561e-06,1.0668e-05,-3.5988e-05,2.6344e-05,-3.8931e-05,-9.4526e-06,0.00032262
1.0867,-9.3561e-06,-3.2711e-05,-1.4888e-05,-2.0978e-05,-3.8931e-05,-2.3373e-05,0.00032103
1.0933,-9.3561e-06,-3.9135e-05,-2.6962e-05,4.2281e-05,4.4477e-06,-5.7448e-06,0.00032306
1.1,-9.3561e-06,5.7096e-05,2.1059e-06,2.6344e-05,-1.8197e-05,1.1599e-05,0.00032289
1.1067,1.9211e-05,5.8234e-05,-3.1792e-06,7.4155e-05,-6.5764e-05,1.6531e-05,0.00032794
1.1133,8.7565e-05,-6.1779e-05,7.5e-05,5.3014e-05,-0.00015252,2.5586e-07,0.00034564
1.12,-8.8227e-05,-7.7675e-05,8.553e-05,4.2444e-05,-0.00010768,-2.9121e-05,0.00033838
1.1267,6.7672e-05,1.5953e-05,-3.2248e-05,6.3422e-05,1.8457e-06,2.3329e-05,0.00032496
1.1333,0.00014042,-3.7996e-05,-2.1677e-05,5.0412e-06,-8.3749e-07,1.6989e-05,0.00033259
1.14,-3.5375e-05,-4.8607e-05,-3.1792e-06,-2.6507e-05,1.6156e-05,-1.9502e-05,0.00032228
1.1467,6.5043e-05,3.9736e-05,2.1059e-06,1.6262e-07,0.00024342,7.0093e-05,0.00034415
1.1533,1.5715e-05,7.8277e-05,4.0647e-05,-3.9558e-17,0.00011966,5.086e-05,0.00032628
1.16,-8.8227e-05,6.1283e-05,2.3653e-05,-4.7648e-05,-4.5355e-05,-1.9259e-05,0.00032931
1.1667,1.0429e-05,6.6568e-05,-1.301e-07,-0.00010554,-8.3749e-07,-5.902e-06,0.00032986
1.1733,-8.118e-05,6.1283e-05,-0.00010165,2.1303e-05,-2.7223e-05,-2.5492e-05,0.00033167
1.18,1.7476e-05,5.1811e-05,-0.00011226,1.057e-05,3.3516e-05,2.2333e-07,0.00033063
1.1867,3.9999e-05,6.3519e-05,-2.3913e-05,2.6344e-05,5.586e-06,2.2307e-05,0.00032333
1.1933,-4.066e-05,4.9209e-05,-7.2577e-05,6.3422e-05,-2.1937e-05,-4.5089e-06,0.00032883
1.2,-0.0002728,5.1811e-05,-3.0337e-05,2.6182e-05,2.8231e-05,-3.9383e-05,0.00036122
1.2067,-1.9005e-05,7.8277e-05,-5.4152e-06,-1.5937e-05,3.9939e-05,1.5572e-05,0.00032494
1.2133,-3.2746e-05,4.6526e-05,-3.8671e-05,-3.9387e-17,3.9939e-05,3.0096e-06,0.00032442
1.22,1.7476e-05,5.4494e-05,2.1059e-06,0.00011074,2.5629e-05,4.209e-05,0.00032505
1.2267,-6.6999e-06,4.6526e-05,-3.2248e-05,0.00010017,-2.9906e-05,1.5569e-05,0.00032837
1.2333,4.1734e-05,5.4494e-05,2.2149e-05,-5.8381e-05,7.1309e-06,1.3425e-05,0.0003253
1.24,4.3495e-05,0.00011942,9.0815e-05,-5.8381e-05,3.7703e-05,4.6611e-05,0.00033152
1.2467,-8.1207e-05,8.5067e-05,3.5362e-05,-1.6099e-05,2.8231e-05,1.0271e-05,0.00032992
1.2533,-1.2852e-05,9.5637e-05,7.2317e-05,3.6915e-05,1.0871e-05,4.0577e-05,0.00032532
1.26,-3.5375e-05,8.5067e-05,8.8213e-05,5.2851e-05,7.4293e-05,5.301e-05,0.00032694
1.2667,-3.3614e-05,8.0879e-05,-2.0173e-05,6.8626e-05,8.7506e-05,3.6645e-05,0.00032882
1.2733,1.8344e-05,0.00017451,7.3911e-06,-1.057e-05,2.5629e-05,4.306e-05,0.00033382
1.28,9.6347e-05,0.00012056,6.443e-05,8.9604e-05,-8.3749e-07,7.402e-05,0.0003258
1.2867,-8.4617e-06,0.00012426,8.8953e-06,0.00020588,3.0914e-05,7.2297e-05,0.00033981
1.2933,-8.3836e-05,0.00022431,-4.1273e-05,4.7322e-05,-6.1226e-06,2.808e-05,0.00035347
1.3,-3.5375e-05,0.00016134,-3.8671e-05,4.7322e-05,7.1309e-06,2.8348e-05,0.00033653
1.3067,4.0866e-05,0.00010466,-1.2205e-05,3.6915e-05,3.7703e-05,4.1588e-05,0.0003248
1.3133,4.439e-05,7.2992e-05,2.8938e-05,-1.057e-05,-1.5148e-05,2.412e-05,0.000324
1.32,7.0328e-05,8.0879e-05,5.2721e-05,-1.6099e-05,-9.8629e-06,3.5593e-05,0.00032561
1.3267,1.5715e-05,0.00013113,8.179e-05,3.6915e-05,-0.00014573,2.3963e-05,0.00034602
1.3333,-8.118e-05,4.124e-05,-1.07e-05,4.2444e-05,-7.3325e-05,-1.6304e-05,0.00032912
1.34,1.7476e-05,4.5021e-05,-1.8628e-05,-8.4237e-05,7.848e-05,7.6225e-06,0.00032994
1.3467,6.591e-05,7.2992e-05,5.2721e-05,-0.00016343,2.2946e-05,1.0227e-05,0.0003434
1.3533,-4.9382e-06,5.1811e-05,2.3653e-05,7.4155e-05,1.8457e-06,2.9305e-05,0.00032335
1.36,4.3495e-05,9.2588e-05,4.3249e-05,0.0001057,2.8231e-05,6.2653e-05,0.00032347
1.3667,-5.6922e-05,0.00013113,2.0604e-05,7.9196e-05,2.5629e-05,3.9927e-05,0.00033236
1.3733,-1.1985e-05,2.693e-05,1.6864e-05,-3.7806e-17,2.8231e-05,1.2008e-05,0.00032141
1.38,-3.5375e-05,1.9002e-05,8.179e-05,2.6182e-05,-9.0644e-05,1.9081e-07,0.00033085
1.3867,-5.8657e-05,0.00010466,0.00011988,-5.5291e-06,-3.7834e-05,2.4505e-05,0.00033663
1.3933,1.6582e-05,0.00011637,0.00011728,-1.5937e-05,6.3723e-05,5.9604e-05,0.00032905
1.4,7.0328e-05,2.9166e-05,7.6505e-05,-3.9384e-17,3.9939e-05,4.3188e-05,0.00032302
1.4067,7.1195e-05,1.5953e-05,2.3653e-05,4.7322e-05,2.5629e-05,3.675e-05,0.00032189
1.4133,9.1089e-05,7.8277e-05,1.418e-05,-1.6099e-05,1.392e-05,3.6273e-05,0.00032574
1.42,-3.5375e-05,0.00013373,-3.1792e-06,-1.5937e-05,1.392e-05,1.8632e-05,0.00033123
1.4267,-3.2746e-05,0.00011109,1.6864e-05,5.2851e-05,4.2989e-05,3.8209e-05,0.00032724
1.4333,4.0866e-05,0.00012166,6.7032e-05,-2.6507e-05,0.0001826,7.7129e-05,0.00033551
1.44,4.3495e-05,0.00018353,9.3498e-05,2.1303e-05,8.8644e-05,8.6095e-05,0.00032989
1.4467,-7.5944e-06,0.00013755,4.7436e-05,1.6262e-07,-5.1006e-05,2.531e-05,0.00033283
1.4533,-1.0223e-05,0.00010466,0.00021766,-3.1548e-05,-2.4621e-05,5.1186e-05,0.00034773
1.46,-3.5375e-05,0.00011637,0.00019237,-2.1141e-05,1.6156e-05,5.3677e-05,0.0003428
1.4667,6.2386e-05,7.2992e-05,-3.1792e-06,1.5612e-05,-3.4394e-06,2.8874e-05,0.00032385
1.4733,-5.2505e-05,8.4318e-06,1.6864e-05,1.5774e-05,-5.3689e-05,-1.3025e-05,0.0003239
1.48,9.6347e-05,2.8028e-05,3.7964e-05,-1.0408e-05,-3.6695e-05,2.3047e-05,0.00032681
1.4867,4.1734e-05,4.9209e-05,1.1579e-05,1.057e-05,3.0914e-05,2.8801e-05,0.0003214
1.4933,-4.9876e-05,0.00019715,-4.3956e-05,5.2038e-06,0.00012491,4.6687e-05,0.00034833
1.5,0.00020205,0.00018244,7.3911e-06,1.6262e-07,0.00014341,0.00010709,0.0003424
1.5067,-2.3092e-06,4.9209e-05,3.5362e-05,1.0733e-05,6.1487e-05,3.0896e-05,0.00032235
1.5133,-5.8326e-06,0.00016808,-1.301e-07,4.2281e-05,4.2989e-05,4.9478e-05,0.00033229
1.52,9.6347e-05,0.00012958,-1.4888e-05,-3.7077e-05,2.2946e-05,3.9382e-05,0.00033273
1.5267,2.1867e-05,-6.1779e-05,1.6864e-05,-0.00016896,1.6156e-05,-3.5171e-05,0.00033662
1.5333,7.2957e-05,-3.3849e-05,5.2721e-05,-0.00014782,3.9939e-05,-3.2107e-06,0.00033972
1.54,0.00020205,2.2742e-05,5.2721e-05,0.0001057,1.0871e-05,7.8818e-05,0.00033498
1.5467,7.5586e-05,-1.84e-05,2.3653e-05,0.00011074,1.6156e-05,4.1548e-05,0.00032692
1.5533,9.1956e-05,-0.00012894,-1.301e-07,4.7322e-05,6.9008e-05,1.5843e-05,0.00033869
1.56,-9.3561e-06,-0.00011317,-0.00018885,4.7322e-05,9.2791e-05,-3.4252e-05,0.00035137
1.5667,6.7672e-05,-2.7426e-05,-0.00015454,2.6182e-05,6.3723e-05,-4.8775e-06,0.0003404
1.5733,6.591e-05,-1.0408e-06,1.418e-05,-5.5291e-06,-3.4394e-06,1.4016e-05,0.00032283
1.58,-6.2208e-05,-1.84e-05,-3.1792e-06,-1.5937e-05,-0.00012614,-4.5172e-05,0.00032673
1.5867,-3.2746e-05,3.0711e-05,2.1059e-06,-4.2281e-05,-3.7834e-05,-1.6009e-05,0.00032304
1.5933,6.0625e-05,-0.00015651,-3.1792e-06,-3.724e-05,4.9412e-05,-1.7378e-05,0.0003385
1.6,-0.00011506,-0.00018452,-4.1273e-05,1.5612e-05,4.2989e-05,-5.645e-05,0.00034114
1.6067,-6.3075e-05,-1.3115e-05,-9.6027e-06,4.7322e-05,0.00012491,1.7288e-05,0.00033281
1.6133,-3.2746e-05,-4.7469e-05,-1.749e-05,-0.00013188,0.00011434,-2.305e-05,0.00033904
1.62,7.0328e-05,-2.2141e-05,-3.8671e-05,-0.00027418,5.2014e-05,-4.2529e-05,0.00036335
1.6267,-3.0985e-05,-6.3259e-06,-5.6031e-05,-4.2119e-05,-3.4394e-06,-2.778e-05,0.00032191
1.6333,-5.8326e-06,-5.6494e-05,-5.0746e-05,1.057e-05,-9.8629e-06,-2.2473e-05,0.00032276
1.64,0.00012237,-1.0066e-05,-4.1273e-05,1.5612e-05,2.8231e-05,2.2974e-05,0.00032967
1.6467,2.184e-05,-4.9705e-05,-2.3913e-05,1.5774e-05,-1.8197e-05,-1.084e-05,0.00032277
1.6533,4.6152e-05,-0.00020826,4.3249e-05,-3.1548e-05,7.1309e-06,-2.8655e-05,0.00034627
1.66,0.0001492,-0.00013427,-2.2775e-05,-3.1548e-05,3.7703e-05,-3.3771e-07,0.00034567
1.6667,-5.8326e-06,-3.0109e-05,-3.3386e-05,-5.2689e-05,-2.9906e-05,-3.0384e-05,0.00032134
1.6733,-5.6028e-05,3.0711e-05,4.0647e-05,-6.3259e-05,-0.00019635,-4.8855e-05,0.00034182
1.68,7.0328e-05,4.6526e-05,2.3653e-05,1.0733e-05,-0.00011447,7.3542e-06,0.00033283
1.6867,1.8344e-05,1.0668e-05,-7.2577e-05,5.3014e-05,1.0871e-05,4.0639e-06,0.00032578
1.6933,-1.0223e-05,3.9736e-05,-5.9405e-05,1.057e-05,1.8457e-06,-3.4952e-06,0.00032382
1.7,-6.2208e-05,5.3827e-06,-0.00014547,-3.7077e-05,-2.9906e-05,-5.3856e-05,0.00032829
1.7067,-3.4508e-05,-8.5563e-05,-0.00014811,-0.00010554,-3.6695e-05,-8.2084e-05,0.00032618
1.7133,1.2191e-05,-7.7675e-05,-2.3913e-05,-7.3829e-05,-2.7223e-05,-3.809e-05,0.00032407
1.72,-8.8227e-05,-1.3115e-05,-2.9198e-05,1.6262e-07,-2.4621e-05,-3.1e-05,0.00032343
1.7267,3.6476e-05,-3.6427e-06,-6.7739e-05,-3.1548e-05,-2.7223e-05,-1.8735e-05,0.0003242
1.7333,-3.2746e-05,-8.7799e-05,-2.1677e-05,-3.9387e-17,-3.8931e-05,-3.6231e-05,0.00032319
1.74,-3.5375e-05,-7.4626e-05,-3.2248e-05,1.5774e-05,4.4477e-06,-2.4405e-05,0.00032375
1.7467,-1.1985e-05,4.2785e-05,9.4596e-05,-3.1548e-05,-1.8197e-05,1.513e-05,0.00032727
1.7533,-6.0446e-05,3.2215e-05,9.1953e-05,-3.1548e-05,-2.1937e-05,2.0474e-06,0.00032933
1.76,-6.2208e-05,-1.0408e-06,-2.6962e-05,-4.2281e-05,-4.4216e-05,-3.5342e-05,0.00032193
1.7667,-3.627e-05,1.0668e-05,-4.1273e-05,-3.724e-05,-0.00010609,-4.2042e-05,0.00032481
1.7733,-3.2746e-05,-4.7469e-05,-6.7739e-05,-1.5937e-05,-7.4423e-05,-4.7663e-05,0.00032208
1.78,4.3495e-05,-3.6898e-05,-6.5056e-05,-3.1548e-05,-5.3689e-05,-2.8739e-05,0.00032499
1.7867,-0.00018249,1.0668e-05,-9.6027e-06,-3.1548e-05,-0.00012345,-6.7286e-05,0.00033656
1.7933,-8.9121e-05,0.00012694,-1.749e-05,-4.2281e-05,-0.00012727,-2.9845e-05,0.00034268
1.8,-9.3561e-06,9.149e-05,-8.205e-05,-6.8788e-05,-7.7472e-05,-2.9235e-05,0.00033343
1.8067,-8.5598e-05,1.3717e-05,2.4751e-05,-0.00011595,-5.1006e-05,-4.2817e-05,0.00032956
1.8133,-8.1207e-05,3.75e-05,1.0082e-06,-0.00015286,-0.00025672,-9.0456e-05,0.00035291
1.82,0.00012237,3.75e-05,-3.3386e-05,-9.497e-05,-0.00021712,-3.7122e-05,0.00035855
1.8267,-0.00012877,8.4318e-06,-0.00011901,-6.3422e-05,-5.3689e-05,-7.1292e-05,0.00032798
1.8333,-4.3289e-05,-1.5351e-05,-0.00013604,-7.9359e-05,-3.6695e-05,-6.2147e-05,0.000326
1.84,-0.0001671,2.8028e-05,-9.6027e-06,-2.1141e-05,0.00019057,4.1506e-06,0.00035785
1.8467,-8.9094e-05,0.00010735,-8.9937e-05,-2.667e-05,0.00031322,4.2973e-05,0.00038466
1.8533,-4.1528e-05,4.124e-05,-0.00014132,-1.6099e-05,4.5265e-05,-2.2489e-05,0.00033431
1.86,-0.0001671,1.5953e-05,-0.0001349,-5.3665e-06,-8.6498e-05,-7.5582e-05,0.00033554
1.8667,-0.00016271,7.8277e-05,-0.000173,-8.44e-05,-0.00012614,-9.3592e-05,0.00034485
1.8733,-4.2422e-05,6.1283e-05,-0.0001847,-7.3992e-05,-0.00016842,-8.165e-05,0.00034396
1.88,-0.00011506,5.1811e-05,-0.00017039,-8.9929e-05,-0.00010126,-8.4965e-05,0.00033662
1.8867,-0.00051332,4.9209e-05,-7.148e-05,-0.00013725,-9.4385e-05,-0.00015344,0.00041544
1.8933,-0.0002547,8.0879e-05,-7.2577e-05,-8.4562e-05,-0.00013256,-9.2703e-05,0.00035404
1.9,-0.00019393,0.00011637,-8.8473e-05,-4.781e-05,-0.00020277,-8.3323e-05,0.00035903
1.9067,-0.00012032,0.00010206,-0.00011112,-0.00014278,-0.0001922,-9.2871e-05,0.00035022
1.9133,-0.00018691,4.6526e-05,-0.00015868,-0.00030621,-0.00010126,-0.00014131,0.00035839
1.92,-6.2208e-05,3.9736e-05,-0.00014393,-0.00035354,-5.1006e-05,-0.00011419,0.00037007
1.9267,-0.00018954,-8.9278e-06,-0.00016092,-0.00014246,-9.7068e-05,-0.00011978,0.0003324
1.9333,-0.00019217,3.3313e-05,-0.00021377,-0.00019547,-0.00010126,-0.00013387,0.00034532
1.94,-0.00014108,5.8234e-05,-0.00017942,-0.00023759,-0.00015252,-0.00013047,0.00034947
1.9467,-0.0002406,-3.6427e-06,-0.00013185,-0.00015319,-0.00023826,-0.00015351,0.00034257
1.9533,-0.00017152,1.3717e-05,-0.00016092,-0.00032182,-0.00020651,-0.00016941,0.00035393
1.96,-0.00021995,-6.3259e-06,-0.00022853,-0.00040655,-0.00024355,-0.00022098,0.00036616
1.9667,-0.00026841,-7.1252e-05,-0.00023532,-0.00028507,-0.00025936,-0.00022388,0.00033846
1.9733,-0.00020271,-3.6898e-05,-0.00019678,-0.00027971,-0.00023826,-0.00019087,0.0003405
1.98,-0.0003785,3.9736e-05,-9.7946e-05,-0.00024279,-0.0001922,-0.00017434,0.00037514
1.9867,-0.00029961,3.4451e-05,-8.4652e-05,-0.00013172,-0.00020277,-0.00013686,0.00035648
1.9933,-0.00022702,-1.84e-05,-0.00014661,-0.00020051,-0.00025034,-0.00016858,0.00034058
2,-0.00035248,-0.00011463,-0.00021682,-0.00029011,-0.00022127,-0.00023906,0.00033923
2.0067,-0.0002503,-0.00011577,-0.00019149,-0.000174,-0.00025562,-0.00019744,0.00032865
2.0133,-0.00024854,-6.8203e-05,-0.00030626,-0.0001901,-0.00027412,-0.00021745,0.00034111
2.02,-0.00029963,-3.9135e-05,-0.00036176,-0.00024279,-0.0001922,-0.0002271,0.000355
2.0267,-0.00021645,-3.0109e-05,-0.00026134,-0.00034297,-0.00020277,-0.00021073,0.00035095
2.0333,-4.9442e-05,-0.00011463,-0.00026662,-0.00035354,-0.00027941,-0.00021273,0.00035677
2.04,-0.0002728,-0.00011577,-0.00023227,-0.00034297,-0.0003175,-0.00025626,0.00033928
2.0467,-0.00043837,-0.00015541,-0.00027191,-0.00035354,-0.0003149,-0.00030682,0.00034594
2.0533,-0.00077326,-0.00022676,-0.00037233,-0.00037451,-0.00038995,-0.00042736,0.00040894
2.06,-0.00035248,-0.00018293,-0.00035273,-0.00043241,-0.00046093,-0.0003563,0.00034768
2.0667,-0.00037764,-0.00016183,-0.00038969,-0.00035874,-0.00043186,-0.00034395,0.0003463
2.0733,-0.00036796,-0.00023204,-0.00036176,-0.00036964,-0.00037901,-0.00034208,0.00032974
2.08,-6.2208e-05,-0.00025054,-0.00039192,-0.00044851,-0.00044243,-0.00031912,0.00038005
2.0867,-0.00037059,-0.0002992,-0.00046067,-0.00037988,-0.00044133,-0.00039034,0.00033037
2.0933,-0.00045301,-0.00032941,-0.00041989,-0.00049632,-0.0003673,-0.00041319,0.00033113
2.1,-0.00040534,-0.0003347,-0.00042518,-0.00060169,-0.00039905,-0.00043319,0.00034394
2.1067,-0.00042344,-0.00050337,-0.00040514,-0.00042753,-0.00044922,-0.00044174,0.00032412
2.1133,-0.00023404,-0.00052041,-0.00038404,-0.0004168,-0.00043186,-0.00039743,0.00034587
2.12,-0.00043135,-0.00049549,-0.00041042,-0.00041143,-0.0004519,-0.00044012,0.00032367
2.1267,-0.00048155,-0.00047061,-0.0004512,-0.00045908,-0.00048776,-0.00047004,0.00032125
2.1333,-0.00046269,-0.0004404,-0.00046067,-0.00045371,-0.000473,-0.00045809,0.00032104
2.14,-0.00058991,-0.00050756,-0.00046327,-0.00041696,-0.00046093,-0.00048773,0.00033085
2.1467,-0.00056573,-0.00051398,-0.00037346,-0.00046965,-0.00050476,-0.00048552,0.00033274
2.1533,-0.00061417,-0.00053403,-0.00043575,-0.00044314,-0.00058399,-0.00052222,0.00033604
2.16,-0.00061593,-0.00061326,-0.00055466,-0.00048022,-0.00051797,-0.00055641,0.00032905
2.1667,-0.00055516,-0.00064876,-0.0005256,-0.000422,-0.00053643,-0.00053759,0.00033606
2.1733,-0.00029215,-0.00069214,-0.00054519,-0.00031109,-0.00054704,-0.00047752,0.00038488
2.18,-0.00056308,-0.00066949,-0.00058068,-0.00050656,-0.00053114,-0.00057019,0.00032994
2.1867,-0.00054145,-0.00062192,-0.00055162,-0.00055421,-0.00063908,-0.00058166,0.00032559
2.1933,-0.0006401,-0.00065099,-0.00064411,-0.00053827,-0.00049532,-0.00059376,0.00033293
2.2,-0.00066878,-0.00066046,-0.0006811,-0.00059649,-0.00051793,-0.00062495,0.0003317
2.2067,-0.00061945,-0.00067782,-0.00076412,-0.00059096,-0.00065758,-0.00066199,0.0003311
2.2133,-0.00066526,-0.00073068,-0.00078376,-0.00060153,-0.00061644,-0.00067953,0.00033469
2.22,-0.00061593,-0.00078353,-0.0006981,-0.00066495,-0.00065079,-0.00068266,0.00033031
2.2267,-0.00066878,-0.00064766,-0.00067163,-0.0006334,-0.00066929,-0.00065815,0.00032141
2.2333,-0.00071635,-0.00063286,-0.00063049,-0.00061763,-0.00068933,-0.00065733,0.00032514
2.24,-0.00061593,-0.00078576,-0.00065053,-0.00066495,-0.00068136,-0.00067971,0.00033042
2.2467,-0.00067054,-0.00078995,-0.00072977,-0.00068609,-0.00063119,-0.00070151,0.00032948
2.2533,-0.0007692,-0.00076877,-0.00072188,-0.00070707,-0.00069193,-0.00073177,0.00032376
2.26,-0.00072163,-0.00086768,-0.00072977,-0.00066983,-0.0007369,-0.00074516,0.00033343
2.2667,-0.00069835,-0.00089565,-0.00063467,-0.00065926,-0.00076857,-0.0007313,0.00034616
2.2733,-0.00077269,-0.00087447,-0.00061504,-0.00070171,-0.00080406,-0.00075359,0.0003436
2.28,-0.0008005,-0.00087187,-0.00077359,-0.00073895,-0.00070254,-0.00077749,0.00033054
2.2867,-0.00070185,-0.00087447,-0.00080111,-0.00075992,-0.000721,-0.00077167,0.00033197
2.2933,-0.00079611,-0.00091525,-0.00079433,-0.00073342,-0.00071685,-0.00079119,0.00033502
2.3,-0.00077448,-0.00093903,-0.00075997,-0.00072821,-0.00070364,-0.00078107,0.00034068
2.3067,-0.00082644,-0.00093903,-0.00075623,-0.00090222,-0.00076596,-0.00083798,0.0003362
2.3133,-0.00085072,-0.00090996,-0.00082116,-0.00096027,-0.00076328,-0.00086108,0.00033457
2.32,-0.0008005,-0.00088618,-0.00077205,-0.00072285,-0.00076596,-0.00078951,0.0003295
2.3267,-0.00075117,-0.00094432,-0.00082868,-0.00071764,-0.00082142,-0.00081265,0.00033856
2.3333,-0.00079874,-0.00096282,-0.0010835,-0.00072268,-0.0008426,-0.00088206,0.00036619
2.34,-0.0008005,-0.00092428,-0.00098199,-0.00078611,-0.00083089,-0.00086475,0.00033758
2.3467,-0.00077269,-0.00088358,-0.00082116,-0.00064902,-0.00080182,-0.00078565,0.00033825
2.3533,-0.0007045,-0.00088878,-0.00084494,-0.00069146,-0.00074897,-0.00077573,0.00033854
2.36,-0.00090621,-0.00085451,-0.00084494,-0.00080725,-0.00075426,-0.00083343,0.00032837
2.3667,-0.0010212,-0.00092314,-0.00077205,-0.00076496,-0.00077804,-0.00085188,0.00035122
2.3733,-0.00068813,-0.00091639,-0.00077054,-0.00081782,-0.00079235,-0.00079705,0.00033672
2.38,-0.00088019,-0.00083333,-0.00081811,-0.00080725,-0.00076068,-0.00081991,0.00032521
2.3867,-0.00084986,-0.00083333,-0.00086149,-0.00078611,-0.00078332,-0.00082282,0.00032388
2.3933,-0.00073217,-0.00084809,-0.00081022,-0.00080725,-0.00069986,-0.00077952,0.00032963
2.4,-0.00090621,-0.0008454,-0.00079737,-0.00075456,-0.00073799,-0.00080831,0.00033191
2.4067,-0.00085425,-0.00077519,-0.0007868,-0.00082335,-0.00081353,-0.00081062,0.00032308
2.4133,-0.0008317,-0.00077145,-0.00078262,-0.0008601,-0.00096631,-0.00084244,0.00033508
2.42,-0.00093222,-0.00082162,-0.00083287,-0.00079668,-0.00094639,-0.00086596,0.00033181
2.4267,-0.0007815,-0.00097867,-0.00080111,-0.00078627,-0.00084744,-0.000839,0.00033664
2.4333,-0.00082381,-0.00095225,-0.00078001,-0.00078106,-0.00085431,-0.00083829,0.00033262
2.44,-0.00077448,-0.00076088,-0.00079209,-0.00078627,-0.00080182,-0.00078311,0.00032135
2.4467,-0.00082292,-0.00070161,-0.00074826,-0.00075992,-0.00079235,-0.00076501,0.00032576
2.4533,-0.00074855,-0.00073068,-0.0007853,-0.00079684,-0.00083313,-0.0007789,0.00032465
2.46,-0.0006948,-0.00063819,-0.0006996,-0.00083408,-0.00079877,-0.00073309,0.00033605
2.4667,-0.00074855,-0.00058643,-0.00066789,-0.00069683,-0.00075121,-0.00069018,0.00033162
2.4733,-0.00082202,-0.00060761,-0.0006811,-0.00065991,-0.00063538,-0.00068121,0.00033701
2.48,-0.00074765,-0.00069742,-0.0006626,-0.00071764,-0.00065644,-0.00069635,0.0003242
2.4867,-0.00082116,-0.00067896,-0.00071545,-0.00064885,-0.00072214,-0.00071731,0.00033077
2.4933,-0.00072516,-0.0005959,-0.00072448,-0.00067536,-0.00071311,-0.0006868,0.00032784
2.5,-0.00072163,-0.0005959,-0.00063996,-0.00063828,-0.0007395,-0.00066706,0.00032952
2.5067,-0.00072074,-0.00058159,-0.0006822,-0.00058039,-0.00063538,-0.00064006,0.00032977
2.5133,-0.00069835,-0.00055513,-0.00067805,-0.00060169,-0.00055492,-0.00061763,0.0003315
2.52,-0.00077448,-0.00048492,-0.00059239,-0.00058608,-0.00061001,-0.00060958,0.00034591
2.5267,-0.00069306,-0.00040828,-0.00058068,-0.00058608,-0.0006455,-0.00058272,0.00034756
2.5333,-0.00056923,-0.0003845,-0.00055162,-0.00055421,-0.00060212,-0.00053234,0.00033764
2.54,-0.00061593,-0.0003845,-0.00051352,-0.00049599,-0.00053756,-0.0005095,0.00033707
2.5467,-0.0005675,-0.00034112,-0.00050181,-0.00053307,-0.00048471,-0.00048564,0.0003383
2.5533,-0.00063745,-0.00032039,-0.00050181,-0.00049599,-0.00049,-0.00048913,0.00034982
2.56,-0.00056308,-0.0003177,-0.00047274,-0.00037451,-0.00045564,-0.00043674,0.00034144
2.5667,-0.00051023,-0.00036376,-0.0004342,-0.00052738,-0.00046622,-0.00046036,0.00033077
2.5733,-0.00046179,-0.0004404,-0.00043689,-0.00050119,-0.00042658,-0.00045337,0.0003228
2.58,-0.00053706,-0.0003336,-0.00040514,-0.00032735,-0.00034092,-0.00038881,0.00033901
2.5867,-0.00050586,-0.00018293,-0.00038404,-0.00034313,-0.00032921,-0.00034903,0.00035154
2.5933,-0.00035774,-0.00011845,-0.00033797,-0.00027467,-0.00027107,-0.00027198,0.00034122
2.6,-0.00035248,-0.00012366,-0.00023227,-0.00024295,-0.00020919,-0.00023211,0.00033645
2.6067,-0.00028603,-0.00013276,-0.00022853,-0.00019027,-0.00028424,-0.00022437,0.00033071
2.6133,-0.00057668,-7.7675e-05,-0.00022056,-0.00011123,-0.0002394,-0.00024511,0.00040392
2.62,-0.00051023,-1.3115e-05,-9.7946e-05,-0.00011123,-0.00018801,-0.00018411,0.00039999
2.6267,-0.00025204,-4.7469e-05,-7.0341e-05,-0.0001005,-0.00016537,-0.00012714,0.0003367
2.6333,-0.00014108,-5.1209e-05,-9.1523e-05,-9.5133e-05,-0.00010349,-9.6487e-05,0.00032313
2.64,-3.5375e-05,2.8028e-05,-6.5056e-05,-4.781e-05,-7.7472e-05,-3.9537e-05,0.0003247
2.6467,-3.3614e-05,0.00012166,-2.3913e-05,7.9196e-05,-5.1006e-05,1.8464e-05,0.00033459
2.6533,1.6582e-05,0.00018353,5.8007e-05,0.00012701,-9.8629e-06,7.5053e-05,0.00033558
2.66,4.3495e-05,0.00018093,0.00010557,0.00012701,7.2057e-05,0.00010581,0.00032728
2.6667,6.8539e-05,0.00024167,0.00013464,0.00016896,0.000163,0.00015536,0.00032995
2.6733,4.2628e-05,0.00025757,0.00024518,0.00022149,0.00032908,0.00021919,0.00034688
2.68,-9.3561e-06,0.00028021,0.00027279,0.00024816,0.00031965,0.00022229,0.00036013
2.6867,0.00027038,0.00035685,0.00028067,0.00037468,0.00031172,0.00031886,0.0003257
2.6933,0.00025487,0.0003368,0.00031617,0.00049046,0.00038307,0.00035627,0.0003388
2.7,0.00022807,0.00040246,0.00031617,0.00050103,0.00042645,0.00037483,0.0003463
2.7067,0.00045408,0.00051459,0.00043244,0.0003428,0.00059297,0.00046738,0.00034103
2.7133,0.00036849,0.00052406,0.00055664,0.00032182,0.00068542,0.00049129,0.0003692
2.72,0.00049233,0.00055573,0.00052229,0.00058576,0.00062997,0.00055721,0.00032757
2.7267,0.00056857,0.00063505,0.0005181,0.0006334,0.00057972,0.00058697,0.00032643
2.7333,0.00057209,0.00069953,0.0006408,0.00068073,0.00062578,0.00064378,0.00032664
2.74,0.00059803,0.00075201,0.00077028,0.00069113,0.00071672,0.00070564,0.00033151
2.7467,0.00072712,0.00080486,0.00078878,0.00079131,0.00081035,0.00078449,0.0003234
2.7533,0.00078171,0.00085771,0.0008522,0.00091815,0.00088699,0.00085935,0.00032689
2.76,0.00080862,0.00093963,0.00072007,0.00096043,0.00091077,0.00086791,0.00034446
2.7667,0.00081477,0.0010163,0.00078569,0.001087,0.00099797,0.00094033,0.00036052
2.7733,0.00098618,0.0010691,0.0010485,0.0011289,0.00090967,0.0010285,0.00033722
2.78,0.00096718,0.001122,0.0010934,0.001071,0.0009387,0.0010384,0.0003361
2.7867,0.0010487,0.0011744,0.0011394,0.0011554,0.0011275,0.0011291,0.00032637
2.7933,0.0011958,0.0012416,0.0012451,0.0012556,0.0012036,0.0012284,0.00032257
2.8,0.0010989,0.0012775,0.0012779,0.0013296,0.0012709,0.001251,0.00033904
2.8067,0.0014235,0.0013933,0.0013821,0.0014141,0.0013067,0.001384,0.00032598
2.8133,0.001243,0.0014881,0.001463,0.0013932,0.0014083,0.0013991,0.00034211
2.82,0.0013892,0.0014881,0.0015237,0.0014195,0.0015204,0.0014682,0.0003297
2.8267,0.0014646,0.001561,0.0015391,0.0015987,0.0015876,0.0015502,0.00032768
2.8333,0.0014464,0.0017074,0.001518,0.001662,0.0016521,0.0015972,0.00034879
2.84,0.0015477,0.0017931,0.0015883,0.00172,0.0017483,0.0016795,0.00034695
2.8467,0.0016213,0.0017761,0.0017083,0.0017996,0.0017933,0.0017397,0.00033442
2.8533,0.0015556,0.0017814,0.0019853,0.0019155,0.0018107,0.0018097,0.00038009
2.86,0.0017055,0.0018776,0.0020039,0.0019575,0.0018778,0.0018845,0.00035075
2.8667,0.0018085,0.0019512,0.0019023,0.0020158,0.0019424,0.0019241,0.00033481
2.8733,0.0018424,0.0020067,0.001897,0.0021004,0.0019952,0.0019684,0.00034463
2.88,0.0019957,0.002086,0.0020038,0.0021741,0.0020772,0.0020674,0.00033353
2.8867,0.0019975,0.0021653,0.002125,0.0022477,0.0021681,0.0021407,0.00034075
2.8933,0.0020486,0.0022588,0.0021515,0.0022427,0.0022617,0.0021927,0.00034108
2.9,0.0021015,0.0023789,0.0022212,0.002211,0.0022802,0.0022386,0.00034515
2.9067,0.0020278,0.0026416,0.0022398,0.0022848,0.0022998,0.0022988,0.00042217
2.9133,0.002105,0.002619,0.0023179,0.0024167,0.0023501,0.0023617,0.00039512
2.92,0.002286,0.0025518,0.0023862,0.00248,0.0024489,0.0024306,0.00034471
2.9267,0.0022895,0.0026522,0.0024613,0.0025484,0.0025199,0.0024943,0.00036176
2.9333,0.0023882,0.0027337,0.002547,0.0025909,0.0025928,0.0025705,0.00035632
2.94,0.0023917,0.0027957,0.002501,0.0026808,0.0026958,0.002613,0.00037989
2.9467,0.0025226,0.0028511,0.0025406,0.0028338,0.0027456,0.0026987,0.00037657
2.9533,0.0026256,0.0029304,0.0026263,0.0028654,0.0027721,0.002764,0.00036435
2.96,0.0026292,0.0030097,0.0027399,0.002881,0.0028275,0.0028174,0.00036776
2.9667,0.0024336,0.0030885,0.002823,0.0029127,0.0028921,0.00283,0.00044032
2.9733,0.0026758,0.0031679,0.0029388,0.0029337,0.0027419,0.0028916,0.00040123
2.98,0.0027609,0.0032323,0.0030049,0.0030867,0.002846,0.0029862,0.00039751
2.9867,0.0028379,0.0032848,0.0030101,0.0030973,0.003019,0.0030498,0.00037942
2.9933,0.002845,0.0033377,0.0030626,0.0031818,0.0030242,0.0030902,0.00039438
3,0.0029723,0.0033615,0.0030721,0.0032451,0.0030914,0.0031485,0.00037433
3.0067,0.002775,0.0033905,0.0031038,0.0032924,0.0031416,0.0031406,0.00043424
3.0133,0.0029688,0.0034577,0.0031831,0.0033135,0.0031681,0.0032182,0.00039324
3.02,0.003078,0.0035661,0.0032189,0.0033875,0.0032235,0.0032948,0.00039701
3.0267,0.0031058,0.0035966,0.0032189,0.0034406,0.0033605,0.0033445,0.00039984
3.0333,0.0031838,0.0036453,0.0032914,0.0034249,0.0033711,0.0033833,0.00038662
3.04,0.0032886,0.0036755,0.003365,0.0034776,0.0033552,0.0034324,0.00037324
3.0467,0.0032939,0.0037242,0.0033767,0.0035778,0.0033907,0.0034726,0.00038838
3.0533,0.0034445,0.0037835,0.0033767,0.0035672,0.0034346,0.0035213,0.00037987
3.06,0.003526,0.003711,0.0033185,0.0035461,0.003499,0.0035201,0.00036594
3.0667,0.003352,0.003768,0.0034163,0.0035884,0.0035515,0.0035352,0.00037979
3.0733,0.0034697,0.0038922,0.0035205,0.0035989,0.0035462,0.0036055,0.00038309
3.08,0.0035,0.0041915,0.0034941,0.0036728,0.0035081,0.0036733,0.00049171
3.0867,0.0034974,0.0041704,0.0035548,0.0036357,0.0034383,0.0036593,0.00048772
3.0933,0.0034264,0.0039975,0.0035417,0.0035882,0.0034779,0.0036063,0.00042818
3.1,0.0035,0.0040066,0.0034824,0.0036355,0.0035783,0.0036406,0.00041739
3.1067,0.0035511,0.0039949,0.0035696,0.0036778,0.0036021,0.0036791,0.00039433
3.1133,0.0035555,0.0039658,0.0036409,0.0037516,0.0035731,0.0036974,0.00038433
3.12,0.0036317,0.0038114,0.0036262,0.0037464,0.0036656,0.0036963,0.00033736
3.1267,0.0037062,0.0039224,0.0036432,0.0037783,0.0037025,0.0037505,0.0003488
3.1333,0.003662,0.0040281,0.003667,0.0038518,0.003655,0.0037728,0.00038188
3.14,0.0037106,0.0041428,0.0036379,0.0037782,0.0036841,0.0037907,0.0004094
3.1467,0.0036828,0.0041112,0.0036579,0.0037572,0.0036497,0.0037718,0.0004027
3.1533,0.0036083,0.0039831,0.0036938,0.0037886,0.003718,0.0037584,0.00036693
3.16,0.0036057,0.0039805,0.0033888,0.0037201,0.0037112,0.0036813,0.00041769
3.1667,0.003578,0.0039975,0.0033861,0.0037095,0.0036138,0.003657,0.00042541
3.1733,0.0035304,0.0039775,0.0035881,0.0037308,0.0036164,0.0036887,0.00039019
3.18,0.0036057,0.003942,0.0035733,0.0036941,0.00357,0.003677,0.00037622
3.1867,0.0039978,0.0038696,0.0035322,0.0036412,0.0035663,0.0037214,0.00040905
3.1933,0.0035695,0.0038246,0.0035522,0.0035988,0.0036312,0.0036353,0.00034998
3.2,0.0035789,0.0037348,0.0036315,0.0035934,0.0035678,0.0036213,0.00033306
3.2067,0.003377,0.0037532,0.0035364,0.0035461,0.0034674,0.003536,0.00036545
3.2133,0.0034194,0.0037348,0.0034152,0.003451,0.0034002,0.0034841,0.00036681
3.22,0.0034211,0.0036374,0.0032872,0.0034825,0.0033499,0.0034356,0.00036285
3.2267,0.0037371,0.0036257,0.0032355,0.003456,0.0033236,0.0034756,0.00041237
3.2333,0.0033303,0.0035385,0.0033,0.0032503,0.0032537,0.0033346,0.00035415
3.24,0.0033154,0.00338,0.003208,0.0031605,0.0032062,0.003254,0.00034098
3.2467,0.0031621,0.0033377,0.0031423,0.003208,0.0031628,0.0032026,0.00033659
3.2533,0.0031542,0.003289,0.0030789,0.0031291,0.0030982,0.0031499,0.00033792
3.26,0.003078,0.0032588,0.0030075,0.0030395,0.0030597,0.0030887,0.0003443
3.2667,0.003045,0.0031811,0.002906,0.0030922,0.0029461,0.0030341,0.00035001
3.2733,0.0028493,0.0030399,0.0028373,0.0031187,0.002863,0.0029416,0.00035938
3.28,0.0028934,0.0029923,0.002849,0.002855,0.002863,0.0028905,0.00033001
3.2867,0.0027618,0.0029051,0.0027908,0.0027808,0.0028196,0.0028116,0.00032911
3.2933,0.0026586,0.0027613,0.0026999,0.002712,0.002726,0.0027116,0.0003249
3.3,0.0026292,0.002673,0.0026063,0.0025696,0.0025479,0.0026052,0.00032725
3.3067,0.0026195,0.0025477,0.0024429,0.0024852,0.0025864,0.0025363,0.00033373
3.3133,0.0023503,0.0024212,0.0023333,0.0024063,0.0025166,0.0024055,0.00033361
3.32,0.0023917,0.0022985,0.0022922,0.0022742,0.0022897,0.0023093,0.00032655
3.3267,0.0021657,0.0021109,0.0021817,0.0022372,0.0021723,0.0021736,0.00032605
3.3333,0.0022512,0.0020596,0.0020816,0.001947,0.0021247,0.0020928,0.00034912
3.34,0.0021015,0.0019501,0.002014,0.0017043,0.001936,0.0019412,0.00036977
3.3467,0.0016468,0.0017588,0.0017899,0.001815,0.0017382,0.0017497,0.00033089
3.3533,0.0017487,0.001598,0.0016211,0.0017096,0.0016298,0.0016614,0.00033081
3.36,0.0016006,0.0013696,0.0015075,0.0015197,0.0014687,0.0014932,0.00033751
3.3667,0.0014931,0.0012216,0.001381,0.0014511,0.0012984,0.001369,0.00034908
3.3733,0.0013416,0.0011253,0.0013308,0.0013141,0.0012128,0.0012649,0.00034114
3.38,0.0013363,0.0010079,0.0011738,0.0011029,0.0010995,0.0011441,0.00035507
3.3867,0.0012011,0.00085885,0.00098283,0.00096043,0.00095834,0.00099231,0.00035698
3.3933,0.0009707,0.00065997,0.00080728,0.00083375,0.00083832,0.000822,0.00034894
3.4,0.00083545,0.00043462,0.00058156,0.0007126,0.00064846,0.00064254,0.0003704
3.4067,0.00062231,0.00022626,0.00045996,0.00049615,0.00045442,0.00045182,0.00036666
3.4133,0.00036497,1.2172e-05,0.00028868,0.00027418,0.00026724,0.00024145,0.00036125
3.42,0.00022807,-0.00010935,7.1219e-05,1.0245e-05,2.7133e-05,4.5464e-05,0.00035465
3.4267,0.00011711,-0.00028071,-8.7335e-05,-0.00020067,-0.00010609,-0.00011154,0.00037054
3.4333,-0.00013758,-0.00046947,-0.00031834,-0.00024263,-0.00023408,-0.00028042,0.00035553
3.44,-0.00029963,-0.00058948,-0.00044896,-0.00048526,-0.0004741,-0.00045949,0.00034581
3.4467,-0.00070667,-0.00079365,-0.00057955,-0.00064365,-0.00069462,-0.00068363,0.00033551
3.4533,-0.00070274,-0.00099941,-0.00084604,-0.00080708,-0.00087955,-0.00084696,0.00034767
3.46,-0.00090621,-0.001158,-0.0010491,-0.0010762,-0.0010494,-0.0010478,0.00034004
3.4667,-0.0011375,-0.0013451,-0.0012533,-0.0012821,-0.0011642,-0.0012364,0.00033793
3.4733,-0.0012044,-0.0015419,-0.0014447,-0.0014299,-0.0014321,-0.0014106,0.00035605
3.48,-0.0014868,-0.0017411,-0.0016349,-0.0016673,-0.0016802,-0.0016421,0.00034195
3.4867,-0.0016722,-0.0019231,-0.0018142,-0.0019153,-0.0018002,-0.001825,0.00034526
3.4933,-0.0018801,-0.002125,-0.001946,-0.0019944,-0.0020044,-0.00199,0.00034006
3.5,-0.0020145,-0.0023334,-0.002194,-0.0021741,-0.0022101,-0.0021852,0.000351
3.5067,-0.0020779,-0.0024889,-0.0023917,-0.002364,-0.0024411,-0.0023527,0.00037835
3.5133,-0.0024294,-0.0026497,-0.0026016,-0.0025328,-0.002688,-0.0025803,0.00034564
3.52,-0.002595,-0.0028342,-0.0028168,-0.0026649,-0.0028122,-0.0027446,0.00034833
3.5267,-0.0027554,-0.0029754,-0.0029342,-0.0028333,-0.0030533,-0.0029103,0.00035317
3.5333,-0.0029876,-0.0032117,-0.0031414,-0.0030815,-0.0032312,-0.0031307,0.00034476
3.54,-0.0031487,-0.0034386,-0.003272,-0.0033664,-0.0033041,-0.003306,0.00034901
3.5467,-0.0033844,-0.0035851,-0.003446,-0.0035933,-0.0037264,-0.003547,0.00036287
3.5533,-0.0035716,-0.0038304,-0.0037914,-0.0035828,-0.0038635,-0.0037279,0.00036616
3.56,-0.0037821,-0.0040165,-0.0039432,-0.0038782,-0.0039216,-0.0039083,0.00033987
3.5667,-0.003546,-0.0041682,-0.0040621,-0.0040839,-0.0041918,-0.0040104,0.00046099
3.5733,-0.004087,-0.0043359,-0.0042413,-0.0042898,-0.0043156,-0.0042539,0.00034575
3.58,-0.0043359,-0.0044241,-0.0044169,-0.0043956,-0.00447,-0.0044085,0.00032859
3.5867,-0.0045948,-0.004622,-0.0046135,-0.0045382,-0.0047074,-0.0046152,0.00033192
3.5933,-0.0047111,-0.0048228,-0.004769,-0.0048018,-0.0048724,-0.0047954,0.0003319
3.6,-0.0049693,-0.0050153,-0.004988,-0.0048703,-0.0050215,-0.0049729,0.00033233
3.6067,-0.005101,-0.005192,-0.0051186,-0.0049864,-0.0051484,-0.0051093,0.00033748
3.6133,-0.0052353,-0.0052977,-0.0052782,-0.0053191,-0.0053001,-0.0052861,0.00032635
3.62,-0.0054181,-0.0054758,-0.005467,-0.0054562,-0.005482,-0.0054598,0.00032567
3.6267,-0.0055507,-0.0056408,-0.0056161,-0.0056141,-0.0056549,-0.0056153,0.00032813
3.6333,-0.005711,-0.0058042,-0.0057716,-0.0057989,-0.0057961,-0.0057763,0.00032809
3.64,-0.0059458,-0.0059428,-0.0059038,-0.0059257,-0.0059742,-0.0059385,0.0003264
3.6467,-0.0060507,-0.0060072,-0.0060792,-0.0060843,-0.0061535,-0.006075,0.0003317
3.6533,-0.006152,-0.0061469,-0.0062612,-0.0063586,-0.0062128,-0.0062263,0.00034292
3.66,-0.0061304,-0.0063293,-0.0064341,-0.0065959,-0.0063577,-0.0063695,0.00038723
3.6667,-0.0064925,-0.0064874,-0.0065462,-0.0065697,-0.0065782,-0.0065348,0.00032993
3.6733,-0.0066563,-0.0066603,-0.0066858,-0.0066648,-0.0067484,-0.0066831,0.00032932
3.68,-0.0067638,-0.0067438,-0.0069112,-0.0068019,-0.0068632,-0.0068168,0.00033737
3.6867,-0.0068696,-0.0069177,-0.0070471,-0.0069917,-0.0070873,-0.0069827,0.00034483
3.6933,-0.0070003,-0.007031,-0.0071147,-0.0071819,-0.0072561,-0.0071168,0.0003519
3.7,-0.0071061,-0.0072102,-0.0071358,-0.007245,-0.0072825,-0.0071959,0.00033932
3.7067,-0.0072412,-0.0073473,-0.0072252,-0.0073504,-0.0073524,-0.0073033,0.00033648
3.7133,-0.0074431,-0.0073383,-0.0074245,-0.0074192,-0.0073999,-0.007405,0.00033087
3.72,-0.0074761,-0.0073794,-0.0075631,-0.0075617,-0.0075014,-0.0074963,0.00034039
3.7267,-0.0076303,-0.0075047,-0.0076567,-0.0076672,-0.0077008,-0.0076319,0.00034059
3.7333,-0.0076884,-0.0076021,-0.0077915,-0.0077251,-0.0077668,-0.0077148,0.00034034
3.74,-0.0077923,-0.0077444,-0.0078919,-0.0078519,-0.0078303,-0.0078222,0.0003352
3.7467,-0.0079456,-0.0078369,-0.00793,-0.0079363,-0.007771,-0.007884,0.00034151
3.7533,-0.0079571,-0.0078542,-0.0079564,-0.0079625,-0.0078238,-0.0079108,0.00033817
3.76,-0.0081355,-0.008052,-0.0080553,-0.0080998,-0.0080121,-0.0080709,0.00033352
3.7667,-0.0081131,-0.0080494,-0.0081119,-0.008179,-0.0081322,-0.0081171,0.00033339
3.7733,-0.0082143,-0.0080176,-0.0081727,-0.0081528,-0.008221,-0.0081557,0.00034391
3.78,-0.0083201,-0.0081468,-0.0082753,-0.0082476,-0.0083024,-0.0082584,0.00033933
3.7867,-0.0084213,-0.0082091,-0.0082965,-0.0083107,-0.0083206,-0.0083116,0.00034184
3.7933,-0.0084025,-0.0082064,-0.0083139,-0.0083372,-0.008384,-0.0083288,0.00034237
3.8,-0.0084786,-0.0082668,-0.008352,-0.0084164,-0.0084263,-0.008388,0.00034401
3.8067,-0.0084786,-0.0082974,-0.0083637,-0.0083795,-0.0084025,-0.0083843,0.00033878
3.8133,-0.008483,-0.0083174,-0.0084366,-0.0083847,-0.0084463,-0.0084136,0.00033842
3.82,-0.0086103,-0.0082947,-0.0084962,-0.0084006,-0.0084965,-0.0084597,0.00036033
3.8267,-0.0085073,-0.0082619,-0.0084233,-0.0085006,-0.0085372,-0.0084461,0.00035675
3.8333,-0.0084812,-0.0083174,-0.0084509,-0.0085589,-0.0082274,-0.0084072,0.00036801
3.84,-0.0085315,-0.0083819,-0.0085079,-0.0084958,-0.008259,-0.0084352,0.00035815
3.8467,-0.0086294,-0.0083619,-0.0084962,-0.0084375,-0.0085082,-0.0084866,0.00035107
3.8533,-0.0085305,-0.0082827,-0.0084524,-0.0084219,-0.0084067,-0.0084188,0.00034731
3.86,-0.0083989,-0.0082619,-0.0084165,-0.0084219,-0.008367,-0.0083733,0.00033882
3.8667,-0.0084976,-0.0082159,-0.0084604,-0.0083901,-0.0083734,-0.0083875,0.00035536
3.8733,-0.0084183,-0.0081683,-0.0085396,-0.0083214,-0.0083062,-0.0083508,0.00037082
3.88,-0.0088738,-0.0081974,-0.0084297,-0.0082902,-0.0083141,-0.008421,0.00046633
3.8867,-0.0084104,-0.008134,-0.0082674,-0.0082479,-0.0082629,-0.0082645,0.00035051
3.8933,-0.0082716,-0.0078305,-0.0080142,-0.0081634,-0.0081481,-0.0080855,0.00038983
3.9,-0.0082672,-0.0078436,-0.0079375,-0.0080998,-0.0080831,-0.0080462,0.0003854
3.9067,-0.0082619,-0.0079664,-0.0079919,-0.0080312,-0.0080593,-0.0080621,0.00035905
3.9133,-0.0081104,-0.0079161,-0.0079971,-0.0079788,-0.0078854,-0.0079776,0.00034541
3.92,-0.0080038,-0.0077882,-0.0080644,-0.0078837,-0.0078012,-0.0079082,0.00036146
3.9267,-0.0078972,-0.0076353,-0.0078534,-0.0077674,-0.0077472,-0.0077801,0.00035115
3.9333,-0.0077698,-0.0075878,-0.0077386,-0.0076514,-0.0076351,-0.0076765,0.00034067
3.94,-0.0077395,-0.0074572,-0.0076212,-0.0074932,-0.0074951,-0.0075612,0.00035836
3.9467,-0.0075593,-0.0073213,-0.0073944,-0.0074138,-0.0073999,-0.0074177,0.00034443
3.9533,-0.0074951,-0.0072103,-0.0072627,-0.0072927,-0.0072841,-0.007309,0.00035373
3.96,-0.0072386,-0.0070808,-0.0071452,-0.0071289,-0.0071164,-0.007142,0.00033472
3.9667,-0.0071364,-0.0069755,-0.0070252,-0.0070494,-0.0070134,-0.00704,0.00033488
3.9733,-0.0071241,-0.0068121,-0.0069078,-0.0069336,-0.0068617,-0.0069279,0.00035821
3.98,-0.0068687,-0.0066297,-0.006744,-0.0066858,-0.0067231,-0.0067303,0.00034406
3.9867,-0.0067109,-0.0064716,-0.0065183,-0.0064796,-0.0065571,-0.0065475,0.00034744
3.9933,-0.0065497,-0.00627,-0.0063533,-0.006316,-0.006334,-0.0063646,0.00035194
4,-0.0063149,-0.0061341,-0.0061899,-0.0062001,-0.0061373,-0.0061953,0.00033764
4.0067,-0.0061815,-0.0059798,-0.006037,-0.0059787,-0.0059675,-0.0060289,0.00034339
4.0133,-0.0060057,-0.0057276,-0.0057716,-0.0057836,-0.0057659,-0.0058109,0.0003526
4.02,-0.0060247,-0.0055653,-0.0056225,-0.0056096,-0.0055285,-0.0056701,0.0004098
4.0267,-0.0055864,-0.0053558,-0.0054576,-0.0053614,-0.0053197,-0.0054162,0.00035073
4.0333,-0.0054459,-0.0050391,-0.0051435,-0.0051183,-0.0051786,-0.0051851,0.0003764
4.04,-0.0053652,-0.0048673,-0.0049261,-0.0049388,-0.0049427,-0.005008,0.00040939
4.0467,-0.0049485,-0.004713,-0.0047246,-0.0047436,-0.0047158,-0.0047691,0.0003468
4.0533,-0.0046825,-0.0045046,-0.0044871,-0.0044533,-0.0044969,-0.0045249,0.00034195
4.06,-0.0045204,-0.0043053,-0.0042497,-0.0041842,-0.0042066,-0.0042932,0.00036382
4.0667,-0.0042362,-0.0040219,-0.0039832,-0.0039152,-0.0039888,-0.0040291,0.00035642
4.0733,-0.0041011,-0.0037225,-0.0037363,-0.0036305,-0.0037435,-0.0037868,0.0003933
4.08,-0.0040456,-0.0034587,-0.0034525,-0.0034142,-0.0034267,-0.0035595,0.000467
4.0867,-0.0034522,-0.0031514,-0.0031965,-0.0031555,-0.0031244,-0.003216,0.00036263
4.0933,-0.0032215,-0.0030113,-0.0029686,-0.0028493,-0.0028779,-0.0029857,0.00037005
4.1,-0.0028324,-0.0027037,-0.0026323,-0.0027018,-0.0026087,-0.0026958,0.00033924
4.1067,-0.0026452,-0.0023266,-0.0023087,-0.0024694,-0.0023355,-0.0024171,0.00036691
4.1133,-0.002381,-0.0021013,-0.0021031,-0.0020419,-0.0020399,-0.0021334,0.00036625
4.12,-0.0020405,-0.0017476,-0.0017852,-0.0017887,-0.0017406,-0.0018205,0.00035652
4.1267,-0.0016775,-0.0014584,-0.0014817,-0.0015036,-0.0014624,-0.0015167,0.00034051
4.1333,-0.0014797,-0.0012278,-0.0011809,-0.0011133,-0.001143,-0.001229,0.00036886
4.14,-0.0010908,-0.00089411,-0.00084303,-0.00084953,-0.00082898,-0.00090129,0.000348
4.1467,-0.0008974,-0.00058273,-0.00056751,-0.00052217,-0.00049532,-0.00061303,0.00037906
4.1533,-0.00046003,-0.00028977,-0.00027455,-0.000174,-0.00019862,-0.0002794,0.00034965
4.16,-8.8227e-05,1.2579e-05,1.3042e-05,0.0001057,9.6938e-05,2.8007e-05,0.00033522
4.1667,-1.9547e-05,0.00038961,0.00034938,0.00042769,0.000411,0.00031163,0.00039622
4.1733,0.00048528,0.00072181,0.00065816,0.0008022,0.00074465,0.00068242,0.00035452
4.18,0.00080862,0.0010174,0.0010695,0.0011766,0.0010847,0.0010314,0.00036316
4.1867,0.0011725,0.0013457,0.001435,0.0014353,0.0014158,0.0013609,0.00034949
4.1933,0.0013883,0.0016477,0.0017188,0.0017942,0.0017298,0.0016558,0.00037638
4.2,0.0015737,0.0020109,0.0020472,0.0021157,0.0021655,0.0019826,0.00043493
4.2067,0.0020693,0.0023604,0.0023635,0.0023637,0.0025018,0.0023317,0.00037687
4.2133,0.0023926,0.0026941,0.0026512,0.0026328,0.0027033,0.0026148,0.0003584
4.22,0.0027349,0.0030493,0.0029441,0.0030077,0.0029989,0.002947,0.00035682
4.2267,0.002949,0.0033777,0.003217,0.0033085,0.0032986,0.0032302,0.00038302
4.2333,0.0032581,0.003694,0.0034692,0.0036094,0.0035481,0.0035158,0.00038236
4.24,0.0034471,0.0039669,0.003733,0.0038996,0.0037856,0.0037664,0.00040753
4.2467,0.0037132,0.0042191,0.0039969,0.004084,0.0039939,0.0040014,0.00039618
4.2533,0.0040537,0.0045267,0.0042464,0.0043582,0.0042219,0.0042814,0.00038923
4.26,0.0043968,0.0047826,0.0044547,0.0045854,0.0045148,0.0045469,0.00037247
4.2667,0.0044039,0.0050544,0.0046541,0.0048126,0.0047157,0.0047281,0.00043701
4.2733,0.00461,0.0053394,0.0049522,0.0050975,0.0049224,0.0049843,0.00046271
4.28,0.0048717,0.0055621,0.0051908,0.0052453,0.0051837,0.0052107,0.00044457
4.2867,0.0050892,0.0057874,0.0053516,0.0054509,0.0054358,0.005423,0.00044887
4.2933,0.0054676,0.0060396,0.0057106,0.0057886,0.0057431,0.0057499,0.0004118
4.3,0.0055311,0.0062019,0.0060231,0.006116,0.0060133,0.0059771,0.0004587
4.3067,0.0059288,0.0064695,0.0062537,0.0063586,0.0062968,0.0062615,0.0004114
4.3133,0.0063706,0.0067466,0.006544,0.0066016,0.0065966,0.0065719,0.00036653
4.32,0.0066662,0.007021,0.0068199,0.0068707,0.0067298,0.0068215,0.00036764
4.3267,0.0068543,0.0073324,0.0071276,0.0071293,0.0070465,0.007098,0.00039045
4.3333,0.0071428,0.0075962,0.0073835,0.0074299,0.0074266,0.0073958,0.0003847
4.34,0.0074842,0.0078454,0.0076696,0.0076936,0.0077074,0.00768,0.00036472
4.3467,0.0078168,0.0081119,0.0079811,0.007952,0.0079803,0.0079684,0.00035305
4.3533,0.0078987,0.0084746,0.0082306,0.0082053,0.0081453,0.0081909,0.00041631
4.36,0.0085127,0.0086936,0.0085114,0.0084323,0.0084684,0.0085237,0.00035207
4.3667,0.0086965,0.0088627,0.0087986,0.0088173,0.0088534,0.0088057,0.00033986
4.3733,0.0088603,0.009054,0.0090043,0.009076,0.0091146,0.0090219,0.00035217
4.38,0.0091461,0.009302,0.0092787,0.0093293,0.0093668,0.0092846,0.00034678
4.3867,0.0094589,0.009587,0.0096192,0.0095718,0.0095582,0.009559,0.00033967
4.3933,0.0096782,0.0097663,0.0097763,0.0097354,0.0097914,0.0097495,0.00033634
4.4,0.010017,0.0099996,0.0099624,0.0099257,0.0099919,0.0099793,0.0003352
4.4067,0.0101,0.0102,0.01025,0.010137,0.010156,0.010169,0.00034036
4.4133,0.010303,0.010654,0.010412,0.010353,0.010396,0.010424,0.00037339
4.42,0.010386,0.010812,0.010535,0.010532,0.010587,0.01057,0.00038483
4.4267,0.010673,0.010786,0.010737,0.010759,0.010777,0.010746,0.00033872
4.4333,0.010858,0.010997,0.010945,0.010807,0.010884,0.010898,0.00034691
4.44,0.010967,0.011092,0.011057,0.010949,0.010971,0.011007,0.0003438
4.4467,0.010952,0.011165,0.011182,0.011202,0.011173,0.011135,0.00035861
4.4533,0.011278,0.011282,0.011338,0.011208,0.011308,0.011283,0.00034072
4.46,0.011468,0.011402,0.011398,0.011308,0.01139,0.011393,0.00034298
4.4667,0.011422,0.011491,0.011456,0.011403,0.01151,0.011456,0.00034045
4.4733,0.011574,0.011587,0.011474,0.011519,0.011541,0.011539,0.00034068
4.48,0.011758,0.011661,0.011581,0.011572,0.011647,0.011644,0.00034889
4.4867,0.011734,0.011731,0.011688,0.011614,0.011754,0.011704,0.00034349
4.4933,0.011757,0.011764,0.011702,0.011704,0.011783,0.011742,0.00033965
4.5,0.011758,0.01181,0.011714,0.011793,0.011894,0.011794,0.00034684
4.5067,0.012008,0.011814,0.011714,0.011794,0.011864,0.011839,0.00036296
4.5133,0.011871,0.011822,0.011743,0.011799,0.011839,0.011815,0.00034199
4.52,0.011942,0.011828,0.011825,0.011746,0.011829,0.011834,0.00034785
4.5267,0.011888,0.011732,0.011829,0.011772,0.011839,0.011812,0.00034506
4.5333,0.011785,0.011774,0.011793,0.011757,0.011872,0.011796,0.0003412
4.54,0.011705,0.011843,0.011764,0.011688,0.011802,0.01176,0.00034611
4.5467,0.011805,0.011715,0.011668,0.011667,0.011726,0.011716,0.00034374
4.5533,0.011756,0.01162,0.011623,0.01163,0.011658,0.011658,0.00034372
4.56,0.011652,0.011533,0.011592,0.011551,0.011521,0.01157,0.00034255
4.5667,0.011552,0.011606,0.011208,0.011519,0.011452,0.011467,0.0003874
4.5733,0.011571,0.011537,0.011169,0.011408,0.011406,0.011418,0.00038859
4.58,0.01152,0.011295,0.011284,0.011271,0.011359,0.011346,0.00035914
4.5867,0.011242,0.011181,0.011111,0.011155,0.011258,0.011189,0.00034351
4.5933,0.01127,0.011058,0.011028,0.011044,0.011058,0.011092,0.0003573
4.6,0.01094,0.010899,0.010955,0.010923,0.01092,0.010927,0.00033551
4.6067,0.010861,0.01077,0.010722,0.010696,0.010797,0.010769,0.00034363
4.6133,0.010782,0.010607,0.01058,0.010522,0.01058,0.010614,0.00035558
4.62,0.010702,0.01041,0.010493,0.010448,0.010418,0.010494,0.00036558
4.6267,0.010466,0.010269,0.010218,0.010253,0.010266,0.010294,0.00035446
4.6333,0.010254,0.010076,0.010052,0.010031,0.010113,0.010105,0.0003503
4.64,0.010043,0.0098706,0.0098926,0.009804,0.0099357,0.0099092,0.00034983
4.6467,0.0098316,0.0096399,0.009965,0.0096143,0.0097126,0.0097527,0.00037776
4.6533,0.0096201,0.0093206,0.0095072,0.0095614,0.0094578,0.0094934,0.00036013
4.66,0.0093836,0.0091514,0.0090693,0.0094137,0.0089354,0.0091907,0.00041728
4.6667,0.0092198,0.0090669,0.009027,0.0090022,0.0087745,0.0090181,0.00038544
4.6733,0.0089157,0.0088189,0.0087843,0.0087436,0.0087889,0.0088103,0.00033938
4.68,0.008803,0.0084762,0.008494,0.0084849,0.0085198,0.0085556,0.00037185
4.6867,0.0084141,0.0081768,0.0082185,0.0082422,0.0082469,0.0082597,0.00034737
4.6933,0.0082172,0.0077968,0.0078965,0.0079524,0.0079223,0.007957,0.00038143
4.7,0.0078793,0.0074816,0.0075851,0.0076514,0.0075992,0.0076393,0.0003753
4.7067,0.0074894,0.0072241,0.007336,0.0073028,0.0073062,0.0073317,0.00034862
4.7133,0.0072423,0.0069946,0.0070547,0.0070652,0.0070329,0.007078,0.00034752
4.72,0.0068768,0.0066625,0.0066656,0.0068333,0.0066358,0.0067348,0.00035413
4.7267,0.0065865,0.0062601,0.0062753,0.0062955,0.0062969,0.0063429,0.0003672
4.7333,0.0062936,0.0059751,0.0059322,0.0059049,0.0059965,0.0060204,0.0003788
4.74,0.0059271,0.0055923,0.0056038,0.0056618,0.0055861,0.0056742,0.00037075
4.7467,0.0054834,0.0051926,0.0052871,0.0053239,0.0052652,0.0053104,0.0003506
4.7533,0.0051611,0.0048615,0.004927,0.0047857,0.0048105,0.0049092,0.00037381
4.76,0.0048188,0.0044893,0.0045457,0.004422,0.0045544,0.0045661,0.00037351
4.7667,0.0044541,0.0043259,0.0042486,0.0041847,0.0042442,0.0042915,0.00034761
4.7733,0.0042035,0.0039024,0.0038663,0.0036464,0.0038407,0.0038919,0.00040731
4.78,0.0037106,0.0033721,0.0034813,0.0033087,0.003487,0.0034719,0.00037407
4.7867,0.0034167,0.0030701,0.0031038,0.0031503,0.0030677,0.0031617,0.00036962
4.7933,0.0030054,0.0027507,0.0026988,0.0027014,0.0027302,0.0027773,0.00035942
4.8,0.0027877,0.0023352,0.0023587,0.0024112,0.0023818,0.0024549,0.00039731
4.8067,0.0022429,0.0019475,0.0020129,0.0021209,0.0020439,0.0020736,0.00035064
4.8133,0.0019688,0.0016598,0.0014837,0.0017252,0.0017394,0.0017154,0.00038721
4.82,0.0016795,0.0013236,0.0012013,0.0013084,0.0014664,0.0013958,0.00039425
4.8267,0.0012099,0.00094228,0.0010391,0.0010128,0.0010403,0.0010489,0.00034329
4.8333,0.00088752,0.00061614,0.00067893,0.00063308,0.00060464,0.00068406,0.00035219
4.84,0.0005712,0.00023911,0.0002834,0.00031678,0.00031704,0.00034551,0.00035909
4.8467,-0.00016666,-9.3084e-05,-5.4079e-05,-5.2526e-05,-6.2674e-05,-8.5805e-05,0.00032618
4.8533,-0.0001578,-0.0004034,-0.00038818,-0.00042753,-0.00047939,-0.00037126,0.00035585
4.86,-0.00058991,-0.00075816,-0.00077201,-0.00072301,-0.00079085,-0.00072679,0.00033592
4.8667,-0.00083086,-0.0010428,-0.0011242,-0.0010552,-0.0011562,-0.0010419,0.00035747
4.8733,-0.0011722,-0.0013383,-0.0014843,-0.0013405,-0.0015465,-0.0013764,0.00036841
4.88,-0.0015656,-0.0017539,-0.0018947,-0.0016517,-0.0018753,-0.0017483,0.00036605
4.8867,-0.0019079,-0.0021711,-0.0022007,-0.0020845,-0.0021777,-0.0021084,0.0003543
4.8933,-0.0022295,-0.0025406,-0.0024552,-0.0025118,-0.0025547,-0.0024584,0.00036161
4.9,-0.0026739,-0.0028373,-0.0027888,-0.0028758,-0.0028288,-0.0028009,0.00033565
4.9067,-0.0029122,-0.0031329,-0.0031584,-0.0031926,-0.003164,-0.003112,0.00035139
4.9133,-0.0031852,-0.0034612,-0.0034989,-0.0035407,-0.0036075,-0.0034587,0.00037987
4.92,-0.0037293,-0.0037632,-0.0038442,-0.0039048,-0.0039015,-0.0038286,0.00033729
4.9267,-0.0039468,-0.0041259,-0.0041557,-0.0041684,-0.0042431,-0.004128,0.00035042
4.9333,-0.0043315,-0.0043306,-0.0044776,-0.0044164,-0.0045323,-0.0044177,0.00034137
4.94,-0.0046001,-0.0045891,-0.0048034,-0.00477,-0.004821,-0.0047167,0.00035242
4.9467,-0.0048904,-0.0049942,-0.005108,-0.0051287,-0.0051442,-0.0050531,0.0003505
4.9533,-0.0051807,-0.0053203,-0.0053957,-0.0054296,-0.0053937,-0.005344,0.00034681
4.96,-0.0054709,-0.0056101,-0.0056452,-0.0057093,-0.0056892,-0.0056249,0.00034486
4.9667,-0.0057952,-0.0059872,-0.0059989,-0.0060101,-0.0061191,-0.0059821,0.00035588
4.9733,-0.0063252,-0.0062183,-0.0062876,-0.0063002,-0.0064027,-0.0063068,0.00033567
4.98,-0.0064206,-0.006416,-0.0065182,-0.0065851,-0.0066389,-0.0065158,0.00034793
4.9867,-0.0067308,-0.0068924,-0.0068085,-0.006786,-0.0069092,-0.0068254,0.00033902
4.9933,-0.0068784,-0.0071076,-0.0071131,-0.0070499,-0.0071784,-0.0070655,0.00035587
5,-0.0072915,-0.0072488,-0.0073865,-0.0073556,-0.0074516,-0.0073468,0.00034155
5.0067,-0.0075801,-0.0075481,-0.0076386,-0.0076721,-0.0077181,-0.0076314,0.00033833
5.0133,-0.0078461,-0.007841,-0.0078877,-0.0078887,-0.0079793,-0.0078886,0.00033506
5.02,-0.0081355,-0.0080705,-0.0081399,-0.0081369,-0.0082311,-0.0081428,0.00033599
5.0267,-0.0082716,-0.008243,-0.0083455,-0.0084164,-0.008524,-0.0083601,0.00035786
5.0333,-0.0085306,-0.0084714,-0.0085619,-0.008633,-0.0087535,-0.0085901,0.00035566
5.04,-0.0087689,-0.0087061,-0.0087823,-0.0088649,-0.0089408,-0.0088126,0.00034861
5.0467,-0.0089293,-0.0089462,-0.0089959,-0.0090391,-0.0092246,-0.009027,0.00036145
5.0533,-0.0091658,-0.0091667,-0.0092624,-0.0093664,-0.0094081,-0.0092739,0.00035852
5.06,-0.0094543,-0.0093512,-0.0094655,-0.0096725,-0.0095768,-0.0095041,0.00036488
5.0667,-0.0094658,-0.0095506,-0.009612,-0.0096936,-0.0098259,-0.0096296,0.00037299
5.0733,-0.0097922,-0.0097038,-0.0099007,-0.0099047,-0.010005,-0.0098613,0.00036175
5.08,-0.009982,-0.009882,-0.010122,-0.010158,-0.010152,-0.010059,0.00036527
5.0867,-0.010161,-0.010105,-0.010332,-0.010358,-0.010339,-0.010259,0.00036326
5.0933,-0.010204,-0.010272,-0.010504,-0.010438,-0.010449,-0.010373,0.00036917
5.1,-0.010537,-0.010418,-0.010571,-0.010607,-0.01062,-0.01055,0.00034824
5.1067,-0.010846,-0.010562,-0.010737,-0.010749,-0.010852,-0.010749,0.00036439
5.1133,-0.010959,-0.01068,-0.010917,-0.010912,-0.010993,-0.010892,0.00036774
5.12,-0.011064,-0.010829,-0.011063,-0.011097,-0.011128,-0.011036,0.00036592
5.1267,-0.011167,-0.01081,-0.011192,-0.011176,-0.011214,-0.011112,0.0003956
5.1333,-0.011227,-0.010959,-0.011283,-0.011303,-0.01124,-0.011203,0.00037723
5.14,-0.011433,-0.011294,-0.011305,-0.011382,-0.011426,-0.011368,0.00034534
5.1467,-0.011536,-0.011384,-0.011423,-0.011493,-0.01154,-0.011475,0.0003466
5.1533,-0.011541,-0.011448,-0.011631,-0.01143,-0.011559,-0.011522,0.00035148
5.16,-0.011592,-0.011548,-0.011744,-0.011446,-0.011682,-0.011602,0.00036574
5.1667,-0.011798,-0.011601,-0.01184,-0.011794,-0.011855,-0.011777,0.00035976
5.1733,-0.011883,-0.01174,-0.012059,-0.011799,-0.01188,-0.011872,0.0003684
5.18,-0.011987,-0.01185,-0.012044,-0.01192,-0.011992,-0.011959,0.00034973
5.1867,-0.012092,-0.011862,-0.011969,-0.01211,-0.012137,-0.012034,0.00036658
5.1933,-0.012172,-0.011891,-0.012063,-0.012216,-0.012178,-0.012104,0.00037518
5.2,-0.012225,-0.011943,-0.012154,-0.0121,-0.012202,-0.012125,0.00036513
5.2067,-0.012155,-0.01204,-0.012189,-0.012179,-0.012347,-0.012182,0.00036413
5.2133,-0.012347,-0.012128,-0.012233,-0.012263,-0.012335,-0.012261,0.00035532
5.22,-0.012277,-0.012108,-0.012211,-0.0123,-0.012272,-0.012234,0.00035128
5.2267,-0.012332,-0.012059,-0.012221,-0.012348,-0.012308,-0.012253,0.00036898
5.2333,-0.012428,-0.01209,-0.012312,-0.012279,-0.012351,-0.012292,0.00037234
5.24,-0.012304,-0.012169,-0.012304,-0.01229,-0.012372,-0.012288,0.00035015
5.2467,-0.012279,-0.012118,-0.012298,-0.012321,-0.012346,-0.012272,0.00035591
5.2533,-0.012305,-0.012119,-0.012293,-0.012263,-0.01229,-0.012254,0.00035114
5.26,-0.012357,-0.012149,-0.012283,-0.012248,-0.012298,-0.012267,0.0003511
5.2667,-0.012331,-0.011835,-0.012324,-0.012226,-0.012276,-0.012199,0.00042463
5.2733,-0.012328,-0.011888,-0.012246,-0.012216,-0.012098,-0.012155,0.00039851
5.28,-0.012251,-0.012068,-0.012149,-0.012205,-0.012035,-0.012141,0.00035598
5.2867,-0.012224,-0.011962,-0.012093,-0.012131,-0.012099,-0.012102,0.00035712
5.2933,-0.012173,-0.011929,-0.012029,-0.012074,-0.012137,-0.012068,0.00035778
5.3,-0.012146,-0.011912,-0.012034,-0.011978,-0.012048,-0.012024,0.00035404
5.3067,-0.01194,-0.011932,-0.011956,-0.011878,-0.011936,-0.011928,0.00033902
5.3133,-0.011909,-0.011837,-0.011815,-0.011778,-0.011781,-0.011824,0.00034323
5.32,-0.011908,-0.011657,-0.011738,-0.011725,-0.01166,-0.011738,0.00035965
5.3267,-0.011728,-0.011612,-0.011642,-0.011588,-0.011575,-0.011629,0.00034464
5.3333,-0.011666,-0.011595,-0.011554,-0.011419,-0.011429,-0.011533,0.00036141
5.34,-0.011486,-0.011412,-0.011443,-0.011403,-0.011343,-0.011417,0.00034201
5.3467,-0.011335,-0.011282,-0.011256,-0.011245,-0.011273,-0.011278,0.0003381
5.3533,-0.011368,-0.011136,-0.011117,-0.010923,-0.011066,-0.011122,0.00038999
5.36,-0.011064,-0.01093,-0.01098,-0.010849,-0.010935,-0.010952,0.00034847
5.3667,-0.010958,-0.010845,-0.010867,-0.010812,-0.01079,-0.010854,0.00034383
5.3733,-0.010823,-0.010673,-0.010728,-0.010596,-0.01057,-0.010678,0.00035724
5.38,-0.010589,-0.010499,-0.010546,-0.01049,-0.010458,-0.010517,0.00033948
5.3867,-0.010508,-0.010362,-0.010344,-0.010269,-0.010318,-0.01036,0.00035123
5.3933,-0.010374,-0.010149,-0.010136,-0.0099995,-0.010092,-0.01015,0.00037431
5.4,-0.010141,-0.0099979,-0.00998,-0.0098784,-0.0099131,-0.009982,0.00035511
5.4067,-0.0099318,-0.0098314,-0.0097754,-0.0097146,-0.0097233,-0.0097953,0.00034988
5.4133,-0.0097922,-0.0095797,-0.0095407,-0.0095401,-0.0095583,-0.0096022,0.00035718
5.42,-0.0095072,-0.0093739,-0.0093444,-0.0093134,-0.0091333,-0.0093344,0.00037054
5.4267,-0.0093182,-0.0090705,-0.0091451,-0.0091132,-0.0088974,-0.0091089,0.00037986
5.4333,-0.0090151,-0.0088081,-0.0087597,-0.0088864,-0.0088698,-0.0088678,0.0003509
5.44,-0.0089535,-0.0086617,-0.0085804,-0.0086172,-0.0086388,-0.0086903,0.0003785
5.4467,-0.0086156,-0.0086046,-0.0084249,-0.0084114,-0.0083633,-0.008484,0.00035991
5.4533,-0.0084231,-0.0083261,-0.0081568,-0.0081897,-0.0080413,-0.0082274,0.00037718
5.46,-0.0081615,-0.007929,-0.0079428,-0.0079154,-0.0078314,-0.007956,0.00036172
5.4667,-0.0078989,-0.0075519,-0.0076911,-0.0076831,-0.0075781,-0.0076806,0.00036894
5.4733,-0.007658,-0.0073213,-0.0073838,-0.0074405,-0.0072841,-0.0074175,0.00037461
5.48,-0.0073435,-0.0071521,-0.0072151,-0.0071976,-0.0070297,-0.0071876,0.00035569
5.4867,-0.0071008,-0.006874,-0.0069856,-0.0068969,-0.0068262,-0.0069367,0.00035298
5.4933,-0.0067232,-0.0065841,-0.0066044,-0.006591,-0.0065492,-0.0066104,0.000336
5.5,-0.0066841,-0.0062791,-0.0062929,-0.00629,-0.0062551,-0.0063602,0.00039591
5.5067,-0.0063427,-0.0059767,-0.0060725,-0.0060047,-0.0060151,-0.0060823,0.00037436
5.5133,-0.0060481,-0.0056864,-0.0057716,-0.0057462,-0.0057078,-0.005792,0.00037232
5.52,-0.0056815,-0.0053962,-0.0054047,-0.0054351,-0.005379,-0.0054593,0.00035987
5.5267,-0.0054648,-0.0051059,-0.0051636,-0.0052086,-0.0050332,-0.0051952,0.00038275
5.5333,-0.005075,-0.004787,-0.0048748,-0.0049869,-0.0047513,-0.004895,0.00036466
5.54,-0.004679,-0.0044733,-0.0045226,-0.0045117,-0.0044678,-0.0045309,0.0003403
5.5467,-0.0044675,-0.0040958,-0.0041625,-0.0041421,-0.0040813,-0.0041898,0.00037812
5.5533,-0.0042257,-0.0037489,-0.0038247,-0.0038573,-0.0037894,-0.0038892,0.00040126
5.56,-0.003835,-0.0035284,-0.0035053,-0.0034932,-0.0032852,-0.0035294,0.0004043
5.5667,-0.0034425,-0.0030971,-0.0031041,-0.0031978,-0.0029118,-0.0031507,0.00040147
5.5733,-0.0031443,-0.0027395,-0.0028006,-0.0028493,-0.0027574,-0.0028582,0.00038163
5.58,-0.0027267,-0.0024625,-0.0024563,-0.0024378,-0.0023894,-0.0024946,0.00036128
5.5867,-0.0024599,-0.0020812,-0.0020687,-0.0020054,-0.0020309,-0.0021292,0.00039652
5.5933,-0.0021228,-0.0017555,-0.001781,-0.0015992,-0.001767,-0.0018051,0.00040003
5.6,-0.0018559,-0.0014218,-0.0014738,-0.0013878,-0.001416,-0.0015111,0.0004022
5.6067,-0.0014859,-0.00092171,-0.0010586,-0.00105,-0.0010087,-0.001105,0.0004211
5.6133,-0.0010934,-0.00059062,-0.00072867,-0.00069683,-0.00064217,-0.00075034,0.00040479
5.62,-0.00077448,-0.00026757,-0.00040144,-0.00034297,-0.00029904,-0.0004171,0.00041019
5.6267,-0.0007257,1.6425e-06,-3.7126e-05,-1.5774e-05,4.4086e-05,-0.00014657,0.0005155
5.6333,-7.1856e-05,0.00029867,0.0003086,0.00037972,0.00037246,0.00025752,0.00039641
5.64,0.00033377,0.00071538,0.00069251,0.00065942,0.00071827,0.00062387,0.0003798
5.6467,0.00070118,0.0011574,0.0010156,0.0010975,0.001073,0.0010089,0.00039054
5.6533,0.0010209,0.0015281,0.0013953,0.0015512,0.0014449,0.0013881,0.00041713
5.66,0.0013632,0.0018353,0.0017977,0.0018254,0.0018261,0.0017295,0.0004099
5.6667,0.0017619,0.0021785,0.0021408,0.0021476,0.0021809,0.0020819,0.00039115
5.6733,0.0022538,0.0025068,0.0025707,0.0024749,0.0024807,0.0024574,0.00035423
5.68,0.0025763,0.002896,0.0028543,0.0028125,0.0028317,0.0027942,0.00035746
5.6867,0.0028493,0.0032286,0.003163,0.0031872,0.0032246,0.0031305,0.00037789
5.6933,0.0033559,0.0035532,0.0035945,0.0035352,0.0035504,0.0035178,0.00034226
5.7,0.003526,0.0039488,0.0039175,0.003947,0.0039712,0.0038621,0.00039866
5.7067,0.0038735,0.0042719,0.0042977,0.0042745,0.0043974,0.004223,0.00040873
5.7133,0.0043396,0.0046082,0.0046857,0.0046173,0.0046681,0.0045838,0.00036716
5.72,0.0046871,0.0049747,0.0050749,0.0049918,0.0049806,0.0049418,0.00037211
5.7267,0.00498,0.005376,0.0053927,0.0053404,0.0053471,0.0052873,0.00038874
5.7333,0.0053466,0.0057085,0.0056619,0.0056517,0.0056903,0.0056118,0.00037401
5.74,0.0057165,0.0060475,0.0060219,0.0059999,0.0059896,0.0059551,0.00036565
5.7467,0.006083,0.0063827,0.0063594,0.0062584,0.0063259,0.0062819,0.00035813
5.7533,0.0063812,0.0066899,0.0067078,0.0066437,0.0066785,0.0066202,0.00036677
5.76,0.0068239,0.0070474,0.0070747,0.0069814,0.0070385,0.0069932,0.00034945
5.7667,0.0070882,0.0073154,0.0073307,0.0072662,0.0073326,0.0072666,0.00035111
5.7733,0.0073534,0.0076597,0.0076315,0.0077196,0.0075436,0.0075816,0.00037209
5.78,0.0076687,0.0080039,0.0080127,0.0079464,0.0078561,0.0078976,0.00037254
5.7867,0.0079097,0.0082557,0.0083237,0.0082367,0.008194,0.008184,0.00038407
5.7933,0.0082458,0.0085339,0.0086019,0.0085058,0.0085276,0.008483,0.00037065
5.8,0.0084867,0.0088098,0.0088922,0.0087855,0.0088391,0.0087627,0.0003844
5.8067,0.0088532,0.0090884,0.0091682,0.0090971,0.0091467,0.0090707,0.00036547
5.8133,0.009147,0.0092333,0.0094468,0.0093611,0.009446,0.0093268,0.00036975
5.82,0.0094624,0.0095062,0.0095045,0.0096141,0.0096661,0.0095507,0.00034786
5.8267,0.0094522,0.0098652,0.0097789,0.0098938,0.0099236,0.0097827,0.0004089
5.8333,0.0098783,0.0101,0.010154,0.010195,0.010153,0.010096,0.00036757
5.84,0.010149,0.010354,0.010396,0.010411,0.010355,0.010333,0.00035813
5.8467,0.010385,0.0105,0.010614,0.010532,0.010592,0.010525,0.00035183
5.8533,0.010595,0.010672,0.010787,0.010696,0.010902,0.01073,0.00036474
5.86,0.010729,0.010918,0.010928,0.010981,0.011112,0.010934,0.00037582
5.8667,0.010984,0.011071,0.011091,0.011097,0.011249,0.011099,0.00035537
5.8733,0.011003,0.011162,0.011288,0.011182,0.011303,0.011188,0.00036702
5.88,0.01131,0.011343,0.0114,0.011303,0.011308,0.011333,0.00033929
5.8867,0.011291,0.011447,0.011496,0.011461,0.011449,0.011429,0.00034999
5.8933,0.011494,0.011493,0.011585,0.011519,0.011631,0.011544,0.00034447
5.9,0.011705,0.011613,0.01171,0.011509,0.011804,0.011668,0.00036385
5.9067,0.011759,0.011687,0.011822,0.011778,0.011872,0.011784,0.00034751
5.9133,0.011838,0.011771,0.011904,0.01192,0.012049,0.011897,0.00036062
5.92,0.011942,0.011831,0.011893,0.01191,0.012102,0.011936,0.00035977
5.9267,0.011945,0.01186,0.011977,0.011936,0.012019,0.011947,0.00034486
5.9333,0.012024,0.011956,0.012083,0.01201,0.012106,0.012036,0.00034544
5.94,0.012154,0.011972,0.012098,0.012068,0.012162,0.012091,0.00035081
5.9467,0.012008,0.012024,0.012154,0.012132,0.012121,0.012088,0.00034748
5.9533,0.012226,0.012109,0.012232,0.012174,0.012126,0.012173,0.00034479
5.96,0.01226,0.012092,0.012283,0.012258,0.012194,0.012217,0.00035124
5.9667,0.012315,0.012039,0.012251,0.012258,0.012258,0.012224,0.00036289
5.9733,0.012435,0.012088,0.012273,0.012242,0.012224,0.012253,0.00037148
5.98,0.012312,0.012119,0.012219,0.012289,0.012279,0.012244,0.00035145
5.9867,0.012263,0.012095,0.012209,0.012268,0.012304,0.012228,0.00035272
5.9933,0.012309,0.01208,0.012297,0.012247,0.012169,0.01222,0.00035818
6,0.01226,0.012184,0.012292,0.012231,0.012156,0.012225,0.00034472
6.0067,0.01253,0.012178,0.01221,0.012163,0.012174,0.012251,0.00038995
6.0133,0.012241,0.012051,0.012076,0.012142,0.012194,0.012141,0.00035171
6.02,0.01218,0.011943,0.012019,0.012136,0.012142,0.012084,0.00035933
6.0267,0.012103,0.011971,0.01203,0.012031,0.012013,0.01203,0.00034247
6.0333,0.012073,0.012013,0.012001,0.011804,0.011995,0.011977,0.00036004
6.04,0.011995,0.011946,0.011862,0.011725,0.011917,0.011889,0.00036069
6.0467,0.01177,0.011751,0.011767,0.011836,0.01179,0.011783,0.00033912
6.0533,0.011881,0.011693,0.01168,0.011736,0.011595,0.011717,0.00036088
6.06,0.011758,0.01165,0.01155,0.011614,0.011493,0.011613,0.00035877
6.0667,0.011725,0.011523,0.011416,0.011361,0.011488,0.011503,0.00037778
6.0733,0.011496,0.01143,0.011316,0.011118,0.011362,0.011345,0.00038003
6.08,0.01131,0.011339,0.010958,0.01116,0.011164,0.011186,0.00038428
6.0867,0.01113,0.011158,0.010758,0.011055,0.010953,0.011011,0.00039059
6.0933,0.01109,0.010938,0.01073,0.010881,0.010799,0.010888,0.0003758
6.1,0.010835,0.010782,0.010557,0.010659,0.010665,0.0107,0.00036067
6.1067,0.010775,0.010665,0.010387,0.010416,0.010492,0.010547,0.00039274
6.1133,0.010516,0.010458,0.010127,0.010253,0.010235,0.010318,0.00038978
6.12,0.010202,0.010225,0.0099435,0.010031,0.010049,0.01009,0.00036424
6.1267,0.009965,0.0099827,0.0098182,0.0097829,0.0097666,0.0098631,0.00035575
6.1333,0.0097527,0.0096199,0.0095612,0.009646,0.0094921,0.0096144,0.00035278
6.14,0.0095421,0.0094005,0.0092882,0.0094877,0.0093023,0.0094042,0.0003588
6.1467,0.0094026,0.0092609,0.0090361,0.0090656,0.0090358,0.0091602,0.0003887
6.1533,0.0090656,0.0089775,0.0087575,0.0087963,0.0087889,0.0088771,0.00037068
6.16,0.0086973,0.0086925,0.008482,0.0085639,0.0085055,0.0085882,0.00035272
6.1667,0.0084079,0.0083969,0.0082185,0.0081261,0.0081918,0.0082683,0.00036455
6.1733,0.0081418,0.0081267,0.0078965,0.007736,0.0078868,0.0079575,0.00039245
6.18,0.0078265,0.007785,0.0076142,0.0075776,0.0075844,0.0076775,0.00035922
6.1867,0.007485,0.0074091,0.0072583,0.0072872,0.0072798,0.0073439,0.00034911
6.1933,0.0071671,0.0071505,0.006914,0.0069387,0.0069345,0.0070209,0.00036217
6.2,0.0068508,0.0067799,0.0065746,0.0066224,0.0065649,0.0066785,0.00036326
6.2067,0.0064807,0.0063658,0.0062247,0.0062427,0.0062678,0.0063163,0.00035135
6.2133,0.0060883,0.0060517,0.005891,0.0058628,0.0058855,0.0059559,0.00035026
6.22,0.0057685,0.0057324,0.0056234,0.0055092,0.0055295,0.0056326,0.00035522
6.2267,0.0054003,0.005404,0.0052792,0.0051396,0.0051906,0.0052827,0.00035652
6.2333,0.0050572,0.0050439,0.0048915,0.0050181,0.0047972,0.0049616,0.00035265
6.24,0.00474,0.0046479,0.0044733,0.0046807,0.0044567,0.0045997,0.00035983
6.2467,0.0043942,0.0042667,0.004146,0.0041105,0.0041114,0.0042058,0.0003572
6.2533,0.0039784,0.0039552,0.0038018,0.0037357,0.0036984,0.0038339,0.00035895
6.26,0.0036585,0.003619,0.003385,0.0033929,0.0033515,0.0034814,0.00036909
6.2667,0.0032921,0.0032667,0.0031027,0.0029764,0.0031024,0.0031481,0.00036049
6.2733,0.0030198,0.002921,0.0027897,0.0025964,0.0027053,0.0028065,0.00038351
6.28,0.0026031,0.0026095,0.0023794,0.0023325,0.0023373,0.0024524,0.00036641
6.2867,0.0023102,0.0022442,0.0019865,0.0019524,0.0019688,0.0020924,0.00038481
6.2933,0.0019438,0.0018105,0.0016751,0.0016356,0.0015808,0.0017292,0.00036925
6.3,0.0016006,0.0015191,0.0013674,0.001467,0.0013222,0.0014553,0.00035007
6.3067,0.0013068,0.0011744,0.0010247,0.0012138,0.00090821,0.0011256,0.00037633
6.3133,0.00091346,0.00078641,0.00065291,0.00067032,0.00056012,0.00071664,0.00036263
6.32,0.00049233,0.00047011,0.000286,0.00030621,0.00034343,0.00037962,0.00034183
6.3267,0.0003509,0.0001243,-2.806e-05,-7.3667e-05,-2.1897e-05,7.0315e-05,0.00038637
6.3333,-5.779e-05,-0.00020184,-0.00034741,-0.00034297,-0.00036885,-0.00026377,0.00036059
6.34,-0.00035248,-0.00053549,-0.0006324,-0.00064934,-0.00061835,-0.00055761,0.00035507
6.3467,-0.00069572,-0.0008465,-0.00098565,-0.00095003,-0.0010154,-0.00089866,0.00035916
6.3533,-0.0010621,-0.0011685,-0.0012888,-0.0012875,-0.0013253,-0.0012264,0.00034834
6.36,-0.001355,-0.0015233,-0.0015315,-0.0016462,-0.0015733,-0.0015259,0.00034744
6.3667,-0.0015977,-0.001866,-0.0019233,-0.001947,-0.0018583,-0.0018385,0.00036493
6.3733,-0.0019877,-0.0021801,-0.002137,-0.0022479,-0.0022263,-0.0021558,0.00034586
6.38,-0.0023836,-0.0024704,-0.0024563,-0.0025805,-0.0028027,-0.0025387,0.00038017
6.3867,-0.0024981,-0.0027897,-0.0028481,-0.0028602,-0.0030413,-0.0028075,0.00040398
6.3933,-0.0028602,-0.0031472,-0.0031293,-0.0031503,-0.0031681,-0.003091,0.00035986
6.4,-0.0032805,-0.0034586,-0.0034894,-0.0033085,-0.0034267,-0.0033927,0.00034206
6.4067,-0.0034217,-0.0037081,-0.0037835,-0.0035989,-0.0036668,-0.0036358,0.00036441
6.4133,-0.0038056,-0.004018,-0.0039801,-0.0040894,-0.004003,-0.0039792,0.00034802
6.42,-0.0041253,-0.0044019,-0.0042376,-0.0044272,-0.0043405,-0.0043065,0.00035816
6.4267,-0.0043653,-0.0048994,-0.0045543,-0.0047018,-0.0045731,-0.0046188,0.00040571
6.4333,-0.0046825,-0.0050878,-0.0048129,-0.0048547,-0.0047871,-0.004845,0.0003731
6.44,-0.005101,-0.0051735,-0.0049223,-0.005092,-0.0050245,-0.0050626,0.00034429
6.4467,-0.0053842,-0.0054373,-0.0052099,-0.0053767,-0.0053925,-0.0053601,0.00034163
6.4533,-0.005478,-0.0057012,-0.005624,-0.0056249,-0.0056062,-0.0056068,0.00033951
6.46,-0.0057612,-0.0059216,-0.00588,-0.0059734,-0.0057949,-0.0058662,0.0003425
6.4667,-0.0059995,-0.0061786,-0.0061517,-0.0062687,-0.0060652,-0.0061327,0.00034976
6.4733,-0.0062595,-0.0064663,-0.0063786,-0.0064215,-0.0063196,-0.0063691,0.00034088
6.48,-0.0064467,-0.0067158,-0.0065832,-0.006712,-0.0066099,-0.0066135,0.00035353
6.4867,-0.0066859,-0.0069241,-0.006847,-0.0068811,-0.0068568,-0.006839,0.00034499
6.4933,-0.0069708,-0.0071087,-0.0070675,-0.0070606,-0.0070244,-0.0070464,0.00033273
6.5,-0.0071589,-0.0073662,-0.0073102,-0.0072979,-0.0072285,-0.0072723,0.00034163
6.5067,-0.0073964,-0.0075813,-0.0075276,-0.0074875,-0.0073618,-0.0074709,0.00034613
6.5133,-0.0076312,-0.0077855,-0.0076424,-0.0077145,-0.0076351,-0.0076817,0.00033803
6.52,-0.0077923,-0.0079622,-0.0078813,-0.0079363,-0.0079646,-0.0079073,0.00034007
6.5267,-0.0080548,-0.0082275,-0.0081198,-0.0081315,-0.008219,-0.0081505,0.00034054
6.5333,-0.0082646,-0.0084639,-0.0083388,-0.0082632,-0.0083935,-0.0083448,0.00034571
6.54,-0.0083989,-0.008642,-0.0084403,-0.0085218,-0.0085308,-0.0085068,0.00034904
6.5467,-0.0086337,-0.0089085,-0.0085909,-0.0087911,-0.0086863,-0.0087221,0.00036596
6.5533,-0.0087958,-0.0090825,-0.0088933,-0.0088649,-0.0088037,-0.008888,0.00036
6.56,-0.0089795,-0.0092195,-0.0091107,-0.0090495,-0.0089962,-0.0090711,0.00035172
6.5667,-0.0091121,-0.0093607,-0.0092398,-0.0092236,-0.0093035,-0.0092479,0.00035034
6.5733,-0.0092706,-0.0094517,-0.0094036,-0.0093611,-0.0094145,-0.0093803,0.00034186
6.58,-0.0094543,-0.0094438,-0.0094988,-0.0095087,-0.0094805,-0.0094772,0.00033288
6.5867,-0.0095921,-0.0096838,-0.0096293,-0.0096881,-0.0096651,-0.0096517,0.00033526
6.5933,-0.0098676,-0.009953,-0.0098229,-0.0097465,-0.0097915,-0.0098363,0.00034598
6.6,-0.0099032,-0.010032,-0.0099521,-0.0098309,-0.009929,-0.0099295,0.00034431
6.6067,-0.010112,-0.010198,-0.010087,-0.010026,-0.010085,-0.010102,0.00034141
6.6133,-0.010245,-0.010319,-0.010245,-0.010132,-0.010188,-0.010226,0.00034405
6.62,-0.010352,-0.010433,-0.010403,-0.010284,-0.01031,-0.010357,0.00034185
6.6267,-0.01053,-0.010517,-0.010489,-0.010379,-0.010454,-0.010474,0.00034167
6.6333,-0.010538,-0.010603,-0.010487,-0.010511,-0.010571,-0.010542,0.00033846
6.64,-0.010589,-0.010718,-0.010576,-0.010617,-0.010779,-0.010656,0.00035135
6.6467,-0.010817,-0.010754,-0.010732,-0.010617,-0.010865,-0.010757,0.00035394
6.6533,-0.010778,-0.010826,-0.010864,-0.010749,-0.010844,-0.010812,0.00033939
6.66,-0.010827,-0.010929,-0.010952,-0.010875,-0.010929,-0.010902,0.00034029
6.6667,-0.011006,-0.010965,-0.010976,-0.010854,-0.011032,-0.010967,0.00034505
6.6733,-0.01104,-0.011052,-0.011063,-0.010897,-0.011111,-0.011033,0.00034931
6.68,-0.011143,-0.011094,-0.01112,-0.011029,-0.011147,-0.011106,0.0003402
6.6867,-0.011272,-0.011099,-0.011151,-0.011092,-0.011205,-0.011164,0.00034795
6.6933,-0.011325,-0.011166,-0.011332,-0.01115,-0.011267,-0.011248,0.00035187
6.7,-0.011302,-0.01126,-0.011364,-0.011186,-0.011293,-0.011281,0.00034484
6.7067,-0.011403,-0.011308,-0.011292,-0.011239,-0.011363,-0.011321,0.00034457
6.7133,-0.011384,-0.011337,-0.011278,-0.011282,-0.011425,-0.011341,0.00034474
6.72,-0.011459,-0.011288,-0.011252,-0.011319,-0.011451,-0.011354,0.00035591
6.7267,-0.011462,-0.011301,-0.011312,-0.01133,-0.01142,-0.011365,0.00034712
6.7333,-0.011533,-0.011331,-0.011328,-0.011372,-0.011398,-0.011392,0.00035135
6.74,-0.011433,-0.011322,-0.011292,-0.011409,-0.011425,-0.011376,0.00034496
6.7467,-0.011535,-0.01132,-0.011336,-0.011308,-0.01148,-0.011396,0.00035971
6.7533,-0.01151,-0.011264,-0.011299,-0.011313,-0.011472,-0.011372,0.00036281
6.76,-0.011407,-0.011287,-0.011283,-0.011319,-0.011408,-0.011341,0.00034431
6.7667,-0.011459,-0.011291,-0.011319,-0.011213,-0.011355,-0.011327,0.00035354
6.7733,-0.011482,-0.01127,-0.011043,-0.011103,-0.011346,-0.011249,0.00040198
6.78,-0.011381,-0.011267,-0.011035,-0.011192,-0.011241,-0.011223,0.00036973
6.7867,-0.011331,-0.011139,-0.011199,-0.011145,-0.011161,-0.011195,0.00034939
6.7933,-0.011378,-0.011073,-0.011187,-0.01115,-0.011187,-0.011195,0.00036294
6.8,-0.011355,-0.011068,-0.011129,-0.011076,-0.011214,-0.011168,0.00036628
6.8067,-0.011226,-0.010971,-0.011009,-0.011018,-0.011153,-0.011076,0.00036103
6.8133,-0.011226,-0.010912,-0.011007,-0.010986,-0.011108,-0.011048,0.00036737
6.82,-0.011355,-0.010897,-0.011055,-0.010991,-0.010932,-0.011046,0.0004043
6.8267,-0.011122,-0.010828,-0.010954,-0.010865,-0.010806,-0.010915,0.00037074
6.8333,-0.011037,-0.010722,-0.010812,-0.010749,-0.010815,-0.010827,0.00036808
6.84,-0.010959,-0.010631,-0.010707,-0.010717,-0.010716,-0.010746,0.00036785
6.8467,-0.010807,-0.010537,-0.010659,-0.010665,-0.010645,-0.010663,0.00035444
6.8533,-0.010848,-0.010287,-0.010587,-0.010575,-0.010631,-0.010585,0.00041614
6.86,-0.010774,-0.010222,-0.010484,-0.010706,-0.010474,-0.010532,0.00042977
6.8667,-0.010592,-0.010233,-0.010361,-0.010675,-0.010384,-0.010449,0.00040156
6.8733,-0.010481,-0.010101,-0.010319,-0.010263,-0.010234,-0.01028,0.00037451
6.88,-0.010299,-0.0099836,-0.01014,-0.010163,-0.010048,-0.010127,0.00036454
6.8867,-0.010245,-0.0098488,-0.0099589,-0.0099785,-0.0099543,-0.009997,0.00037927
6.8933,-0.010134,-0.0095887,-0.0097438,-0.0097886,-0.0098486,-0.0098206,0.00041418
6.9,-0.0098243,-0.0094924,-0.0095776,-0.0096354,-0.0097138,-0.0096487,0.00036714
6.9067,-0.0097913,-0.009366,-0.0094761,-0.009435,-0.0095409,-0.0095219,0.0003884
6.9133,-0.0095877,-0.0089769,-0.0092915,-0.0093401,-0.0093707,-0.0093134,0.00042864
6.92,-0.0094015,-0.0088764,-0.0091213,-0.0093454,-0.0091978,-0.0091885,0.0004189
6.9267,-0.0092904,-0.0089013,-0.0089775,-0.0092238,-0.0090423,-0.0090871,0.00038845
6.9333,-0.0090133,-0.0087089,-0.0087876,-0.0088805,-0.0087219,-0.0088224,0.00036521
6.94,-0.0089266,-0.0085179,-0.0086079,-0.0087013,-0.0085372,-0.0086582,0.0003888
6.9467,-0.0087403,-0.008328,-0.0083743,-0.0084535,-0.0084157,-0.0084623,0.00038576
6.9533,-0.0085187,-0.0081049,-0.0081738,-0.0082369,-0.0082243,-0.0082517,0.00038269
6.96,-0.0086892,-0.0078358,-0.0080538,-0.008005,-0.0080054,-0.0081178,0.00052498
6.9667,-0.0080733,-0.0076353,-0.0078206,-0.0076197,-0.0078166,-0.0077931,0.00039917
6.9733,-0.0079215,-0.0074715,-0.0076053,-0.0073241,-0.0076823,-0.0076009,0.0004305
6.98,-0.0077135,-0.0072315,-0.0073427,-0.0073929,-0.0074226,-0.0074206,0.00039555
6.9867,-0.0073524,-0.0069823,-0.0071041,-0.0071714,-0.0071667,-0.0071554,0.00036653
6.9933,-0.0072324,-0.0067011,-0.0068995,-0.0069286,-0.0068949,-0.0069313,0.00040339
7,-0.0069484,-0.0064569,-0.0066066,-0.0066752,-0.006639,-0.0066652,0.00039424
7.0067,-0.0066616,-0.0062723,-0.0063771,-0.0064902,-0.0063672,-0.0064337,0.0003744
7.0133,-0.0064708,-0.0059862,-0.0061608,-0.0062001,-0.0061113,-0.0061858,0.00039349
7.02,-0.0062092,-0.0057186,-0.0058392,-0.0059891,-0.0059267,-0.0059366,0.00039649
7.0267,-0.0059422,-0.0054611,-0.0055569,-0.0057358,-0.0056692,-0.005673,0.0003965
7.0333,-0.0055768,-0.0052026,-0.0053745,-0.0053983,-0.0053092,-0.0053723,0.00036608
7.04,-0.0052335,-0.0049043,-0.0050568,-0.0050289,-0.0050294,-0.0050506,0.00035533
7.0467,-0.0050679,-0.0045782,-0.0047246,-0.0047119,-0.0047577,-0.0047681,0.00039379
7.0533,-0.0047076,-0.0043027,-0.0043566,-0.0044429,-0.0043711,-0.0044362,0.00037901
7.06,-0.0043887,-0.0039811,-0.0040409,-0.0041475,-0.0040503,-0.0041217,0.00037939
7.0667,-0.0041443,-0.0036262,-0.0038126,-0.0038624,-0.0037552,-0.0038401,0.00040059
7.0733,-0.0037103,-0.0033122,-0.0035201,-0.0034931,-0.0034558,-0.0034983,0.00036784
7.08,-0.0034658,-0.0030219,-0.0031309,-0.0031288,-0.0031048,-0.0031704,0.00038554
7.0867,-0.003095,-0.0027464,-0.0027693,-0.0028283,-0.0027695,-0.0028417,0.00036846
7.0933,-0.0026989,-0.0024244,-0.002479,-0.0024855,-0.0024476,-0.0025071,0.00034924
7.1,-0.0022519,-0.0020692,-0.002305,-0.0021897,-0.0020784,-0.0021788,0.00034632
7.1067,-0.0020881,-0.0017265,-0.0018921,-0.0018469,-0.0017093,-0.0018526,0.00037297
7.1133,-0.0017753,-0.0014128,-0.0013945,-0.0014831,-0.0014126,-0.0014957,0.0003774
7.12,-0.0014079,-0.0010644,-0.0010371,-0.0011398,-0.001088,-0.0011474,0.00037122
7.1267,-0.0010163,-0.00071222,-0.000697,-0.00062251,-0.00072104,-0.00075381,0.00037201
7.1333,-0.00074239,-0.00038117,-0.00038025,-0.00012668,-0.0003636,-0.00039882,0.00042142
7.14,-0.00032565,5.3421e-06,-4.8835e-05,-5.2852e-05,4.9371e-05,-7.4525e-05,0.0003687
7.1467,1.3058e-05,0.00036965,0.00029385,0.00032182,0.00036717,0.00027311,0.0003701
7.1533,0.00023601,0.00071538,0.00068043,0.00066999,0.0007088,0.00060212,0.00040984
7.16,0.0006769,0.0010555,0.0010737,0.0010235,0.00099797,0.00096552,0.00037991
7.1667,0.00084863,0.0014013,0.0013847,0.0014563,0.0013886,0.0012959,0.00044787
7.1733,0.0013874,0.0017851,0.0017501,0.0017677,0.0018382,0.0017057,0.00039181
7.18,0.0018909,0.0021083,0.0021118,0.0021108,0.0021375,0.0020718,0.00034518
7.1867,0.0021335,0.0024159,0.0024311,0.0024959,0.0025467,0.0024046,0.00037801
7.1933,0.002527,0.0029473,0.0028319,0.0028808,0.0029581,0.002829,0.00038915
7.2,0.0030251,0.0033139,0.003208,0.0031922,0.0031877,0.0031854,0.00034652
7.2067,0.0032652,0.0035792,0.0035537,0.0035354,0.0035635,0.0034994,0.00036135
7.2133,0.0035771,0.0039023,0.0038795,0.0038678,0.0040305,0.0038514,0.00038303
7.22,0.0038431,0.0042244,0.004184,0.0042267,0.0044846,0.0041926,0.00043006
7.2267,0.0043136,0.0046229,0.0046023,0.0045753,0.0048262,0.0045881,0.00039487
7.2333,0.0046646,0.0048853,0.0049877,0.004897,0.0050806,0.004903,0.00037632
7.24,0.0051091,0.0052205,0.0053071,0.0053557,0.0053709,0.0052727,0.0003509
7.2467,0.005351,0.0056059,0.0056936,0.0057252,0.0056903,0.0056132,0.00037597
7.2533,0.0057121,0.0059395,0.005985,0.0059997,0.0060477,0.0059368,0.00036349
7.26,0.0059539,0.0063235,0.0063149,0.0063373,0.0064607,0.006278,0.00040227
7.2667,0.0062989,0.0066322,0.0066475,0.006638,0.0067642,0.0065961,0.00039146
7.2733,0.0067173,0.006913,0.0069426,0.0069439,0.0069921,0.0069018,0.00035225
7.28,0.0070882,0.0072441,0.0073001,0.007266,0.0074157,0.0072628,0.00035812
7.2867,0.0073274,0.0075581,0.0075824,0.0076145,0.0077376,0.007564,0.00037615
7.2933,0.0076159,0.0080081,0.0078949,0.0079204,0.0079856,0.007885,0.00038172
7.3,0.0079062,0.0082984,0.0081894,0.0082318,0.0082706,0.0081793,0.00038266
7.3067,0.0081991,0.0084671,0.0084151,0.0085327,0.0085514,0.0084331,0.00037297
7.3133,0.0085647,0.0087453,0.0087393,0.0088335,0.00881,0.0087386,0.00035457
7.32,0.0089087,0.0090208,0.0090191,0.0091342,0.0090358,0.0090237,0.00034477
7.3267,0.0092709,0.0093571,0.0091602,0.0093134,0.0093313,0.0092866,0.00034435
7.3333,0.0094338,0.0096368,0.0094543,0.0095037,0.0096306,0.0095318,0.00035221
7.34,0.0095153,0.0098214,0.0097435,0.009778,0.0098221,0.009736,0.00036762
7.3467,0.00968,0.010093,0.010018,0.010036,0.010027,0.0099708,0.00039042
7.3533,0.01001,0.010306,0.010126,0.010168,0.010102,0.010142,0.0003587
7.36,0.010149,0.010513,0.010296,0.010453,0.010386,0.010359,0.00037731
7.3667,0.010512,0.01076,0.010619,0.010601,0.010719,0.010642,0.00035559
7.3733,0.0107,0.010913,0.010796,0.010796,0.01088,0.010817,0.00034983
7.38,0.010808,0.011076,0.010931,0.011034,0.011007,0.010971,0.00035926
7.3867,0.010942,0.011229,0.011147,0.011171,0.011187,0.011135,0.00036287
7.3933,0.01112,0.011378,0.011309,0.011308,0.01135,0.011293,0.00035813
7.4,0.011177,0.01152,0.011432,0.01145,0.011574,0.011431,0.00038545
7.4067,0.011359,0.011553,0.011532,0.01154,0.011641,0.011525,0.00035928
7.4133,0.011442,0.011642,0.011614,0.011635,0.011686,0.011604,0.00035604
7.42,0.01152,0.011754,0.011676,0.011683,0.011839,0.011695,0.00036673
7.4267,0.011625,0.011778,0.011804,0.011746,0.011843,0.011759,0.00035199
7.4333,0.011708,0.011894,0.011899,0.011904,0.011894,0.01186,0.00035309
7.44,0.011864,0.011974,0.011914,0.011989,0.011995,0.011947,0.00034438
7.4467,0.011864,0.01189,0.011983,0.011983,0.012048,0.011954,0.00034981
7.4533,0.011893,0.01186,0.012016,0.01202,0.0121,0.011978,0.00035901
7.46,0.012022,0.011956,0.012063,0.012063,0.012095,0.01204,0.00034383
7.4667,0.011923,0.012073,0.012037,0.012068,0.012086,0.012038,0.00034723
7.4733,0.012023,0.012063,0.012065,0.011989,0.012112,0.01205,0.00034233
7.48,0.012154,0.01203,0.012064,0.011968,0.012153,0.012074,0.00035194
7.4867,0.012003,0.011998,0.012034,0.012047,0.012177,0.012052,0.00034933
7.4933,0.012073,0.011962,0.012028,0.01201,0.012133,0.012041,0.00034685
7.5,0.012101,0.011962,0.012004,0.012005,0.011923,0.011999,0.0003471
7.5067,0.011999,0.011919,0.012019,0.011973,0.011941,0.01197,0.00034096
7.5133,0.012002,0.011724,0.011842,0.011931,0.012013,0.011902,0.00036895
7.52,0.012207,0.011739,0.011761,0.011878,0.012024,0.011922,0.00041539
7.5267,0.012022,0.011785,0.01182,0.01182,0.011984,0.011886,0.0003629
7.5333,0.011842,0.011682,0.011762,0.011772,0.011782,0.011768,0.00034409
7.54,0.011785,0.011603,0.011656,0.011794,0.011763,0.01172,0.00035284
7.5467,0.011626,0.011756,0.011579,0.011662,0.011703,0.011665,0.00034685
7.5533,0.011473,0.011634,0.011498,0.011535,0.011538,0.011536,0.00034461
7.56,0.011468,0.011336,0.01145,0.011361,0.011389,0.011401,0.00034291
7.5667,0.011459,0.011205,0.011116,0.011366,0.011262,0.011282,0.00037455
7.5733,0.011207,0.011131,0.011003,0.01134,0.011067,0.011149,0.00037208
7.58,0.01102,0.01093,0.010974,0.011076,0.010835,0.010967,0.00035329
7.5867,0.01094,0.010804,0.010843,0.011002,0.010737,0.010865,0.00035925
7.5933,0.010856,0.010683,0.010756,0.010907,0.010653,0.010771,0.00036046
7.6,0.010624,0.010419,0.010569,0.010532,0.010536,0.010536,0.00034621
7.6067,0.010464,0.010257,0.010315,0.010406,0.010343,0.010357,0.00034772
7.6133,0.010277,0.0099166,0.010126,0.010153,0.010108,0.010116,0.00036941
7.62,0.0099901,0.0097109,0.0099333,0.009894,0.0098681,0.0098793,0.00035658
7.6267,0.0098109,0.0096305,0.0096404,0.0097569,0.0096624,0.0097002,0.000346
7.6333,0.0097663,0.0094047,0.0094109,0.0095458,0.009417,0.009509,0.00038324
7.64,0.0093567,0.0091821,0.0090931,0.0093398,0.0091437,0.0092231,0.00036192
7.6467,0.0091479,0.0087971,0.0088477,0.0089812,0.0089211,0.008939,0.00037078
7.6533,0.0089771,0.0085596,0.008696,0.008633,0.0086666,0.0087065,0.00038449
7.66,0.0085127,0.0084143,0.0083978,0.0083956,0.0083764,0.0084194,0.00033568
7.6667,0.008374,0.0080923,0.0081154,0.0081051,0.0081004,0.0081575,0.00036133
7.6733,0.0080344,0.0077809,0.008006,0.0078201,0.0078218,0.0078926,0.00035919
7.68,0.0075891,0.0074737,0.0076316,0.0075566,0.0075897,0.0075681,0.0003355
7.6867,0.0074001,0.0071161,0.0071895,0.0071554,0.0072455,0.0072213,0.00035447
7.6933,0.0070847,0.00679,0.0067951,0.0068385,0.0068578,0.0068732,0.00035946
7.7,0.0066662,0.0064564,0.0064678,0.0065695,0.0065268,0.0065373,0.0003425
7.7067,0.0062019,0.0061015,0.0061522,0.0062214,0.0062127,0.0061779,0.00033112
7.7133,0.0060266,0.0058604,0.0057884,0.0058677,0.0058643,0.0058815,0.00034245
7.72,0.0056897,0.0055134,0.0054864,0.0055351,0.0055265,0.0055502,0.0003392
7.7267,0.0053742,0.0051423,0.005167,0.005171,0.0051785,0.0052066,0.00034453
7.7333,0.0050796,0.0048204,0.0048096,0.0048124,0.0048701,0.0048784,0.00035363
7.74,0.0046871,0.0044365,0.0043532,0.0044535,0.0045016,0.0044864,0.00035802
7.7467,0.004344,0.0039971,0.0040286,0.0041896,0.0041136,0.0041346,0.00036602
7.7533,0.0040017,0.0036238,0.0037833,0.0038731,0.003681,0.0037926,0.00037294
7.76,0.0036846,0.003334,0.0034522,0.003509,0.0033564,0.0034672,0.00036644
7.7667,0.0033423,0.0030584,0.0031238,0.003182,0.0031258,0.0031665,0.00034848
7.7733,0.0030216,0.0027074,0.0028071,0.0028073,0.0028211,0.0028329,0.00035185
7.78,0.0026031,0.0024012,0.0024323,0.0024273,0.0024173,0.0024562,0.00033749
7.7867,0.0022323,0.002103,0.0020684,0.0021632,0.0020296,0.0021193,0.00033621
7.7933,0.0018468,0.0017482,0.0017374,0.0018836,0.0016695,0.0017771,0.00033868
7.8,0.0017055,0.0013907,0.0014524,0.001472,0.001346,0.0014733,0.00036443
7.8067,0.0013596,0.00086194,0.0011135,0.0010868,0.0010679,0.0010979,0.00038892
7.8133,0.00091961,0.00063765,0.00070576,0.00072805,0.00067599,0.00073341,0.00034834
7.82,0.00062405,0.00046482,0.0004113,0.00040606,0.00036042,0.00045333,0.00034496
7.8267,0.00038399,7.1447e-05,0.00012745,8.4237e-05,0.0001034,0.00015411,0.00035913
7.8333,6.6777e-05,-0.00025424,-0.00021524,-0.00023222,-0.00025672,-0.00017833,0.00036361
7.84,-0.00035248,-0.00051508,-0.00052893,-0.00051193,-0.00062363,-0.00050641,0.0003428
7.8467,-0.00066263,-0.00076727,-0.00076152,-0.00083392,-0.00090862,-0.00078679,0.00034027
7.8533,-0.00081283,-0.001104,-0.0011495,-0.0011453,-0.001146,-0.0010715,0.00036836
7.86,-0.0013022,-0.0015286,-0.0015583,-0.0014354,-0.0014993,-0.0014648,0.00034483
7.8667,-0.0016599,-0.0018465,-0.0018195,-0.0017306,-0.0018172,-0.0017747,0.00033518
7.8733,-0.0017167,-0.0021155,-0.0020713,-0.0021529,-0.0020863,-0.0020285,0.00038919
7.88,-0.0023047,-0.0024323,-0.0024948,-0.0024486,-0.002403,-0.0024167,0.00033318
7.8867,-0.002595,-0.0027056,-0.0028025,-0.002691,-0.0027054,-0.0026999,0.00033425
7.8933,-0.0028844,-0.0029721,-0.0030531,-0.0030238,-0.0029956,-0.0029858,0.00033147
7.9,-0.0031487,-0.0032333,-0.0032916,-0.0032454,-0.0034599,-0.0032758,0.00035223
7.9067,-0.0034667,-0.0034707,-0.0034672,-0.0035406,-0.0037181,-0.0035326,0.00034907
7.9133,-0.0038047,-0.003824,-0.0038087,-0.0038359,-0.0038223,-0.0038191,0.00032276
7.92,-0.0040456,-0.0040985,-0.0041409,-0.0041367,-0.0041061,-0.0041056,0.00032613
7.9267,-0.0043315,-0.004303,-0.004364,-0.0043849,-0.0043764,-0.004352,0.00032565
7.9333,-0.0045023,-0.0046393,-0.0046188,-0.0046277,-0.004515,-0.0045806,0.00033343
7.94,-0.0048904,-0.0049043,-0.00488,-0.0048809,-0.0048411,-0.0048793,0.00032477
7.9467,-0.0051771,-0.0052655,-0.0051318,-0.0051765,-0.0051653,-0.0051832,0.0003296
7.9533,-0.0053661,-0.0055611,-0.0055406,-0.0054296,-0.0054397,-0.0054674,0.0003396
7.96,-0.0055758,-0.0056959,-0.005778,-0.0056881,-0.0057077,-0.0056891,0.00033677
7.9667,-0.00577,-0.0059121,-0.0059086,-0.0059046,-0.0059648,-0.005892,0.00033697
7.9733,-0.0061987,-0.0061469,-0.0061608,-0.006063,-0.0061362,-0.0061411,0.00033087
7.98,-0.006341,-0.006387,-0.0063669,-0.0063004,-0.006363,-0.0063516,0.00032795
7.9867,-0.0065964,-0.0065784,-0.0065541,-0.0065485,-0.0066454,-0.0065846,0.00032932
7.9933,-0.0066219,-0.0067539,-0.0067942,-0.0067702,-0.0069002,-0.0067681,0.00034868
8,-0.0071061,-0.0070231,-0.0071304,-0.0069917,-0.0071323,-0.0070767,0.00033636
8.0067,-0.0072162,-0.0072673,-0.0073521,-0.007245,-0.0072587,-0.0072679,0.00033288
8.0133,-0.0074492,-0.0074228,-0.0074604,-0.0073927,-0.0074829,-0.0074416,0.00032997
8.02,-0.0076866,-0.0076126,-0.0076646,-0.0075987,-0.0077246,-0.0076574,0.00033382
8.0267,-0.0079188,-0.007821,-0.0078269,-0.0078519,-0.0079556,-0.0078749,0.00033611
8.0333,-0.0080108,-0.0079913,-0.0080806,-0.008042,-0.0083183,-0.0080886,0.00036734
8.04,-0.008294,-0.0082075,-0.0083312,-0.0082268,-0.0084939,-0.0083107,0.00035785
8.0467,-0.0085003,-0.0083842,-0.0084773,-0.0084379,-0.0085399,-0.0084679,0.00033723
8.0533,-0.0085896,-0.008519,-0.0086502,-0.0086805,-0.0086452,-0.0086169,0.00033869
8.06,-0.0088217,-0.0086918,-0.0088642,-0.0087753,-0.0088233,-0.0087953,0.00033963
8.0667,-0.0089795,-0.0087892,-0.0090435,-0.008923,-0.0090465,-0.0089563,0.00035545
8.0733,-0.0091398,-0.0089605,-0.00919,-0.0090444,-0.0092865,-0.0091242,0.00036578
8.08,-0.0093494,-0.0091493,-0.0093481,-0.0092342,-0.009376,-0.0092914,0.00035168
8.0867,-0.0094059,-0.0093131,-0.0095497,-0.0094456,-0.0094685,-0.0094366,0.00034804
8.0933,-0.0095877,-0.0094226,-0.0097003,-0.0094877,-0.009607,-0.0095611,0.00035742
8.1,-0.0097975,-0.0094924,-0.0097939,-0.0096302,-0.0097297,-0.0096887,0.00036816
8.1067,-0.0098574,-0.0096563,-0.0099283,-0.0098413,-0.0099459,-0.0098458,0.00036129
8.1133,-0.010107,-0.0097367,-0.010058,-0.0099467,-0.01021,-0.010011,0.00040073
8.12,-0.010141,-0.0098261,-0.010221,-0.010089,-0.010183,-0.010092,0.00038512
8.1267,-0.010271,-0.009953,-0.010316,-0.010158,-0.010253,-0.01019,0.00037804
8.1333,-0.010376,-0.01009,-0.010331,-0.010263,-0.010437,-0.010299,0.0003716
8.14,-0.010431,-0.010188,-0.010386,-0.010395,-0.01049,-0.010378,0.00036183
8.1467,-0.010538,-0.010113,-0.010509,-0.010511,-0.010542,-0.010443,0.00040482
8.1533,-0.010687,-0.010201,-0.010594,-0.010648,-0.010552,-0.010537,0.0004118
8.16,-0.010641,-0.010418,-0.010911,-0.010675,-0.010656,-0.01066,0.00039805
8.1667,-0.01077,-0.010432,-0.010929,-0.010712,-0.010765,-0.010722,0.00040266
8.1733,-0.010806,-0.0105,-0.010796,-0.010743,-0.010748,-0.010719,0.00036843
8.18,-0.011011,-0.010639,-0.010829,-0.010796,-0.010841,-0.010823,0.00037261
8.1867,-0.010959,-0.0105,-0.010847,-0.010907,-0.010921,-0.010827,0.00040691
8.1933,-0.010937,-0.010561,-0.010929,-0.010912,-0.010982,-0.010864,0.00039626
8.2,-0.011064,-0.010756,-0.01099,-0.010881,-0.011041,-0.010947,0.00037018
8.2067,-0.011114,-0.010766,-0.011002,-0.010928,-0.011041,-0.01097,0.00037292
8.2133,-0.011093,-0.010797,-0.011118,-0.010939,-0.010998,-0.010989,0.00037112
8.22,-0.011143,-0.010819,-0.011126,-0.010986,-0.01102,-0.011019,0.00037186
8.2267,-0.011169,-0.010894,-0.01107,-0.011044,-0.011068,-0.011049,0.0003567
8.2333,-0.011193,-0.010906,-0.011125,-0.011029,-0.01114,-0.011079,0.00036313
8.24,-0.011143,-0.010961,-0.011015,-0.011023,-0.011141,-0.011057,0.00034977
8.2467,-0.011093,-0.010986,-0.011013,-0.011076,-0.011137,-0.011061,0.00034328
8.2533,-0.011118,-0.010982,-0.011094,-0.01106,-0.011115,-0.011074,0.000342
8.26,-0.011169,-0.01093,-0.011067,-0.011092,-0.011024,-0.011056,0.00035218
8.2667,-0.011215,-0.011019,-0.011084,-0.011108,-0.011003,-0.011086,0.00035088
8.2733,-0.01107,-0.011004,-0.011065,-0.011208,-0.010971,-0.011064,0.00035325
8.28,-0.01109,-0.010886,-0.010956,-0.011271,-0.010979,-0.011036,0.00038326
8.2867,-0.011139,-0.010828,-0.010882,-0.010991,-0.010928,-0.010954,0.00036605
8.2933,-0.011063,-0.01078,-0.01087,-0.010917,-0.0109,-0.010906,0.0003578
8.3,-0.010959,-0.010751,-0.010972,-0.01087,-0.010892,-0.010889,0.00035183
8.3067,-0.010955,-0.010727,-0.01091,-0.010812,-0.010769,-0.010835,0.00035464
8.3133,-0.010856,-0.010684,-0.010763,-0.010754,-0.010727,-0.010757,0.00034313
8.32,-0.010827,-0.010576,-0.010724,-0.010649,-0.010649,-0.010685,0.0003541
8.3267,-0.010746,-0.010487,-0.01061,-0.01048,-0.010479,-0.010561,0.00036419
8.3333,-0.01064,-0.010435,-0.010498,-0.010385,-0.010437,-0.010479,0.00035509
8.34,-0.010484,-0.010396,-0.010373,-0.010416,-0.010373,-0.010408,0.00033799
8.3467,-0.010481,-0.010297,-0.010247,-0.010427,-0.010128,-0.010316,0.00037648
8.3533,-0.010401,-0.010197,-0.010196,-0.010406,-0.0099565,-0.010231,0.00040456
8.36,-0.010246,-0.010072,-0.010344,-0.010105,-0.0099327,-0.01014,0.00038699
8.3667,-0.010012,-0.0098435,-0.010155,-0.010016,-0.0098746,-0.0099802,0.00036678
8.3733,-0.009879,-0.0097393,-0.0098506,-0.0098995,-0.0097546,-0.0098246,0.00034405
8.38,-0.0098243,-0.0096785,-0.0096988,-0.009757,-0.0096229,-0.0097163,0.00034514
8.3867,-0.0097186,-0.0095464,-0.0095746,-0.0096196,-0.0095202,-0.0095959,0.00034514
8.3933,-0.0096094,-0.009429,-0.0094784,-0.0094928,-0.0093394,-0.0094698,0.00035289
8.4,-0.0094015,-0.0093524,-0.0094048,-0.0093346,-0.009148,-0.0093282,0.00035564
8.4067,-0.0093199,-0.0091837,-0.0092477,-0.0091238,-0.0090306,-0.0091812,0.00035823
8.4133,-0.0091641,-0.0089055,-0.0089692,-0.00896,-0.0089106,-0.0089819,0.00035519
8.42,-0.0090063,-0.0087749,-0.008737,-0.0088914,-0.008735,-0.0088289,0.00036072
8.4267,-0.0088099,-0.0085862,-0.0085815,-0.0086909,-0.0085675,-0.0086472,0.00035349
8.4333,-0.0090033,-0.0084317,-0.0084498,-0.0085166,-0.0084067,-0.0085616,0.00045264
8.44,-0.0083989,-0.0083012,-0.0082309,-0.0083058,-0.0082073,-0.0082888,0.00034163
8.4467,-0.0082646,-0.0080785,-0.0080564,-0.0080367,-0.0080398,-0.0080952,0.00034931
8.4533,-0.0080583,-0.0078818,-0.0078613,-0.0078624,-0.007879,-0.0079086,0.00034422
8.46,-0.0078981,-0.0076391,-0.0073827,-0.007688,-0.007854,-0.0076924,0.00041438
8.4667,-0.0077351,-0.007436,-0.0072135,-0.0073929,-0.0075532,-0.0074661,0.00040601
8.4733,-0.007451,-0.0072748,-0.0071924,-0.0071606,-0.0071376,-0.0072433,0.00036294
8.48,-0.0072118,-0.0070903,-0.0069523,-0.0069229,-0.0069583,-0.0070271,0.00035972
8.4867,-0.0070947,-0.0068623,-0.006761,-0.0066804,-0.0067537,-0.0068304,0.00038268
8.4933,-0.0066712,-0.0065984,-0.006542,-0.0064853,-0.0065624,-0.0065719,0.00033679
8.5,-0.0066052,-0.0063055,-0.0062665,-0.0062161,-0.0063,-0.0063387,0.00037686
8.5067,-0.0062405,-0.006076,-0.0060174,-0.0059787,-0.0060177,-0.006066,0.00034945
8.5133,-0.0059987,-0.0058016,-0.0057509,-0.0057306,-0.0057629,-0.0058089,0.00035177
8.52,-0.0057612,-0.005534,-0.0054897,-0.005477,-0.0054874,-0.0055499,0.00035694
8.5267,-0.0054952,-0.0052765,-0.0052084,-0.0052081,-0.0052235,-0.0052823,0.00035774
8.5333,-0.0051815,-0.0049308,-0.0049499,-0.0049022,-0.0048724,-0.0049674,0.00035792
8.54,-0.0048904,-0.0046193,-0.0047246,-0.0046015,-0.0045953,-0.0046862,0.00035887
8.5467,-0.0046512,-0.0043555,-0.0044581,-0.004211,-0.00435,-0.0044052,0.00038123
8.5533,-0.0043609,-0.004063,-0.0041097,-0.0038678,-0.0041205,-0.0041044,0.00038962
8.56,-0.0040196,-0.0037753,-0.0037718,-0.0036778,-0.0038027,-0.0038095,0.00035864
8.5667,-0.0037302,-0.0034243,-0.0034815,-0.0033823,-0.0034705,-0.0034978,0.00036354
8.5733,-0.0034623,-0.0031038,-0.0031188,-0.0031184,-0.0031168,-0.003184,0.00037543
8.58,-0.0030959,-0.0028226,-0.0028708,-0.0028127,-0.0027695,-0.0028743,0.0003593
8.5867,-0.002828,-0.0024478,-0.0025911,-0.0024751,-0.0024623,-0.0025609,0.00037773
8.5933,-0.002447,-0.0021273,-0.0021691,-0.0021214,-0.0021486,-0.0022027,0.000364
8.6,-0.0023576,-0.0018174,-0.0018339,-0.0017256,-0.0018874,-0.0019244,0.00044581
8.6067,-0.0018396,-0.001535,-0.0014829,-0.001462,-0.0015047,-0.0015648,0.00037483
8.6133,-0.0015854,-0.0012369,-0.0011042,-0.0011928,-0.0011193,-0.0012477,0.00040297
8.62,-0.0011436,-0.00086772,-0.00081925,-0.00081798,-0.00082898,-0.00089551,0.00036493
8.6267,-0.00084896,-0.0005272,-0.00050937,-0.00048558,-0.00048101,-0.00057043,0.00037518
8.6333,-0.00043751,-0.00037019,-0.00014023,-0.00015855,-0.00015785,-0.00025286,0.00036479
8.64,-0.00019393,-1.0107e-05,0.00014216,0.00016343,0.00020793,6.1897e-05,0.00038042
8.6467,0.0001483,0.00046365,0.00046939,0.00048526,0.00052573,0.00041847,0.0003727
8.6533,0.00046991,0.00086446,0.00083326,0.00092856,0.00082352,0.00078394,0.00039112
8.66,0.00091433,0.0011967,0.0011643,0.0013247,0.0012074,0.0011615,0.00037152
8.6667,0.0011804,0.0014922,0.0014931,0.0014937,0.0015453,0.0014409,0.00036942
8.6733,0.0015235,0.0018497,0.0018389,0.0018048,0.0018937,0.0017821,0.00036991
8.68,0.0019429,0.0021902,0.0021937,0.0022741,0.0022458,0.0021693,0.00036031
8.6867,0.0021838,0.0025216,0.0025221,0.0026541,0.002635,0.0025033,0.00039793
8.6933,0.0025261,0.0028643,0.0029256,0.0029182,0.0029676,0.0028403,0.00039127
8.7,0.0029454,0.0031055,0.0032408,0.0031978,0.0032341,0.0031447,0.00035664
8.7067,0.0031873,0.0034962,0.0035273,0.0035775,0.0035534,0.0034683,0.00037841
8.7133,0.0035519,0.0039171,0.0039402,0.0039045,0.0039252,0.0038478,0.00038258
8.72,0.003896,0.0042655,0.0042581,0.0042476,0.0042917,0.0041918,0.00038304
8.7267,0.0042158,0.004632,0.0045562,0.0044851,0.0046348,0.0045048,0.00038791
8.7333,0.0046334,0.0048008,0.0049692,0.0047542,0.0049632,0.0048242,0.00036915
8.74,0.0050302,0.0051321,0.0052727,0.0052453,0.0052943,0.0051949,0.00035208
8.7467,0.0051967,0.005553,0.0055879,0.0055671,0.0056083,0.0055026,0.00038844
8.7533,0.0055805,0.0058724,0.0060099,0.005873,0.0058695,0.0058411,0.00037901
8.76,0.0058742,0.0060992,0.006316,0.0062373,0.0061794,0.0061412,0.00038695
8.7667,0.0064381,0.0064049,0.0065999,0.0064747,0.0065199,0.0064875,0.00033901
8.7733,0.0065389,0.00681,0.006841,0.0067756,0.0067785,0.0067488,0.0003586
8.78,0.0067711,0.0071071,0.0071298,0.0071397,0.0070767,0.0070449,0.00037895
8.7867,0.0071116,0.0074026,0.0074243,0.0074348,0.0074172,0.0073581,0.00036934
8.7933,0.0073864,0.0077453,0.0077224,0.0076879,0.0076758,0.0076436,0.00037456
8.8,0.0078793,0.0080881,0.0080916,0.0079464,0.0079449,0.0079901,0.0003487
8.8067,0.0079383,0.0082863,0.0083449,0.0082367,0.0082035,0.0082019,0.00038182
8.8133,0.0081731,0.0085395,0.0085612,0.0085166,0.0085159,0.0084613,0.00038572
8.82,0.0085127,0.0089208,0.0088541,0.0088016,0.0088391,0.0087857,0.00038396
8.8267,0.0086272,0.009145,0.009055,0.0090864,0.0090595,0.0089946,0.00041947
8.8333,0.0089832,0.0093085,0.0092908,0.0092711,0.0093313,0.009237,0.0003756
8.84,0.009225,0.0095051,0.009532,0.0094403,0.0094276,0.009426,0.00036325
8.8467,0.0094131,0.0097335,0.0097197,0.0097042,0.0096559,0.0096453,0.00037035
8.8533,0.0096955,0.0099973,0.0099454,0.0099361,0.0099541,0.0099057,0.00036386
8.86,0.0098584,0.010203,0.010008,0.010131,0.010144,0.010069,0.00037364
8.8667,0.0099946,0.010361,0.010219,0.010332,0.010352,0.010252,0.0003843
8.8733,0.010253,0.01049,0.010538,0.010495,0.010595,0.010474,0.00037083
8.88,0.010465,0.010625,0.010633,0.010701,0.010784,0.010642,0.00036433
8.8867,0.010677,0.010798,0.010792,0.010881,0.01102,0.010834,0.00036952
8.8933,0.010906,0.010924,0.010952,0.010971,0.011131,0.010977,0.00035261
8.9,0.010914,0.011076,0.011062,0.011118,0.011196,0.011073,0.00035859
8.9067,0.011045,0.011142,0.011192,0.011187,0.011308,0.011175,0.00035535
8.9133,0.011152,0.011191,0.011254,0.011303,0.011347,0.011249,0.00034952
8.92,0.011283,0.011337,0.01128,0.011339,0.011446,0.011337,0.00034569
8.9267,0.011014,0.011481,0.011292,0.011429,0.011473,0.011338,0.00041479
8.9333,0.011326,0.011482,0.011394,0.011498,0.011554,0.011451,0.00035408
8.94,0.011389,0.011522,0.011549,0.011567,0.011664,0.011538,0.00035785
8.9467,0.011492,0.011579,0.01155,0.011593,0.011574,0.011558,0.00033972
8.9533,0.011523,0.011567,0.011561,0.011646,0.011665,0.011592,0.0003444
8.96,0.011626,0.01164,0.011608,0.011672,0.011735,0.011656,0.00034194
8.9667,0.011677,0.01167,0.011608,0.011683,0.011704,0.011669,0.00033932
8.9733,0.011682,0.011457,0.011608,0.011614,0.011757,0.011624,0.00036339
8.98,0.011785,0.011463,0.011667,0.011641,0.011984,0.011708,0.00041287
8.9867,0.011705,0.01155,0.011685,0.011625,0.011947,0.011702,0.00038431
8.9933,0.01163,0.011558,0.011603,0.011609,0.011766,0.011633,0.00035026
9,0.011652,0.011593,0.01157,0.011614,0.011754,0.011637,0.00034802
9.0067,0.011674,0.011535,0.011582,0.011583,0.011682,0.011611,0.00034544
9.0133,0.011552,0.011444,0.011553,0.011598,0.011652,0.01156,0.00034923
9.02,0.011547,0.011365,0.011486,0.011519,0.011588,0.011501,0.00035201
9.0267,0.011572,0.011315,0.01145,0.01145,0.011561,0.01147,0.00035994
9.0333,0.011567,0.011274,0.011233,0.011366,0.011495,0.011387,0.00037938
9.04,0.011389,0.011207,0.011113,0.011266,0.011339,0.011263,0.00036146
9.0467,0.011459,0.011055,0.01116,0.011192,0.011294,0.011232,0.00038516
9.0533,0.011281,0.010916,0.011059,0.011087,0.011147,0.011098,0.00037329
9.06,0.011046,0.010823,0.010961,0.010991,0.01103,0.01097,0.00035228
9.0667,0.010894,0.010645,0.010848,0.010902,0.010781,0.010814,0.0003592
9.0733,0.010922,0.010524,0.01075,0.010797,0.010596,0.010718,0.00038814
9.08,0.010465,0.010468,0.010578,0.010606,0.010562,0.010536,0.00034322
9.0867,0.01056,0.010244,0.01039,0.010395,0.010471,0.010412,0.00036335
9.0933,0.01036,0.010046,0.010255,0.010269,0.010305,0.010247,0.00036439
9.1,0.010175,0.0098505,0.01001,0.010052,0.010082,0.010034,0.00036371
9.1067,0.010015,0.0096622,0.0097657,0.0098884,0.0098269,0.0098317,0.0003703
9.1133,0.0098038,0.0092957,0.0095807,0.0097252,0.0096096,0.009603,0.00040952
9.12,0.0095421,0.0090921,0.009338,0.0095458,0.0093642,0.0093765,0.0004036
9.1267,0.009329,0.0089944,0.0091207,0.0092448,0.0091056,0.0091589,0.00036776
9.1333,0.0090718,0.0087306,0.0089191,0.0088387,0.0088655,0.0088851,0.00036451
9.14,0.0089616,0.0084667,0.0087832,0.0086541,0.008587,0.0086905,0.0004051
9.1467,0.008518,0.0081885,0.008411,0.0083954,0.0083114,0.0083649,0.00036254
9.1533,0.0082242,0.0079564,0.0079663,0.0080785,0.0080042,0.0080459,0.0003558
9.16,0.007985,0.0077137,0.0076908,0.0076934,0.0076901,0.0077546,0.00036484
9.1667,0.0076904,0.0074091,0.0074269,0.007319,0.0069938,0.0073678,0.00045152
9.1733,0.0072763,0.0070781,0.007134,0.0071662,0.006763,0.0070835,0.00040517
9.18,0.0069565,0.0067492,0.0068173,0.0070023,0.0067933,0.0068637,0.00035342
9.1867,0.0067882,0.006476,0.0065006,0.0067591,0.0064739,0.0065996,0.00038132
9.1933,0.0063509,0.0061661,0.0061115,0.0062051,0.0061455,0.0061958,0.0003451
9.2,0.0059539,0.0058841,0.0057937,0.0058938,0.0058288,0.0058709,0.0003337
9.2067,0.00581,0.0055425,0.0054811,0.0055141,0.0055121,0.005572,0.00036496
9.2133,0.0053527,0.0052681,0.0051433,0.0051975,0.0051954,0.0052314,0.00033916
9.22,0.0050563,0.0050053,0.0047948,0.004828,0.0048354,0.004904,0.00035521
9.2267,0.0047866,0.0046358,0.004457,0.0044642,0.0045994,0.0045886,0.0003648
9.2333,0.0043475,0.004281,0.0041667,0.0041634,0.0042473,0.0042412,0.00033711
9.24,0.0040009,0.0039526,0.0038331,0.0038204,0.0038528,0.0038919,0.00033744
9.2467,0.0036837,0.0036649,0.0035221,0.0035355,0.0035018,0.0035816,0.00033932
9.2533,0.0033414,0.0033578,0.0033744,0.0032714,0.0032103,0.0033111,0.00033305
9.26,0.0029983,0.0030002,0.002988,0.0030023,0.0026626,0.0029303,0.00037153
9.2667,0.0030568,0.0026741,0.0025168,0.0026278,0.0023554,0.0026462,0.00045587
9.2733,0.0025279,0.0023695,0.0022145,0.0022533,0.0021972,0.0023125,0.00036406
9.28,0.0021015,0.0021547,0.0019242,0.001968,0.0018594,0.0020016,0.00035574
9.2867,0.0017349,0.0019067,0.0016339,0.0017204,0.001511,0.0017014,0.00036824
9.2933,0.0014385,0.0014764,0.0013003,0.0012719,0.0012313,0.0013437,0.00034757
9.3,0.001046,0.0011639,0.00096018,0.00091262,0.00095947,0.0010084,0.00034369
9.3067,0.00085619,0.00088943,0.00071633,0.00060137,0.00064541,0.00074175,0.00035741
9.3133,0.00051748,0.00049084,0.00032828,0.00034833,0.00031176,0.00039934,0.00034256
9.32,0.0001492,0.00024281,4.9672e-05,5.2038e-06,-1.401e-05,8.6575e-05,0.00034745
9.3267,-4.066e-05,-7.7895e-06,-0.00013376,-0.00036964,-0.00023184,-0.00015674,0.00036934
9.3333,-0.00038203,-0.00028973,-0.00048173,-0.00051193,-0.0005496,-0.000443,0.00034658
9.34,-0.00082733,-0.00058798,-0.00081921,-0.00077033,-0.00085272,-0.00077151,0.00034709
9.3467,-0.0010397,-0.00088504,-0.0011095,-0.0011608,-0.0011245,-0.0010639,0.00034828
9.3533,-0.0013004,-0.0011658,-0.0013998,-0.0013876,-0.0014533,-0.0013414,0.00034993
9.36,-0.0015128,-0.0014969,-0.00169,-0.0017306,-0.0018572,-0.0016575,0.00037266
9.3667,-0.0017814,-0.0017528,-0.0019369,-0.0020576,-0.0021142,-0.0019286,0.00037826
9.3733,-0.0021677,-0.0019812,-0.0022208,-0.0022741,-0.0023237,-0.0021935,0.00036074
9.38,-0.0024104,-0.0022598,-0.0025201,-0.0025592,-0.0025823,-0.0024664,0.00036131
9.3867,-0.0026748,-0.0025353,-0.0028126,-0.0028335,-0.0028952,-0.0027503,0.00036832
9.3933,-0.0029606,-0.0028278,-0.0031293,-0.0030764,-0.0031168,-0.0030222,0.00035853
9.4,-0.0031487,-0.0031446,-0.0033879,-0.003356,-0.0033701,-0.0032814,0.00035662
9.4067,-0.0035359,-0.0034031,-0.0035989,-0.0036409,-0.0036641,-0.0035686,0.00034733
9.4133,-0.0036826,-0.0037304,-0.003868,-0.0039154,-0.0039476,-0.0038288,0.0003533
9.42,-0.0039927,-0.0040222,-0.0040832,-0.0041475,-0.0042035,-0.0040898,0.00034024
9.4267,-0.0043054,-0.0042211,-0.0043168,-0.0044114,-0.0044028,-0.0043315,0.0003372
9.4333,-0.0044988,-0.0044464,-0.0046041,-0.0047174,-0.0046429,-0.0045819,0.00035049
9.44,-0.0048107,-0.0047129,-0.0048389,-0.0049814,-0.0049211,-0.004853,0.00034795
9.4467,-0.0049737,-0.0049889,-0.0050503,-0.0051604,-0.0051246,-0.0050596,0.00033928
9.4533,-0.0052595,-0.0052236,-0.0053775,-0.005398,-0.0054016,-0.0053321,0.00034039
9.46,-0.0055498,-0.0053184,-0.0056108,-0.0055777,-0.0056666,-0.0055447,0.00036431
9.4667,-0.0057388,-0.0056525,-0.0057626,-0.0058626,-0.0058542,-0.0057741,0.00034215
9.4733,-0.0060472,-0.0059548,-0.0060464,-0.0061631,-0.0060942,-0.0060612,0.00033844
9.48,-0.0062621,-0.0061235,-0.0062733,-0.0063636,-0.0063,-0.0062645,0.00034315
9.4867,-0.0064761,-0.0064017,-0.0064631,-0.006564,-0.0065887,-0.0064987,0.00033924
9.4933,-0.0067585,-0.0066629,-0.0067149,-0.006712,-0.0067956,-0.0067288,0.0003319
9.5,-0.0068955,-0.0069004,-0.0069349,-0.0069865,-0.0069209,-0.0069276,0.0003294
9.5067,-0.0070343,-0.0070796,-0.0071052,-0.0071976,-0.0071927,-0.0071219,0.00033845
9.5133,-0.0073633,-0.0072404,-0.0071913,-0.0072981,-0.0073471,-0.007288,0.00033894
9.52,-0.0075021,-0.007527,-0.0074355,-0.0075672,-0.0074924,-0.0075048,0.00033269
9.5267,-0.0077853,-0.0077078,-0.0077412,-0.0077412,-0.0077272,-0.0077405,0.00032955
9.5333,-0.0078774,-0.0078648,-0.0078069,-0.0080419,-0.0079525,-0.0079087,0.00034675
9.54,-0.0081355,-0.0081286,-0.0080447,-0.0083585,-0.0081899,-0.0081715,0.00035899
9.5467,-0.0083703,-0.0083634,-0.0083165,-0.0083268,-0.0083549,-0.0083464,0.00033006
9.5533,-0.0085306,-0.008531,-0.0084509,-0.0084958,-0.0084897,-0.0084996,0.00033165
9.56,-0.0086632,-0.0087061,-0.0086528,-0.0086592,-0.0086769,-0.0086716,0.00033045
9.5667,-0.0088936,-0.0088881,-0.0088321,-0.0088543,-0.0088445,-0.0088625,0.00033149
9.5733,-0.008931,-0.0090176,-0.0091382,-0.0090496,-0.0089909,-0.0090255,0.00034354
9.58,-0.0090852,-0.0091376,-0.0092821,-0.0091236,-0.0092072,-0.0091671,0.00034429
9.5867,-0.0093693,-0.0093422,-0.0093217,-0.0093032,-0.0093843,-0.0093441,0.00033336
9.5933,-0.0094847,-0.0093306,-0.0093492,-0.0095089,-0.0094896,-0.0094326,0.00034752
9.6,-0.0096918,-0.0095283,-0.0093572,-0.0095985,-0.0096387,-0.0095629,0.00036824
9.6067,-0.0097975,-0.0098646,-0.0096542,-0.0097357,-0.0097798,-0.0097664,0.00034554
9.6133,-0.0099067,-0.0099794,-0.0099404,-0.0098676,-0.0098418,-0.0099072,0.000339
9.62,-0.010115,-0.010044,-0.010043,-0.010026,-0.0099988,-0.010045,0.00033657
9.6267,-0.010165,-0.010271,-0.010137,-0.010184,-0.010161,-0.010183,0.00033877
9.6333,-0.010174,-0.010364,-0.010141,-0.010179,-0.01024,-0.01022,0.00035043
9.64,-0.010378,-0.010392,-0.010265,-0.010274,-0.010319,-0.010326,0.00034075
9.6467,-0.010454,-0.010522,-0.010439,-0.010353,-0.010442,-0.010442,0.00034152
9.6533,-0.010464,-0.010569,-0.010489,-0.010474,-0.010557,-0.010511,0.00033888
9.66,-0.010668,-0.010642,-0.010545,-0.010554,-0.010607,-0.010603,0.00034028
9.6667,-0.010647,-0.010701,-0.010609,-0.010527,-0.010691,-0.010635,0.00034508
9.6733,-0.01077,-0.010672,-0.010705,-0.010654,-0.01078,-0.010716,0.00034125
9.68,-0.010774,-0.010764,-0.010808,-0.010807,-0.010789,-0.010788,0.00033497
9.6867,-0.010874,-0.010888,-0.010829,-0.010802,-0.010835,-0.010846,0.00033705
9.6933,-0.010827,-0.010985,-0.010789,-0.01077,-0.010868,-0.010848,0.00035061
9.7,-0.010774,-0.010986,-0.010881,-0.010781,-0.0109,-0.010864,0.00035199
9.7067,-0.010924,-0.010939,-0.010918,-0.010754,-0.010877,-0.010882,0.00034714
9.7133,-0.010862,-0.010982,-0.010914,-0.010754,-0.010902,-0.010883,0.00035022
9.72,-0.011037,-0.011003,-0.010978,-0.010828,-0.010904,-0.01095,0.00035041
9.7267,-0.010947,-0.01089,-0.010988,-0.010817,-0.010885,-0.010905,0.00034398
9.7333,-0.011253,-0.010908,-0.010932,-0.01087,-0.010895,-0.010972,0.00038832
9.74,-0.010959,-0.010991,-0.010896,-0.010838,-0.010882,-0.010913,0.00034292
9.7467,-0.010907,-0.010977,-0.01094,-0.010775,-0.010868,-0.010894,0.00034787
9.7533,-0.010903,-0.010965,-0.010932,-0.010833,-0.010856,-0.010898,0.00034094
9.76,-0.010827,-0.010878,-0.010853,-0.010807,-0.010813,-0.010836,0.00033622
9.7667,-0.010754,-0.010821,-0.010847,-0.010722,-0.010778,-0.010784,0.00033983
9.7733,-0.01087,-0.01076,-0.010754,-0.010659,-0.010821,-0.010773,0.0003483
9.78,-0.010721,-0.010686,-0.010732,-0.010643,-0.010726,-0.010702,0.00033706
9.7867,-0.010747,-0.010645,-0.010733,-0.010669,-0.010633,-0.010686,0.00033997
9.7933,-0.01077,-0.010738,-0.010628,-0.010585,-0.010573,-0.010659,0.00035206
9.8,-0.010694,-0.010601,-0.010594,-0.010453,-0.010499,-0.010568,0.00035356
9.8067,-0.01059,-0.010382,-0.010549,-0.010385,-0.010443,-0.01047,0.00035374
9.8133,-0.010509,-0.010329,-0.010472,-0.010358,-0.010364,-0.010406,0.0003473
9.82,-0.010404,-0.010233,-0.010347,-0.010242,-0.010271,-0.010299,0.00034528
9.8267,-0.010398,-0.010043,-0.010249,-0.010142,-0.01018,-0.010202,0.00037106
9.8333,-0.010231,-0.010023,-0.010194,-0.010068,-0.010028,-0.010109,0.00035367
9.84,-0.010378,-0.0099055,-0.010042,-0.0099416,-0.0099037,-0.010034,0.00041504
9.8467,-0.010061,-0.0097367,-0.0098743,-0.0098361,-0.0098222,-0.009866,0.00036381
9.8533,-0.0097344,-0.0096231,-0.0097569,-0.0097463,-0.009673,-0.0097067,0.00033904
9.86,-0.0098503,-0.0094676,-0.0096369,-0.0096139,-0.0095028,-0.0096143,0.0003802
9.8667,-0.009593,-0.0093358,-0.0095195,-0.0095084,-0.0093303,-0.0094574,0.00036203
9.8733,-0.0095063,-0.0092766,-0.009327,-0.0093134,-0.0092473,-0.0093341,0.00035383
9.88,-0.0094015,-0.0091169,-0.0091504,-0.0091448,-0.0091744,-0.0091976,0.00036039
9.8867,-0.0092777,-0.0089134,-0.0090446,-0.0089968,-0.0090132,-0.0090491,0.00037121
9.8933,-0.0093561,-0.0086507,-0.0089246,-0.0088384,-0.0088144,-0.0089168,0.00046574
9.9,-0.0089006,-0.0085137,-0.0087348,-0.0087595,-0.0087773,-0.0087372,0.00037275
9.9067,-0.0087178,-0.0084359,-0.0085555,-0.0085961,-0.0086071,-0.0085825,0.00035257
9.9133,-0.0085834,-0.0083095,-0.0084233,-0.0083058,-0.0083564,-0.0083957,0.0003586
9.92,-0.0084258,-0.0081577,-0.0082622,-0.0080998,-0.0081662,-0.0082223,0.00036482
9.9267,-0.0082161,-0.007932,-0.0080776,-0.0079993,-0.0080017,-0.0080453,0.00035476
9.9333,-0.0080548,-0.0078252,-0.007893,-0.0078676,-0.0078382,-0.0078958,0.00034755
9.94,-0.0078452,-0.0076655,-0.0077084,-0.0076936,-0.0076268,-0.0077079,0.00034334
9.9467,-0.0076624,-0.0074043,-0.00748,-0.0074561,-0.0074301,-0.0074866,0.00035097
9.9533,-0.0075306,-0.007225,-0.0072453,-0.0072714,-0.0072603,-0.0073065,0.00036265
9.96,-0.0074492,-0.0070352,-0.0070343,-0.0071237,-0.0069134,-0.0071112,0.00041269
9.9667,-0.0071329,-0.006783,-0.0068376,-0.0068917,-0.0067458,-0.0068782,0.00037729
9.9733,-0.0068247,-0.0066059,-0.0065949,-0.0066381,-0.0066918,-0.0066711,0.00034602
9.98,-0.0067638,-0.0063987,-0.0063771,-0.0064746,-0.0064344,-0.0064897,0.00037986
9.9867,-0.0064753,-0.0060941,-0.0061751,-0.0062636,-0.0061758,-0.0062368,0.00037241
9.9933,-0.0062369,-0.0059227,-0.0059525,-0.005963,-0.0059796,-0.0060109,0.00036169
10,-0.0060247,-0.0057684,-0.0057124,-0.0057675,-0.0057221,-0.005799,0.00036181
10.007,-0.005782,-0.0055019,-0.0054776,-0.0054722,-0.0054636,-0.0055394,0.00036577
10.013,-0.0054106,-0.0052263,-0.0052523,-0.005393,-0.0052235,-0.0053011,0.00034383
10.02,-0.0055758,-0.0049043,-0.0048986,-0.0052081,-0.0049887,-0.0051151,0.0004809
10.027,-0.0049599,-0.004622,-0.0046532,-0.0047544,-0.0047195,-0.0047418,0.00036285
10.033,-0.0048028,-0.0043967,-0.0043999,-0.0044802,-0.0044172,-0.0044994,0.00038789
10.04,-0.0044416,-0.0040868,-0.0041345,-0.0042003,-0.004156,-0.0042038,0.000366
10.047,-0.0041842,-0.0038916,-0.0039326,-0.0039256,-0.0039767,-0.0039822,0.00035371
10.053,-0.0040923,-0.0036791,-0.0036661,-0.0036565,-0.0036853,-0.0037559,0.00039825
10.06,-0.003835,-0.003365,-0.0033615,-0.0033771,-0.0033648,-0.0034607,0.00041384
10.067,-0.0034147,-0.00306,-0.0030739,-0.0030764,-0.0031565,-0.0031563,0.00037143
10.073,-0.0030448,-0.0026709,-0.0027953,-0.0027436,-0.0028123,-0.0028134,0.00036591
10.08,-0.0027267,-0.002353,-0.0025198,-0.0024378,-0.0024532,-0.0024981,0.00036593
10.087,-0.0025395,-0.002113,-0.0021834,-0.0022694,-0.0021747,-0.002256,0.00038303
10.093,-0.0022709,-0.0018491,-0.0018747,-0.0019578,-0.0018844,-0.0019674,0.00038731
10.1,-0.0018031,-0.0015271,-0.001652,-0.00162,-0.0017104,-0.0016625,0.00034544
10.107,-0.0015475,-0.0011723,-0.0013828,-0.0012771,-0.0013699,-0.0013499,0.00036439
10.113,-0.0014987,-0.00093115,-0.0010371,-0.0010182,-0.00094639,-0.0010863,0.00043359
10.12,-0.0010648,-0.00064237,-0.000697,-0.00068056,-0.00064441,-0.00074582,0.00039078
10.127,-0.00079701,-0.00036267,-0.00038025,-0.00036915,-0.00029599,-0.00044101,0.00040689
10.133,-0.00043312,-7.6131e-05,-9.2661e-05,-5.2038e-06,2.7092e-05,-0.000116,0.00039373
10.14,-0.00011506,0.00029338,0.00027275,0.00036915,0.00033436,0.00023092,0.00040326
10.147,0.00025574,0.00066253,0.00073589,0.00066999,0.00066273,0.00059738,0.00040067
10.153,0.00064394,0.00097399,0.00097864,0.00096011,0.00099379,0.00091009,0.00037045
10.16,0.00086147,0.0013393,0.0012202,0.0012662,0.0013078,0.001199,0.00040112
10.167,0.0012782,0.0016863,0.0015433,0.0015829,0.0016996,0.0015581,0.00038415
10.173,0.0015468,0.001921,0.0018939,0.0020155,0.0020587,0.0018872,0.00040727
10.18,0.0017852,0.0022483,0.0022583,0.0023216,0.0023949,0.0022016,0.00043823
10.187,0.0022799,0.0026416,0.0025458,0.0026383,0.0027762,0.0025764,0.00039506
10.193,0.0026031,0.0030108,0.0029256,0.0029444,0.0030585,0.0029085,0.0003908
10.2,0.0029194,0.0033075,0.0032846,0.0032187,0.0033711,0.0032203,0.00038959
10.207,0.0033101,0.0036464,0.003679,0.0036988,0.0037232,0.0036115,0.00038573
10.213,0.0035607,0.0040107,0.0039916,0.0040102,0.0040543,0.0039255,0.00041098
10.22,0.0040277,0.0043274,0.0042226,0.0043426,0.0043831,0.0042607,0.00036846
10.227,0.0042219,0.0046875,0.0045996,0.0046696,0.0047141,0.0045786,0.00041042
10.233,0.0046853,0.0050253,0.0049899,0.0049493,0.0050568,0.0049414,0.00037246
10.24,0.0051091,0.0053447,0.0053188,0.0052608,0.0054143,0.0052895,0.000354
10.247,0.0052011,0.0057164,0.0056211,0.0056671,0.0057257,0.0055863,0.00042354
10.253,0.0056298,0.0059958,0.0059691,0.0060363,0.0060186,0.0059299,0.00038712
10.26,0.0058742,0.0062532,0.0062775,0.006469,0.0062191,0.0062186,0.00042121
10.267,0.0062389,0.0065265,0.0066746,0.006717,0.0065426,0.0065399,0.00040017
10.273,0.006461,0.0068364,0.0070135,0.0069439,0.0068842,0.0068278,0.00042185
10.28,0.0068508,0.0071769,0.0072276,0.0072342,0.0071824,0.0071344,0.0003827
10.287,0.0072147,0.0074502,0.0075088,0.0074717,0.0075081,0.0074307,0.00036119
10.293,0.0074313,0.0077744,0.007767,0.0077253,0.007798,0.0076992,0.00037809
10.3,0.0076419,0.0080976,0.0080214,0.0080682,0.0080592,0.0079777,0.00040384
10.307,0.0080569,0.0082746,0.0083264,0.0083424,0.0083257,0.0082652,0.00036043
10.313,0.0082762,0.0084528,0.008614,0.0086223,0.0085726,0.0085076,0.00037572
10.32,0.0085127,0.0087193,0.0088488,0.0088228,0.0088708,0.0087549,0.00037693
10.327,0.008874,0.0090091,0.0090312,0.0090441,0.0091384,0.0090194,0.00035061
10.333,0.0090206,0.0091541,0.0092908,0.0093451,0.0093377,0.0092297,0.00037338
10.34,0.0093307,0.0093983,0.0095611,0.0095564,0.0095925,0.0094878,0.00036105
10.347,0.0095898,0.0097188,0.0098011,0.0097936,0.0097956,0.0097398,0.00035018
10.353,0.0097311,0.0099562,0.010036,0.010015,0.0099711,0.0099419,0.00036514
10.36,0.0099901,0.010179,0.010291,0.010248,0.010327,0.010207,0.00037157
10.367,0.010124,0.010419,0.010407,0.010374,0.010512,0.010367,0.00037893
10.373,0.010309,0.010567,0.01054,0.010532,0.010604,0.010511,0.00036328
10.38,0.010545,0.010707,0.01076,0.010733,0.010772,0.010703,0.000353
10.387,0.01068,0.01086,0.01096,0.010912,0.010976,0.010878,0.00036576
10.393,0.010908,0.01098,0.011026,0.010912,0.01111,0.010987,0.00035064
10.4,0.010967,0.011112,0.011089,0.010981,0.011238,0.011077,0.0003617
10.407,0.011022,0.0112,0.01116,0.011176,0.011332,0.011178,0.00036213
10.413,0.011154,0.011268,0.011189,0.011261,0.011376,0.011249,0.0003517
10.42,0.011363,0.011405,0.0113,0.011361,0.01147,0.011379,0.00034454
10.427,0.011338,0.011459,0.011444,0.011403,0.011503,0.011429,0.00034453
10.433,0.011365,0.011464,0.011503,0.011493,0.011549,0.011475,0.00034643
10.44,0.011468,0.011517,0.011503,0.011593,0.011597,0.011535,0.00034344
10.447,0.011555,0.011569,0.011488,0.011556,0.011611,0.011556,0.00034048
10.453,0.011844,0.011651,0.011535,0.011661,0.011608,0.01166,0.00036509
10.46,0.0116,0.011641,0.011612,0.011772,0.01164,0.011653,0.00034709
10.467,0.0116,0.011608,0.011562,0.01162,0.011632,0.011604,0.00033779
10.473,0.011602,0.011562,0.011547,0.011593,0.01164,0.011589,0.00033918
10.48,0.011652,0.011514,0.011539,0.011588,0.011588,0.011576,0.00034252
10.487,0.011452,0.011543,0.011474,0.011572,0.011532,0.011515,0.00034165
10.493,0.011547,0.011567,0.011479,0.011503,0.011529,0.011525,0.00033878
10.5,0.011652,0.011509,0.011459,0.011471,0.011517,0.011522,0.00034926
10.507,0.011477,0.011447,0.011467,0.011461,0.011473,0.011465,0.00033617
10.513,0.011562,0.011362,0.011416,0.011488,0.011366,0.011439,0.00035216
10.52,0.011336,0.011303,0.011287,0.011466,0.011248,0.011328,0.00035116
10.527,0.01126,0.011245,0.011225,0.011287,0.011215,0.011246,0.00033716
10.533,0.011251,0.011081,0.011155,0.011208,0.011111,0.011161,0.0003459
10.54,0.011072,0.010972,0.011049,0.011123,0.011001,0.011044,0.00034282
10.547,0.010968,0.010916,0.010959,0.010955,0.010931,0.010946,0.00033554
10.553,0.010884,0.010779,0.01085,0.010849,0.010797,0.010832,0.0003384
10.56,0.010702,0.010653,0.010761,0.010723,0.010653,0.010699,0.00033888
10.567,0.010572,0.01053,0.010593,0.010575,0.010507,0.010555,0.00033648
10.573,0.010488,0.010401,0.010358,0.010506,0.01029,0.010409,0.00035152
10.58,0.010307,0.010208,0.010292,0.010374,0.010157,0.010268,0.00034941
10.587,0.010148,0.010003,0.010084,0.010058,0.0099855,0.010055,0.00034212
10.593,0.0099615,0.0098879,0.0098355,0.0098517,0.0097534,0.009858,0.0003451
10.6,0.0096999,0.0096637,0.0096721,0.0096723,0.0095397,0.0096495,0.00034056
10.607,0.0096148,0.0093787,0.0094902,0.0094929,0.0092875,0.0094528,0.0003654
10.613,0.0093594,0.0092719,0.0091867,0.0092869,0.0090819,0.0092374,0.00035601
10.62,0.0091722,0.0090541,0.0088953,0.0090126,0.0090252,0.0090319,0.00035233
10.627,0.0089321,0.0087162,0.0086817,0.0088015,0.0087757,0.0087814,0.0003508
10.633,0.0086176,0.0085275,0.0084585,0.0085694,0.0084024,0.0085151,0.00034597
10.64,0.0082753,0.0082335,0.0082185,0.0082632,0.0081269,0.0082235,0.00033652
10.647,0.0081141,0.007959,0.0079403,0.0079045,0.0078777,0.0079591,0.00034746
10.653,0.0078741,0.0077111,0.00765,0.0076355,0.0076403,0.0077022,0.00035068
10.66,0.0074842,0.0074551,0.0072869,0.0073825,0.0073447,0.0073907,0.00034195
10.667,0.0072208,0.0071396,0.0068068,0.0069865,0.007045,0.0070397,0.00038088
10.673,0.0069781,0.00679,0.006555,0.0066647,0.0067521,0.006748,0.00038001
10.68,0.0066133,0.0065145,0.0063832,0.0064222,0.0064358,0.0064738,0.00034481
10.687,0.0063248,0.0063087,0.006122,0.0061108,0.0061481,0.0062029,0.00035034
10.693,0.0060847,0.0060344,0.0058122,0.0057465,0.0058262,0.0059008,0.0003738
10.7,0.0058214,0.0056938,0.0055007,0.0054139,0.0055295,0.0055919,0.00038263
10.707,0.0054297,0.0053338,0.0051931,0.0051554,0.0052339,0.0052692,0.00035239
10.713,0.005135,0.0050544,0.0048794,0.0048336,0.0048617,0.0049528,0.00036362
10.72,0.0048188,0.0047536,0.0045605,0.0044748,0.0045677,0.0046351,0.0003697
10.727,0.0044153,0.0044301,0.0042316,0.0041844,0.0042842,0.0043091,0.00035038
10.733,0.0045022,0.0042244,0.0039874,0.003931,0.0039268,0.0041144,0.0004466
10.74,0.0038691,0.0038775,0.0037157,0.0035513,0.003601,0.0037229,0.00037205
10.747,0.0035164,0.0033615,0.0033582,0.0031926,0.0033108,0.0033479,0.00035293
10.753,0.0029066,0.0030806,0.0031049,0.0029446,0.0030348,0.0030143,0.00033895
10.76,0.002656,0.0028421,0.0028162,0.0026541,0.0027272,0.0027391,0.00033953
10.767,0.0025459,0.0024873,0.0024497,0.0024112,0.0024131,0.0024614,0.00032898
10.773,0.0023076,0.0021732,0.002179,0.0021316,0.0021085,0.00218,0.00033519
10.78,0.0019169,0.0018973,0.0019099,0.001847,0.0017775,0.0018697,0.00032916
10.787,0.0016742,0.0016044,0.0015354,0.0014989,0.0014925,0.0015611,0.000335
10.793,0.0012897,0.0012152,0.001215,0.0011556,0.0011678,0.0012086,0.00032746
10.8,0.0010729,0.00083926,0.00093372,0.0008705,0.00083044,0.00090936,0.00034395
10.807,0.00070384,0.00056634,0.00061705,0.00057502,0.00048239,0.00058893,0.000336
10.813,0.00036058,0.00025647,0.00030076,0.00026881,0.00012979,0.00026328,0.00033752
10.82,1.7476e-05,-4.0232e-05,-1.5986e-05,-5.8055e-05,-0.0001435,-4.8059e-05,0.00032932
10.827,-0.00017152,-0.00053927,-0.0002602,-0.00036411,-0.00030803,-0.00032862,0.00036318
10.833,-0.00048684,-0.00061331,-0.00069163,-0.00067032,-0.00061684,-0.00061579,0.0003356
10.84,-0.00088019,-0.00074495,-0.00099097,-0.00092352,-0.0009901,-0.00090594,0.00034463
10.847,-0.0011282,-0.0012066,-0.0011623,-0.0012507,-0.0011642,-0.0011824,0.00032615
10.853,-0.0016564,-0.0014625,-0.0014817,-0.0015829,-0.0013449,-0.0015057,0.00035348
10.86,-0.001777,-0.0017634,-0.0017957,-0.001847,-0.0017103,-0.0017787,0.00032691
10.867,-0.0020171,-0.0021012,-0.0020713,-0.0020843,-0.0020572,-0.0020662,0.0003236
10.873,-0.0023273,-0.0023624,-0.0023495,-0.0023586,-0.0023645,-0.0023525,0.00032187
10.88,-0.0025422,-0.002658,-0.0026254,-0.0026016,-0.0025627,-0.002598,0.00032665
10.887,-0.0027813,-0.0030154,-0.002904,-0.00286,-0.002874,-0.002887,0.00033848
10.893,-0.0030707,-0.0033121,-0.0031943,-0.0031555,-0.0032157,-0.0031897,0.00033992
10.9,-0.0033862,-0.0035353,-0.0034989,-0.0034934,-0.0034414,-0.003471,0.00033005
10.907,-0.0036738,-0.003761,-0.0036555,-0.0037255,-0.0037222,-0.0037076,0.00032658
10.913,-0.0038913,-0.0040275,-0.0039288,-0.003979,-0.0040824,-0.0039818,0.0003361
10.92,-0.0042041,-0.004303,-0.0043168,-0.0042268,-0.0043039,-0.0042709,0.00032909
10.927,-0.0044147,-0.0045521,-0.0045464,-0.0044694,-0.0044991,-0.0044963,0.00033071
10.933,-0.0046063,-0.0048477,-0.0047336,-0.0046913,-0.0046731,-0.0047104,0.0003418
10.94,-0.0049693,-0.0051036,-0.0050027,-0.0049602,-0.004912,-0.0049896,0.00033554
10.947,-0.0052049,-0.0053606,-0.005276,-0.0052661,-0.0052382,-0.0052692,0.00033185
10.953,-0.005393,-0.0056049,-0.0054844,-0.0055249,-0.0054846,-0.0054984,0.0003379
10.96,-0.0056287,-0.0058042,-0.0057123,-0.0057467,-0.005739,-0.0057262,0.00033408
10.967,-0.0058194,-0.0061167,-0.0059762,-0.0059418,-0.0059421,-0.0059593,0.00035062
10.973,-0.0061779,-0.0061062,-0.006211,-0.0061158,-0.0061034,-0.0061428,0.00033066
10.98,-0.0063938,-0.0062563,-0.0062767,-0.0063636,-0.006346,-0.0063273,0.00033336
10.987,-0.0066242,-0.0066075,-0.0065288,-0.006617,-0.0065925,-0.006594,0.0003292
10.993,-0.0066695,-0.0068215,-0.0068708,-0.006823,-0.0067458,-0.0067861,0.00034051
11,-0.0070272,-0.0070732,-0.0070236,-0.0069915,-0.0069382,-0.0070108,0.00033223
11.007,-0.0072083,-0.0072499,-0.0072305,-0.0071972,-0.0072455,-0.0072263,0.000328
11.013,-0.0073002,-0.0074424,-0.0074626,-0.0074138,-0.0073999,-0.0074038,0.00033623
11.02,-0.0076338,-0.0076481,-0.0077054,-0.0075778,-0.0075305,-0.0076191,0.00033788
11.027,-0.0078156,-0.0078067,-0.0078941,-0.0077095,-0.0077389,-0.007793,0.00033976
11.033,-0.0079174,-0.0079362,-0.0079564,-0.0078939,-0.0079382,-0.0079284,0.0003293
11.04,-0.0085575,-0.0081286,-0.0081425,-0.0080838,-0.0081205,-0.0082066,0.0004098
11.047,-0.0083575,-0.0083053,-0.0083429,-0.008237,-0.0083515,-0.0083189,0.00033454
11.053,-0.0084777,-0.0084835,-0.008492,-0.008427,-0.0085108,-0.0084782,0.0003313
11.06,-0.0085843,-0.0085903,-0.0086766,-0.0085697,-0.0086071,-0.0086056,0.00033335
11.067,-0.008794,-0.0087209,-0.0088321,-0.0088176,-0.0087244,-0.0087778,0.00033591
11.073,-0.008976,-0.0091032,-0.0090077,-0.0089864,-0.0088588,-0.0089864,0.00034737
11.08,-0.0090592,-0.0091837,-0.0091462,-0.009034,-0.0090174,-0.0090881,0.00034243
11.087,-0.0092437,-0.0092682,-0.0092107,-0.0091659,-0.0091178,-0.0092013,0.00033888
11.093,-0.009423,-0.0093762,-0.009336,-0.0093347,-0.009214,-0.0093368,0.0003445
11.1,-0.0094543,-0.0093867,-0.0094629,-0.0094295,-0.0093605,-0.0094188,0.00033543
11.107,-0.0096856,-0.0095506,-0.0095712,-0.00953,-0.0095186,-0.0095712,0.00034157
11.113,-0.0097508,-0.0096309,-0.0097029,-0.0096406,-0.0096916,-0.0096834,0.00033704
11.12,-0.009982,-0.0097061,-0.0098347,-0.0097513,-0.0098036,-0.0098155,0.00035663
11.127,-0.0099838,-0.0097774,-0.0098939,-0.0098253,-0.0098852,-0.0098731,0.00034574
11.133,-0.010039,-0.0098937,-0.0099811,-0.009857,-0.010049,-0.009964,0.00034888
11.14,-0.010219,-0.010003,-0.010082,-0.010005,-0.010115,-0.010085,0.00035054
11.147,-0.010124,-0.010087,-0.01012,-0.010137,-0.010135,-0.01012,0.00033342
11.153,-0.010297,-0.010176,-0.010175,-0.010226,-0.010199,-0.010215,0.00033864
11.16,-0.010431,-0.010214,-0.010327,-0.010253,-0.010295,-0.010304,0.00034841
11.167,-0.010409,-0.010299,-0.010495,-0.010385,-0.010413,-0.0104,0.00034435
11.173,-0.010533,-0.0103,-0.010496,-0.010464,-0.01046,-0.010451,0.00035121
11.18,-0.010563,-0.010296,-0.010535,-0.010353,-0.010475,-0.010444,0.00036296
11.187,-0.010791,-0.010389,-0.010519,-0.010379,-0.010487,-0.010513,0.00039253
11.193,-0.010775,-0.010408,-0.010507,-0.010379,-0.010531,-0.01052,0.00038576
11.2,-0.010774,-0.010442,-0.010568,-0.010469,-0.01061,-0.010573,0.00037161
11.207,-0.010749,-0.010432,-0.010566,-0.010459,-0.010602,-0.010561,0.00036879
11.213,-0.010776,-0.010486,-0.010598,-0.010432,-0.010624,-0.010583,0.0003725
11.22,-0.010853,-0.010555,-0.010633,-0.010559,-0.010686,-0.010657,0.00036673
11.227,-0.010829,-0.010484,-0.010604,-0.010559,-0.010684,-0.010632,0.00037172
11.233,-0.010875,-0.010481,-0.010624,-0.010559,-0.010686,-0.010645,0.00038199
11.24,-0.0108,-0.010487,-0.010688,-0.010538,-0.010684,-0.010639,0.0003686
11.247,-0.010817,-0.010522,-0.010639,-0.010506,-0.010672,-0.010631,0.00036879
11.253,-0.010584,-0.010511,-0.010594,-0.010517,-0.010686,-0.010578,0.00034506
11.26,-0.010932,-0.010435,-0.010549,-0.010543,-0.010596,-0.010611,0.00040782
11.267,-0.010752,-0.010498,-0.010501,-0.010506,-0.010586,-0.010569,0.00035995
11.273,-0.010722,-0.010424,-0.010472,-0.010311,-0.010573,-0.0105,0.00038531
11.28,-0.010721,-0.010334,-0.010448,-0.010274,-0.010484,-0.010452,0.00039617
11.287,-0.010622,-0.010256,-0.010448,-0.010385,-0.010548,-0.010452,0.00037703
11.293,-0.010686,-0.010188,-0.010376,-0.010295,-0.010474,-0.010404,0.00040805
11.3,-0.010537,-0.01017,-0.010273,-0.010363,-0.010268,-0.010322,0.00037443
11.307,-0.010535,-0.010074,-0.010295,-0.010284,-0.01024,-0.010286,0.0003909
11.313,-0.010484,-0.010102,-0.010212,-0.010179,-0.010174,-0.01023,0.00037969
11.32,-0.010431,-0.010057,-0.010062,-0.0101,-0.010135,-0.010157,0.00038509
11.327,-0.010249,-0.0098462,-0.010012,-0.010026,-0.0099962,-0.010026,0.00037742
11.333,-0.010138,-0.0097514,-0.0099415,-0.0099733,-0.0098539,-0.0099316,0.00037713
11.34,-0.009956,-0.0096785,-0.0098649,-0.0098042,-0.0097667,-0.009814,0.00035615
11.347,-0.0099222,-0.0095321,-0.0098268,-0.0096565,-0.0096081,-0.0097091,0.00038709
11.353,-0.0097006,-0.0093882,-0.009612,-0.009509,-0.0094934,-0.0095406,0.00036292
11.36,-0.0097186,-0.0092418,-0.0093878,-0.009435,-0.0094436,-0.0094454,0.00039447
11.367,-0.0095627,-0.0090546,-0.0092678,-0.0093189,-0.0092865,-0.0092981,0.00039969
11.373,-0.0094759,-0.0089304,-0.0091356,-0.0091976,-0.0091242,-0.0091727,0.00041097
11.38,-0.0092437,-0.0088342,-0.0089744,-0.0090708,-0.0089725,-0.0090191,0.00037977
11.387,-0.0090618,-0.0086734,-0.0088332,-0.0089334,-0.0088192,-0.0088642,0.00037527
11.393,-0.0089526,-0.0085031,-0.0086842,-0.0088068,-0.0086992,-0.0087292,0.00038853
11.4,-0.0088217,-0.0083302,-0.0086011,-0.0086488,-0.0085675,-0.0085939,0.00039578
11.407,-0.0086641,-0.0082038,-0.0084414,-0.0084483,-0.0083776,-0.008427,0.0003876
11.413,-0.0085297,-0.0082408,-0.0082241,-0.0082372,-0.0081692,-0.0082802,0.00037317
11.42,-0.0083461,-0.0080679,-0.0080225,-0.0081154,-0.008028,-0.008116,0.00036802
11.427,-0.0081078,-0.0077474,-0.0078718,-0.0079043,-0.0079223,-0.0079107,0.00036529
11.433,-0.0078514,-0.0075534,-0.0077492,-0.0076724,-0.0080783,-0.0077809,0.00041018
11.44,-0.0077663,-0.0073948,-0.0075038,-0.0076041,-0.0078092,-0.0076157,0.00039248
11.447,-0.0077064,-0.0071929,-0.0072744,-0.0074405,-0.0073656,-0.007396,0.00040842
11.453,-0.0074457,-0.0069846,-0.0070728,-0.0072821,-0.0071784,-0.0071927,0.00039597
11.46,-0.0070801,-0.0068,-0.0068931,-0.007108,-0.0069964,-0.0069755,0.0003635
11.467,-0.0069215,-0.0066154,-0.0066885,-0.0068227,-0.0067802,-0.0067657,0.00035773
11.473,-0.0067594,-0.0064018,-0.0064246,-0.0066064,-0.0065163,-0.0065417,0.00037283
11.48,-0.0064735,-0.0061496,-0.006219,-0.0063692,-0.0063102,-0.0063043,0.00036128
11.487,-0.0063608,-0.0059291,-0.0060174,-0.006116,-0.0060796,-0.0061006,0.00038206
11.493,-0.0060542,-0.0057012,-0.0057943,-0.0058098,-0.0057897,-0.0058298,0.00036392
11.5,-0.0058401,-0.0055102,-0.0055252,-0.0054931,-0.0055862,-0.005591,0.00037011
11.507,-0.0056261,-0.0052622,-0.005339,-0.0053878,-0.0053816,-0.0053993,0.00036559
11.513,-0.0053393,-0.0050787,-0.0050129,-0.0051136,-0.0051325,-0.0051354,0.00035783
11.52,-0.005075,-0.00475,-0.0046449,-0.004876,-0.004866,-0.0048424,0.00038002
11.527,-0.0048107,-0.0045152,-0.0044656,-0.0046225,-0.0045757,-0.0045979,0.00036288
11.533,-0.0045481,-0.0043385,-0.00429,-0.0043111,-0.0043288,-0.0043633,0.0003482
11.54,-0.0043098,-0.003952,-0.0040066,-0.0040949,-0.0040598,-0.0040846,0.00036473
11.547,-0.0039468,-0.0036749,-0.0037363,-0.0037889,-0.0037435,-0.0037781,0.00034663
11.553,-0.0037518,-0.003502,-0.0034672,-0.0034404,-0.0034848,-0.0035293,0.00035837
11.56,-0.0034658,-0.003216,-0.0031652,-0.0031768,-0.0031719,-0.0032392,0.00035913
11.567,-0.0031703,-0.0029483,-0.002875,-0.0029288,-0.0028632,-0.0029571,0.00035684
11.573,-0.0027355,-0.0026909,-0.0025847,-0.0026491,-0.0025823,-0.0026485,0.000332
11.58,-0.0025422,-0.0023451,-0.0022944,-0.0023588,-0.0022947,-0.002367,0.00034544
11.587,-0.0023273,-0.0020627,-0.0020332,-0.0020053,-0.0020309,-0.0020919,0.00036123
11.593,-0.0020127,-0.0017793,-0.0017376,-0.0017205,-0.0017093,-0.0017919,0.00035727
11.6,-0.0016453,-0.0014218,-0.0014093,-0.0014091,-0.0013978,-0.0014567,0.00034676
11.607,-0.001355,-0.0011395,-0.0011073,-0.0010554,-0.0010468,-0.0011408,0.00035673
11.613,-0.0010656,-0.00089939,-0.00081701,-0.00063828,-0.00071157,-0.00082638,0.00038175
11.62,-0.0008005,-0.00057745,-0.00038139,-0.000422,-0.00044776,-0.00052582,0.00038404
11.627,-0.00050583,-0.00023737,-5.9405e-05,-0.00010001,-0.00014049,-0.00020862,0.00039
11.633,-8.9988e-05,7.9375e-05,0.00015952,0.00015839,0.0002894,0.00011934,0.00036426
11.64,0.00028092,0.00043986,0.0004498,0.00048542,0.00060199,0.0004516,0.00035111
11.647,0.00072094,0.00073388,0.00076914,0.00090254,0.00087638,0.00080058,0.0003371
11.653,0.00091609,0.0010174,0.0010975,0.0011928,0.0012312,0.001091,0.00035831
11.66,0.0011518,0.0014329,0.0014576,0.0015039,0.00156,0.0014213,0.00037628
11.667,0.0013693,0.0017338,0.0017517,0.0018466,0.0019058,0.0017214,0.00041277
11.673,0.0017584,0.0020082,0.0020351,0.0020947,0.0022168,0.0020226,0.00038304
11.68,0.0021543,0.0024064,0.0025522,0.0023692,0.0025388,0.0024042,0.00037846
11.687,0.0025226,0.0026978,0.0028928,0.0028335,0.0028936,0.0027681,0.00037716
11.693,0.0028666,0.0030421,0.0031026,0.0031607,0.0031929,0.003073,0.00035941
11.7,0.0032097,0.0034883,0.0034046,0.0034565,0.0035296,0.0034177,0.00035747
11.707,0.0034776,0.0038382,0.0037239,0.00381,0.0038237,0.0037347,0.00037253
11.713,0.0038682,0.0041428,0.0040814,0.0042003,0.0041505,0.0040887,0.0003609
11.72,0.0042383,0.0044591,0.0044362,0.0045381,0.0045439,0.0044431,0.00035777
11.727,0.0044263,0.0048335,0.0047794,0.0048337,0.0048262,0.0047398,0.00039074
11.733,0.0046951,0.0051831,0.0050934,0.0052134,0.0051097,0.0050589,0.00041519
11.74,0.0051888,0.0055024,0.0054271,0.0055301,0.0054528,0.0054202,0.00036521
11.747,0.0055527,0.0058312,0.0057671,0.0059103,0.005796,0.0057715,0.00036448
11.753,0.0057721,0.0061188,0.0061273,0.0062479,0.0061825,0.0060897,0.00039792
11.76,0.0060856,0.0064986,0.0064217,0.0064957,0.0065463,0.0064096,0.00039944
11.767,0.0067733,0.0068138,0.006749,0.0068335,0.0069789,0.0068297,0.00034465
11.773,0.0067825,0.0070565,0.0070113,0.0070868,0.0072602,0.0070395,0.00038997
11.78,0.0070882,0.0073467,0.0073465,0.0072662,0.0074119,0.0072919,0.00036188
11.787,0.0073133,0.007637,0.007659,0.0074932,0.007681,0.0075567,0.00037949
11.793,0.0072256,0.0079707,0.0079478,0.0079837,0.0079543,0.0078164,0.00052527
11.8,0.0080119,0.0083255,0.0082423,0.0082896,0.0082351,0.0082209,0.00036204
11.807,0.008349,0.0085671,0.0085257,0.0085375,0.0085514,0.0085061,0.00034725
11.813,0.008543,0.0088272,0.0088251,0.0088174,0.00881,0.0087645,0.0003638
11.82,0.008829,0.0092137,0.0090889,0.0091553,0.0090791,0.0090732,0.0003773
11.827,0.0090448,0.0094179,0.0093528,0.009324,0.0090909,0.0092461,0.00039025
11.833,0.0093792,0.009604,0.0095875,0.0095247,0.0093472,0.0094885,0.00036246
11.84,0.0095942,0.0098773,0.0099148,0.0098359,0.0098182,0.0098081,0.0003665
11.847,0.0097795,0.010144,0.010119,0.0101,0.010048,0.010038,0.00038023
11.853,0.0099703,0.01055,0.010334,0.010311,0.010322,0.010297,0.0004213
11.86,0.010333,0.010717,0.010515,0.010453,0.010561,0.010516,0.00037676
11.867,0.010513,0.010713,0.0106,0.010612,0.010692,0.010626,0.00034822
11.873,0.010578,0.010851,0.010848,0.01078,0.010839,0.010779,0.00036389
11.88,0.010835,0.011021,0.011016,0.011039,0.011012,0.010985,0.00035062
11.887,0.010869,0.011237,0.011129,0.01125,0.011225,0.011142,0.00038951
11.893,0.011118,0.011327,0.0113,0.011202,0.01139,0.011268,0.00036088
11.9,0.011204,0.011448,0.011342,0.011229,0.011409,0.011326,0.00036113
11.907,0.011183,0.011523,0.011376,0.01134,0.011472,0.011379,0.00037332
11.913,0.011333,0.011517,0.011525,0.011413,0.011573,0.011472,0.00035682
11.92,0.011415,0.011671,0.011536,0.011493,0.011669,0.011557,0.0003638
11.927,0.011123,0.011676,0.011535,0.011488,0.011888,0.011542,0.00048454
11.933,0.011507,0.011651,0.011568,0.011583,0.01183,0.011628,0.00036985
11.94,0.011547,0.011713,0.011585,0.011746,0.011719,0.011662,0.00035424
11.947,0.011771,0.011653,0.011565,0.011762,0.011769,0.011704,0.00035536
11.953,0.011604,0.011796,0.011573,0.011556,0.011709,0.011648,0.00035941
11.96,0.01152,0.011803,0.011623,0.011593,0.011649,0.011638,0.00036034
11.967,0.01162,0.011673,0.011606,0.011567,0.011678,0.011629,0.0003413
11.973,0.01154,0.011702,0.011582,0.011561,0.011687,0.011615,0.00034875
11.98,0.011257,0.011682,0.011452,0.011588,0.011675,0.011531,0.00040283
11.987,0.011485,0.011632,0.011418,0.011572,0.011704,0.011562,0.00036475
11.993,0.011448,0.011634,0.011477,0.011577,0.011627,0.011553,0.0003526
12,0.011573,0.011574,0.011433,0.01152,0.011515,0.011523,0.00034347
12.007,0.011468,0.011413,0.01134,0.011356,0.011462,0.011408,0.00034355
12.013,0.011363,0.011301,0.011277,0.011387,0.011395,0.011344,0.00034181
12.02,0.011257,0.011233,0.011236,0.011287,0.011301,0.011263,0.00033741
12.027,0.011203,0.011183,0.011155,0.011176,0.011224,0.011188,0.00033674
12.033,0.01111,0.011041,0.011093,0.011118,0.011171,0.011107,0.00034
12.04,0.010598,0.010934,0.010965,0.01105,0.011046,0.010918,0.00040667
12.047,0.010851,0.010847,0.01087,0.010897,0.01092,0.010877,0.00033656
12.053,0.010834,0.010732,0.010725,0.010775,0.010855,0.010784,0.00034202
12.06,0.010782,0.010609,0.010519,0.010685,0.010672,0.010653,0.00035506
12.067,0.010549,0.010407,0.010404,0.010511,0.010497,0.010474,0.00034301
12.073,0.010435,0.010213,0.010412,0.010353,0.010346,0.010352,0.00034985
12.08,0.010202,0.010084,0.010244,0.010195,0.01012,0.010169,0.00034235
12.087,0.0099452,0.0098335,0.0099477,0.010015,0.0099553,0.0099394,0.00034202
12.093,0.009906,0.0096384,0.0097536,0.0098463,0.0098205,0.009793,0.00035526
12.1,0.0097267,0.0095421,0.0095664,0.0096461,0.0096043,0.0096171,0.00034353
12.107,0.0094633,0.0093085,0.0093992,0.0093876,0.0093985,0.0093914,0.00033794
12.113,0.0092259,0.0090356,0.0091655,0.0092344,0.0091384,0.00916,0.00034518
12.12,0.0090144,0.0087257,0.0088923,0.0089862,0.0088825,0.0089002,0.00035859
12.127,0.0087735,0.0085305,0.0086115,0.0086963,0.0086546,0.0086533,0.00034823
12.133,0.0084365,0.0083033,0.0084834,0.0084429,0.0084054,0.0084143,0.00033959
12.14,0.0081696,0.0079771,0.0082487,0.0081263,0.0080808,0.0081205,0.00035161
12.147,0.0081018,0.0077016,0.0078584,0.0078199,0.007772,0.0078508,0.00037834
12.153,0.0076238,0.0073653,0.0075587,0.0075296,0.007578,0.0075311,0.00034954
12.16,0.0073516,0.0072452,0.007251,0.0072185,0.0072745,0.0072682,0.00033287
12.167,0.0067635,0.0069154,0.0069226,0.0069074,0.0068235,0.0068665,0.00033762
12.173,0.0066861,0.006476,0.0066207,0.0064428,0.0064935,0.0065438,0.00035047
12.18,0.0064548,0.0061661,0.0062722,0.0059838,0.0062244,0.0062203,0.00038819
12.187,0.0060183,0.0058112,0.0060073,0.0058995,0.0059224,0.0059318,0.00034149
12.193,0.0059095,0.0052942,0.0056751,0.0056359,0.005545,0.0056119,0.00042631
12.2,0.0053205,0.0050265,0.0053161,0.0053032,0.0052415,0.0052416,0.00035882
12.207,0.0050554,0.0048763,0.0050085,0.0049549,0.0047523,0.0049295,0.00035583
12.213,0.0047616,0.0045305,0.0046077,0.0046017,0.0044635,0.004593,0.00035137
12.22,0.004344,0.0041176,0.0042898,0.0043114,0.0043393,0.0042804,0.00034312
12.227,0.0041246,0.0038288,0.0039769,0.0039788,0.0039623,0.0039743,0.00034779
12.233,0.0036638,0.0035978,0.0036104,0.0036147,0.003601,0.0036175,0.00032392
12.24,0.0033414,0.0032932,0.0033258,0.0032877,0.0032817,0.003306,0.0003236
12.247,0.0030979,0.0029621,0.0030445,0.0029657,0.0029529,0.0030046,0.00033135
12.253,0.0026882,0.0026481,0.0026697,0.0026966,0.0026505,0.0026706,0.00032265
12.26,0.0024446,0.0023578,0.0023059,0.0023746,0.0023459,0.0023658,0.00032747
12.267,0.0020539,0.0020385,0.0020039,0.0019999,0.0021021,0.0020396,0.00032532
12.273,0.0018094,0.0017682,0.0016988,0.0017361,0.0017722,0.001757,0.00032517
12.28,0.0015209,0.00147,0.0014112,0.0014403,0.0014105,0.0014506,0.00032603
12.287,0.0013041,0.0011438,0.0010897,0.0011079,0.0011203,0.0011532,0.00033839
12.293,0.00091785,0.00078112,0.0007639,0.00077049,0.00080137,0.00080695,0.00033033
12.3,0.00062405,0.00053308,0.00031397,0.0004433,0.0004586,0.0004746,0.00035098
12.307,0.00033377,0.00034062,2.3653e-05,0.00017937,0.00014454,0.00020439,0.00036145
12.313,4.3495e-05,1.9043e-05,-8.7335e-05,-8.44e-05,-0.00014573,-5.0986e-05,0.0003355
12.32,-0.00024678,-0.00026335,-0.00039078,-0.00038021,-0.00043601,-0.00034343,0.00033704
12.327,-0.00060715,-0.00053244,-0.00071127,-0.0007126,-0.00078442,-0.00066958,0.00034362
12.333,-0.00072955,-0.00087825,-0.00094869,-0.0010078,-0.0010784,-0.00092854,0.00036105
12.34,-0.0010648,-0.0011463,-0.0012586,-0.0012927,-0.0013185,-0.0012162,0.00034734
12.347,-0.0014017,-0.0014033,-0.001541,-0.001599,-0.001568,-0.0015026,0.00034136
12.353,-0.0015736,-0.00172,-0.0017233,-0.0018574,-0.0018198,-0.0017388,0.00034893
12.36,-0.0019616,-0.0020219,-0.0020267,-0.0021106,-0.002098,-0.0020438,0.00032999
12.367,-0.0022008,-0.0022251,-0.0023906,-0.0023851,-0.0024321,-0.0023267,0.00034712
12.373,-0.0024884,-0.0024587,-0.0027073,-0.0026065,-0.0027292,-0.002598,0.00035596
12.38,-0.0027528,-0.002804,-0.0029368,-0.0028862,-0.0029666,-0.0028693,0.00034035
12.387,-0.0030179,-0.0030431,-0.0031965,-0.003187,-0.0032617,-0.0031412,0.00034746
12.393,-0.0033046,-0.0033057,-0.0034524,-0.0034563,-0.0034886,-0.0034015,0.00034049
12.4,-0.0035179,-0.0037621,-0.0037099,-0.0037416,-0.0036641,-0.0036791,0.0003442
12.407,-0.003758,-0.0039705,-0.0039541,-0.003979,-0.0039185,-0.003916,0.00034182
12.413,-0.0040706,-0.0041207,-0.0042693,-0.0042057,-0.0041797,-0.0041692,0.00033646
12.42,-0.0043359,-0.0043936,-0.0045464,-0.0044059,-0.004461,-0.0044285,0.0003377
12.427,-0.0046253,-0.0046748,-0.0047483,-0.0046327,-0.0047486,-0.0046859,0.00033174
12.433,-0.0048957,-0.0049481,-0.005,-0.0049441,-0.0049686,-0.0049513,0.00032699
12.44,-0.0053124,-0.0051708,-0.0054236,-0.0052238,-0.0052261,-0.0052713,0.0003465
12.447,-0.0052953,-0.0054109,-0.0055712,-0.0054084,-0.0055285,-0.0054428,0.00035139
12.453,-0.0055489,-0.0056313,-0.0057494,-0.005646,-0.0057168,-0.0056585,0.00033868
12.46,-0.0057872,-0.0058016,-0.0059777,-0.0059416,-0.0059527,-0.0058922,0.00034355
12.467,-0.0059484,-0.0060469,-0.00612,-0.0061947,-0.0062377,-0.0061095,0.00035542
12.473,-0.0061867,-0.0063632,-0.0063574,-0.0063794,-0.006446,-0.0063466,0.00034654
12.48,-0.0065264,-0.0065203,-0.0065515,-0.0065801,-0.0066454,-0.0065647,0.00033177
12.487,-0.0067881,-0.0066772,-0.0067534,-0.0068494,-0.0068568,-0.006785,0.00033874
12.493,-0.0070029,-0.007057,-0.0070051,-0.0070184,-0.0070825,-0.0070332,0.00032933
12.5,-0.0072646,-0.007242,-0.0071818,-0.0072768,-0.0072908,-0.0072512,0.00033107
12.507,-0.0073237,-0.0073201,-0.00736,-0.0075405,-0.0075336,-0.0074156,0.00035541
12.513,-0.0075567,-0.0075047,-0.0075974,-0.0076989,-0.0077366,-0.0076189,0.00034887
12.52,-0.0078452,-0.007675,-0.0077915,-0.0078941,-0.0078831,-0.0078178,0.00034604
12.527,-0.0080046,-0.0078188,-0.0080225,-0.0080365,-0.0080703,-0.0079905,0.00035036
12.533,-0.0081883,-0.0080086,-0.0081822,-0.0082055,-0.0082523,-0.0081674,0.00034809
12.54,-0.0083729,-0.008217,-0.0083075,-0.0084112,-0.0083961,-0.0083409,0.00034336
12.547,-0.0085332,-0.0083725,-0.0085211,-0.0086171,-0.0085859,-0.0085259,0.00034929
12.553,-0.0087386,-0.008548,-0.0087004,-0.0087964,-0.0087509,-0.0087069,0.00035002
12.56,-0.0088478,-0.0087156,-0.0088759,-0.0090074,-0.0089147,-0.0088723,0.00035523
12.567,-0.0089804,-0.0088039,-0.0090578,-0.0091446,-0.0090823,-0.0090138,0.00036812
12.573,-0.0091363,-0.0089149,-0.0092017,-0.0092132,-0.009214,-0.009136,0.00036643
12.58,-0.0092437,-0.0091169,-0.0093481,-0.0093243,-0.0093314,-0.0092729,0.00035149
12.587,-0.0093755,-0.0092671,-0.0094629,-0.0094559,-0.0094658,-0.0094054,0.00034768
12.593,-0.0095134,-0.0094189,-0.0094988,-0.0096034,-0.0095806,-0.009523,0.00034334
12.6,-0.0098243,-0.0094992,-0.0096293,-0.0096139,-0.009718,-0.0096569,0.00036426
12.607,-0.0097006,-0.0095744,-0.0097653,-0.0096879,-0.0097286,-0.0096913,0.00034332
12.613,-0.0098172,-0.0097615,-0.0099196,-0.0098992,-0.0098142,-0.0098423,0.00034169
12.62,-0.0097446,-0.0098277,-0.0099683,-0.0099044,-0.0099766,-0.0098843,0.00035372
12.627,-0.010051,-0.0099201,-0.010008,-0.0099201,-0.010041,-0.009988,0.00034158
12.633,-0.010065,-0.0099715,-0.01018,-0.010121,-0.010094,-0.010086,0.00034591
12.64,-0.010167,-0.010023,-0.010307,-0.0102,-0.010088,-0.010157,0.00035894
12.647,-0.010244,-0.010152,-0.010328,-0.010285,-0.010224,-0.010246,0.00034281
12.653,-0.010254,-0.010199,-0.010374,-0.010258,-0.010384,-0.010294,0.00034779
12.66,-0.010484,-0.010243,-0.010436,-0.010316,-0.010408,-0.010377,0.00035409
12.667,-0.010406,-0.010293,-0.010492,-0.010416,-0.010451,-0.010412,0.0003457
12.673,-0.010382,-0.010349,-0.010513,-0.010495,-0.010487,-0.010445,0.00034584
12.68,-0.010484,-0.010413,-0.010516,-0.010575,-0.010487,-0.010495,0.00034118
12.687,-0.010539,-0.010466,-0.010542,-0.01048,-0.010531,-0.010512,0.00033638
12.693,-0.010665,-0.010504,-0.010583,-0.010522,-0.010537,-0.010562,0.00034295
12.7,-0.010694,-0.010517,-0.010621,-0.010533,-0.010586,-0.01059,0.00034527
12.707,-0.010745,-0.010546,-0.010662,-0.010464,-0.010616,-0.010607,0.00035953
12.713,-0.010766,-0.010627,-0.010671,-0.010533,-0.010534,-0.010626,0.00035531
12.72,-0.011302,-0.010602,-0.010703,-0.010601,-0.010748,-0.010791,0.00049343
12.727,-0.010746,-0.010513,-0.010681,-0.010586,-0.010759,-0.010657,0.00035852
12.733,-0.010871,-0.010591,-0.010676,-0.010586,-0.010592,-0.010663,0.00036656
12.74,-0.010774,-0.010588,-0.010654,-0.010586,-0.010578,-0.010636,0.00034931
12.747,-0.010849,-0.010487,-0.010606,-0.010564,-0.01058,-0.010618,0.00037448
12.753,-0.01083,-0.010536,-0.01065,-0.010543,-0.010578,-0.010627,0.00036649
12.76,-0.010906,-0.010537,-0.010425,-0.010559,-0.010595,-0.010604,0.00040164
12.767,-0.010731,-0.01049,-0.010385,-0.010538,-0.010532,-0.010535,0.00036803
12.773,-0.010817,-0.01033,-0.010542,-0.010485,-0.01046,-0.010527,0.00040132
12.78,-0.010641,-0.010359,-0.010525,-0.010453,-0.01046,-0.010488,0.00035764
12.787,-0.010665,-0.010446,-0.010501,-0.010411,-0.010417,-0.010488,0.00035798
12.793,-0.010596,-0.010367,-0.010399,-0.010316,-0.010338,-0.010403,0.00036105
12.8,-0.010694,-0.010317,-0.010331,-0.01029,-0.010288,-0.010384,0.00039739
12.807,-0.010463,-0.01003,-0.010328,-0.010258,-0.010218,-0.010259,0.00038675
12.813,-0.010408,-0.0099348,-0.010214,-0.010226,-0.010127,-0.010182,0.00039513
12.82,-0.010457,-0.010027,-0.010088,-0.010184,-0.010062,-0.010164,0.0003966
12.827,-0.010301,-0.0099133,-0.010009,-0.0099467,-0.010038,-0.010042,0.00038284
12.833,-0.01019,-0.0097578,-0.0098721,-0.0098886,-0.0099222,-0.0099261,0.00038687
12.84,-0.009982,-0.0097276,-0.009789,-0.0098409,-0.009827,-0.0098333,0.00035178
12.847,-0.0099759,-0.0095918,-0.0097161,-0.0097091,-0.0096531,-0.0097292,0.00037836
12.853,-0.0097931,-0.0094464,-0.0095984,-0.0095718,-0.009525,-0.0095869,0.00036792
12.86,-0.0094812,-0.0093909,-0.0094931,-0.0094716,-0.0094934,-0.009466,0.00033532
12.867,-0.0095745,-0.0092392,-0.0093444,-0.0093028,-0.0093421,-0.0093606,0.00036644
12.873,-0.0093297,-0.009115,-0.0091308,-0.0091869,-0.0091601,-0.0091845,0.00034716
12.88,-0.0092698,-0.0089606,-0.0090816,-0.0091074,-0.0090163,-0.0090871,0.00036081
12.887,-0.0091363,-0.008767,-0.0089692,-0.0089809,-0.0088841,-0.0089475,0.00037056
12.893,-0.0089508,-0.0086669,-0.0087518,-0.0088438,-0.0087087,-0.0087844,0.00035863
12.9,-0.0086892,-0.0084835,-0.008637,-0.0087436,-0.008672,-0.0086451,0.00035117
12.907,-0.0085601,-0.0082657,-0.0084996,-0.0084536,-0.0085309,-0.008462,0.00035943
12.913,-0.0084844,-0.0081362,-0.0082859,-0.0083058,-0.008304,-0.0083033,0.0003627
12.92,-0.0078452,-0.0079437,-0.0080776,-0.0080682,-0.0078092,-0.0079488,0.00036214
12.927,-0.0079717,-0.007767,-0.0078783,-0.0078889,-0.0076415,-0.0078295,0.0003642
12.933,-0.0079403,-0.0072696,-0.0077107,-0.0076779,-0.0077378,-0.0076673,0.00044679
12.94,-0.0076078,-0.0070759,-0.0075499,-0.0074665,-0.0075306,-0.0074461,0.00042065
12.947,-0.0073523,-0.0071023,-0.0073506,-0.0072343,-0.0073418,-0.0072763,0.00035379
12.953,-0.0073339,-0.0068909,-0.0070815,-0.0068336,-0.0071346,-0.0070549,0.00041051
12.96,-0.0070541,-0.0066943,-0.0068376,-0.0065751,-0.0069463,-0.0068214,0.00040363
12.967,-0.0068356,-0.0064373,-0.006653,-0.0065959,-0.0067103,-0.0066464,0.00037335
12.973,-0.0064303,-0.0061786,-0.0063956,-0.0063058,-0.0064106,-0.0063442,0.0003501
12.98,-0.0062889,-0.0059677,-0.0061514,-0.0060737,-0.006132,-0.0061227,0.00035614
12.987,-0.0060498,-0.0057133,-0.0059525,-0.0058309,-0.0060162,-0.0059125,0.0003679
12.993,-0.005782,-0.0055388,-0.0055965,-0.0055884,-0.0057232,-0.0056458,0.00034828
13,-0.0053652,-0.0052709,-0.005339,-0.0053193,-0.0053579,-0.0053305,0.00032737
13.007,-0.0053556,-0.0049361,-0.0050858,-0.0050607,-0.0051034,-0.0051083,0.00037531
13.013,-0.0050758,-0.0046288,-0.0047917,-0.0048231,-0.0047989,-0.0048237,0.00037993
13.02,-0.0048107,-0.0043872,-0.0045513,-0.0045696,-0.0046565,-0.0045951,0.00037608
13.027,-0.0046217,-0.0042,-0.0043308,-0.0042371,-0.0043663,-0.0043512,0.0003828
13.033,-0.0043125,-0.003989,-0.0040595,-0.0039574,-0.0039692,-0.0040575,0.00037122
13.04,-0.0040724,-0.0037199,-0.003731,-0.0036777,-0.0035917,-0.0037585,0.00039493
13.047,-0.0038323,-0.0033741,-0.0034287,-0.0034297,-0.0033463,-0.0034822,0.00040591
13.053,-0.0035241,-0.0031642,-0.0030803,-0.0031711,-0.0031803,-0.003224,0.0003866
13.06,-0.0033862,-0.00294,-0.0028006,-0.0029128,-0.0030005,-0.003008,0.00042484
13.067,-0.0029677,-0.0026259,-0.0025292,-0.0025172,-0.0026797,-0.002664,0.00039352
13.073,-0.0026496,-0.0023213,-0.0022155,-0.0022004,-0.0022773,-0.0023328,0.00039395
13.08,-0.0023836,-0.0020194,-0.0019396,-0.0019368,-0.0018908,-0.002034,0.00040657
13.087,-0.0020189,-0.0017148,-0.0016467,-0.0016569,-0.0016141,-0.0017303,0.00038104
13.093,-0.0017744,-0.0013837,-0.00133,-0.0012875,-0.0013544,-0.001426,0.00040418
13.1,-0.0014599,-0.001113,-0.0010424,-0.0010396,-0.0010695,-0.0011449,0.00038997
13.107,-0.0011965,-0.00080011,-0.00083661,-0.00077033,-0.00077389,-0.00087548,0.00039191
13.113,-0.00094017,-0.00044796,-0.00054747,-0.00042753,-0.00043076,-0.00055878,0.00042028
13.12,-0.00090621,-0.00014598,-0.00015194,-0.00013172,-5.8568e-05,-0.00027888,0.00054271
13.127,-0.00035774,0.00015861,0.0002003,0.00021108,0.00025021,9.2491e-05,0.00044956
13.133,4.5257e-05,0.00047535,0.00047358,0.00051177,0.00053101,0.00040739,0.00040857
13.14,0.00049233,0.00077771,0.00072532,0.00081277,0.00081869,0.00072536,0.00036215
13.147,0.00066067,0.0010675,0.0011341,0.0011556,0.0011697,0.0010375,0.00041675
13.153,0.0011204,0.0014013,0.0015022,0.0014514,0.0015193,0.0013989,0.00037897
13.16,0.001442,0.0018289,0.0017686,0.0017942,0.0017948,0.0017257,0.00037753
13.167,0.001761,0.0022023,0.0021604,0.0020737,0.0021311,0.0020657,0.00038891
13.173,0.0021446,0.0024635,0.0024756,0.0023853,0.0025271,0.0023992,0.0003721
13.18,0.00226,0.0027881,0.0028056,0.0028231,0.0027777,0.0026909,0.00043962
13.187,0.0028353,0.0030097,0.0030947,0.0031451,0.0031272,0.0030424,0.00035829
13.193,0.0032564,0.0034226,0.0034272,0.0034776,0.0035244,0.0034216,0.00034573
13.2,0.0035,0.0038906,0.0038297,0.0038521,0.0038871,0.0037919,0.00038204
13.207,0.0039419,0.0041953,0.004129,0.0042267,0.0042509,0.0041487,0.00035774
13.213,0.0042175,0.004541,0.0044505,0.0044592,0.0045968,0.004453,0.00036969
13.22,0.0046343,0.0048377,0.0048344,0.0046594,0.0049806,0.0047893,0.00036895
13.227,0.005025,0.0051914,0.0051432,0.0051868,0.0052599,0.0051613,0.0003413
13.233,0.0052668,0.0056112,0.0055112,0.0055299,0.0055755,0.0054989,0.00036528
13.24,0.0054791,0.00592,0.0058993,0.0058202,0.0059398,0.0058117,0.0004023
13.247,0.0059486,0.006288,0.0062012,0.006216,0.0062708,0.0061849,0.00036695
13.253,0.006272,0.0065307,0.0065493,0.0065642,0.006643,0.0065118,0.00036956
13.26,0.0066394,0.0067866,0.0068437,0.0069494,0.0069661,0.006837,0.00036567
13.267,0.0069097,0.0071795,0.0071853,0.0072766,0.0073024,0.0071707,0.00037959
13.273,0.0073455,0.0074181,0.0075613,0.0075617,0.0076255,0.0075024,0.00035756
13.28,0.0076159,0.0076804,0.007878,0.0078783,0.0078603,0.0077826,0.00036265
13.287,0.0077348,0.0080209,0.0081947,0.0082055,0.0081294,0.0080571,0.00040753
13.293,0.0082216,0.0082794,0.0084966,0.0085058,0.0084462,0.0083899,0.00036683
13.3,0.0086973,0.0086211,0.0087722,0.0087855,0.0086756,0.0087104,0.00034034
13.307,0.0087814,0.0089246,0.0090651,0.0090441,0.008921,0.0089472,0.00035906
13.313,0.0089876,0.0091382,0.009338,0.0092815,0.009252,0.0091995,0.00037287
13.32,0.009199,0.0094047,0.0094596,0.0096352,0.0094932,0.0094384,0.00038518
13.327,0.0095118,0.0095353,0.0097328,0.009894,0.009739,0.0096826,0.00038593
13.333,0.0097276,0.0098112,0.010135,0.010042,0.0099832,0.0099398,0.0003918
13.34,0.0099641,0.010139,0.010362,0.01019,0.010269,0.010185,0.00038099
13.347,0.010121,0.010337,0.01048,0.010395,0.010508,0.010368,0.000384
13.353,0.010258,0.010563,0.010701,0.010548,0.010698,0.010554,0.00040172
13.36,0.010492,0.010786,0.010887,0.010791,0.010906,0.010772,0.00039258
13.367,0.010629,0.010983,0.010966,0.010991,0.011076,0.010929,0.00039763
13.373,0.010908,0.011109,0.011176,0.011176,0.011177,0.011109,0.00036472
13.38,0.01102,0.011189,0.011318,0.011287,0.01152,0.011267,0.00040522
13.387,0.011226,0.011413,0.011391,0.011329,0.011621,0.011396,0.00038114
13.393,0.011312,0.011509,0.011523,0.011551,0.011563,0.011492,0.00035938
13.4,0.011442,0.011534,0.011582,0.011694,0.011637,0.011578,0.00035694
13.407,0.011501,0.011651,0.011612,0.011583,0.011722,0.011614,0.00035129
13.413,0.011724,0.0118,0.011679,0.011641,0.01181,0.011731,0.00034892
13.42,0.011732,0.011825,0.011772,0.011709,0.011848,0.011777,0.0003446
13.427,0.011812,0.011822,0.011921,0.011736,0.011947,0.011848,0.00035346
13.433,0.011938,0.011901,0.011874,0.011709,0.011975,0.011879,0.00036013
13.44,0.011942,0.011936,0.011767,0.011852,0.011968,0.011893,0.00035237
13.447,0.012021,0.011878,0.01184,0.011925,0.012036,0.01194,0.00035373
13.453,0.012072,0.011889,0.011855,0.011873,0.012042,0.011946,0.00036032
13.46,0.012048,0.011965,0.011907,0.011904,0.011989,0.011963,0.00034536
13.467,0.012123,0.012047,0.011891,0.011957,0.012024,0.012009,0.00035476
13.473,0.012076,0.011979,0.011762,0.011894,0.012013,0.011945,0.00036931
13.48,0.012048,0.011898,0.011743,0.011841,0.011951,0.011896,0.00036578
13.487,0.011972,0.011852,0.011752,0.011794,0.011882,0.01185,0.00035282
13.493,0.011964,0.011761,0.011639,0.01182,0.01179,0.011795,0.00036672
13.5,0.011811,0.011696,0.011614,0.011799,0.011754,0.011735,0.00035131
13.507,0.011785,0.011586,0.011632,0.011793,0.011711,0.011701,0.00035519
13.513,0.011754,0.011573,0.011579,0.011624,0.011646,0.011635,0.00034836
13.52,0.011626,0.011576,0.011527,0.011429,0.01155,0.011542,0.00034801
13.527,0.011446,0.011482,0.011387,0.011456,0.011389,0.011432,0.00033982
13.533,0.011385,0.011319,0.011248,0.011408,0.011277,0.011328,0.00034606
13.54,0.01123,0.011195,0.011097,0.011261,0.011123,0.011181,0.00034611
13.547,0.011197,0.011099,0.010944,0.011107,0.010944,0.011058,0.00036221
13.553,0.010969,0.010923,0.010853,0.010965,0.010869,0.010916,0.00034098
13.56,0.010808,0.010814,0.010658,0.010854,0.010654,0.010758,0.00035404
13.567,0.010601,0.010715,0.010512,0.010675,0.010445,0.01059,0.00036138
13.573,0.010487,0.010484,0.010384,0.010443,0.010337,0.010427,0.00034297
13.58,0.010228,0.010339,0.010159,0.010263,0.010204,0.010239,0.00034325
13.587,0.01002,0.010168,0.009965,0.010136,0.010015,0.010061,0.00034941
13.593,0.0099086,0.0099641,0.0097922,0.0098886,0.0097628,0.0098633,0.00034784
13.6,0.0097267,0.009803,0.0096219,0.0096248,0.0095423,0.0096637,0.00035474
13.607,0.0093792,0.0095893,0.0093766,0.0093502,0.0093283,0.0094047,0.00035583
13.613,0.0089228,0.0093519,0.009147,0.009134,0.0090475,0.0091207,0.00038369
13.62,0.0088559,0.0090563,0.0089742,0.0089654,0.0087889,0.0089281,0.00035502
13.627,0.0088159,0.0088004,0.0086881,0.0086273,0.0085341,0.0086932,0.00036086
13.633,0.0084238,0.0085868,0.0083914,0.0083053,0.008302,0.0084018,0.00035919
13.64,0.0084867,0.0082626,0.0081683,0.0080998,0.008074,0.0082183,0.00038842
13.647,0.0080361,0.00807,0.007841,0.0078043,0.0077377,0.0078978,0.00037529
13.653,0.0075468,0.0077968,0.0074915,0.0075088,0.0074437,0.0075575,0.00036993
13.66,0.0073516,0.0073943,0.0071869,0.0071977,0.0071602,0.0072582,0.00035271
13.667,0.0070935,0.0070803,0.0069283,0.0069231,0.0069619,0.0069974,0.00034234
13.673,0.0069702,0.0068048,0.0066444,0.0065905,0.0068827,0.0067785,0.0003814
13.68,0.0065076,0.0065118,0.0062722,0.0062475,0.0063973,0.0063873,0.00036075
13.687,0.0061108,0.006137,0.0059348,0.0059522,0.0058987,0.0060067,0.00035202
13.693,0.0057143,0.0057584,0.0056302,0.0056302,0.0054725,0.0056411,0.00035164
13.7,0.006006,0.0054591,0.0051972,0.0053188,0.0052403,0.0054443,0.00052186
13.707,0.005157,0.0053548,0.0049307,0.0049757,0.0050029,0.0050842,0.00038887
13.713,0.004895,0.0049896,0.0046896,0.0046644,0.0046005,0.0047678,0.0003834
13.72,0.0045554,0.0045215,0.004294,0.0043798,0.0042431,0.0043988,0.00036505
13.727,0.004143,0.0041587,0.0039704,0.0040421,0.0039607,0.004055,0.00034272
13.733,0.0039894,0.0038092,0.00375,0.003704,0.0037497,0.0038005,0.00035111
13.74,0.003526,0.0035042,0.0034205,0.0033822,0.0034663,0.0034598,0.00033033
13.747,0.0032071,0.0031584,0.0030302,0.0030342,0.0030359,0.0030932,0.00033812
13.753,0.0028146,0.0028327,0.0027162,0.0027387,0.0026219,0.0027448,0.00033824
13.76,0.0024446,0.0025858,0.0023825,0.002464,0.0023659,0.0024485,0.00033905
13.767,0.0022764,0.0022295,0.0020129,0.0021422,0.0020942,0.002151,0.00034675
13.773,0.001845,0.0018561,0.0017306,0.0017942,0.0017514,0.0017955,0.00032834
13.78,0.0016006,0.0015225,0.0014323,0.001446,0.0014664,0.0014936,0.00033217
13.787,0.0012055,0.0010227,0.0010919,0.0011346,0.0011561,0.0011222,0.00033207
13.793,0.00083985,0.00077884,0.0008333,0.00089701,0.00081568,0.00083294,0.00032516
13.8,0.00059803,0.00058484,0.0005642,0.00053795,0.00051369,0.00055974,0.00032353
13.807,0.00022896,0.00029037,0.0001607,0.00018978,0.00023817,0.0002216,0.0003265
13.813,-0.00010977,6.9683e-06,-0.0001545,-7.9196e-05,-2.5718e-05,-7.2443e-05,0.00033053
13.82,-0.00029963,-0.00032148,-0.00044059,-0.00038508,-0.00034767,-0.00035889,0.00032805
13.827,-0.00064273,-0.00062383,-0.00075204,-0.00074919,-0.00073157,-0.00069987,0.00032973
13.833,-0.00098247,-0.00092842,-0.0010449,-0.0010764,-0.0010547,-0.0010174,0.00032954
13.84,-0.0012493,-0.0012738,-0.0013617,-0.0012771,-0.0014634,-0.0013251,0.00033907
13.847,-0.0015907,-0.0015996,-0.0016202,-0.0015464,-0.0017447,-0.0016203,0.00033407
13.853,-0.0018818,-0.0019046,-0.0019184,-0.0017996,-0.0019255,-0.001886,0.00032729
13.86,-0.0021462,-0.0021922,-0.0022298,-0.0021635,-0.0022037,-0.0021871,0.00032383
13.867,-0.0024347,-0.0024995,-0.0025514,-0.0024591,-0.002523,-0.0024935,0.00032669
13.873,-0.0026783,-0.0027554,-0.0028481,-0.0027437,-0.002808,-0.0027667,0.00033148
13.88,-0.003043,-0.0030415,-0.0030421,-0.0030496,-0.0030888,-0.003053,0.00032275
13.887,-0.0032303,-0.0034401,-0.0033313,-0.0033399,-0.0033617,-0.0033407,0.00033524
13.893,-0.0034936,-0.0036738,-0.003611,-0.003609,-0.003643,-0.0036061,0.00033315
13.9,-0.0038082,-0.0038542,-0.0038828,-0.0037834,-0.0039015,-0.003846,0.00032824
13.907,-0.0040698,-0.0041614,-0.004153,-0.0039892,-0.0041707,-0.0041088,0.00033689
13.913,-0.004257,-0.0044612,-0.0044074,-0.0043636,-0.004444,-0.0043866,0.00033843
13.92,-0.0044416,-0.004725,-0.0046686,-0.0046963,-0.0046523,-0.0046368,0.00035211
13.927,-0.0048063,-0.0049017,-0.0049208,-0.0049181,-0.0049241,-0.0048942,0.00032935
13.933,-0.0050464,-0.0050946,-0.0052137,-0.0051131,-0.0051653,-0.0051266,0.00033355
13.94,-0.0052335,-0.0054018,-0.0054432,-0.0054084,-0.0053816,-0.0053737,0.00033946
13.947,-0.005445,-0.0056864,-0.0056304,-0.0056353,-0.0056745,-0.0056143,0.00034629
13.953,-0.0056807,-0.0058804,-0.0058562,-0.0058836,-0.005875,-0.0058352,0.00034215
13.96,-0.0058929,-0.0060533,-0.0060792,-0.0060687,-0.0060388,-0.0060266,0.00033843
13.967,-0.0061044,-0.0062526,-0.0062464,-0.0063693,-0.0061916,-0.0062329,0.00034665
13.973,-0.0063296,-0.0064927,-0.0064511,-0.0067492,-0.0063694,-0.0064784,0.00038436
13.98,-0.0062361,-0.0066984,-0.0066424,-0.0068494,-0.0065634,-0.006598,0.00043133
13.987,-0.006826,-0.0069147,-0.0068323,-0.0068283,-0.0067945,-0.0068391,0.00033084
13.993,-0.0069536,-0.0071786,-0.0070845,-0.0070289,-0.0070704,-0.0070632,0.00034205
14,-0.0072118,-0.0073699,-0.0073192,-0.0072875,-0.0072761,-0.0072929,0.00033474
14.007,-0.007399,-0.0075455,-0.0075155,-0.0074404,-0.0074777,-0.0074756,0.00033508
14.013,-0.007658,-0.0077421,-0.0077291,-0.0076461,-0.0076717,-0.0076894,0.00033196
14.02,-0.0078452,-0.007941,-0.007865,-0.0078835,-0.0078593,-0.0078788,0.00033116
14.027,-0.0079787,-0.008152,-0.0080342,-0.0080998,-0.0080412,-0.0080612,0.00033844
14.033,-0.0081642,-0.0082762,-0.0082546,-0.0082844,-0.0082428,-0.0082444,0.0003339
14.04,-0.0084258,-0.0084597,-0.0082361,-0.0084481,-0.0083935,-0.0083926,0.00034774
14.047,-0.0084865,-0.0086194,-0.0084143,-0.0084853,-0.0085742,-0.0085159,0.00034411
14.053,-0.0087601,-0.008788,-0.0086861,-0.0086011,-0.008809,-0.0087289,0.00034608
14.06,-0.0087949,-0.0089938,-0.0087913,-0.0089122,-0.0088894,-0.0088763,0.0003464
14.067,-0.0090504,-0.0091085,-0.0089548,-0.0090391,-0.0089936,-0.0090293,0.00033799
14.073,-0.0090679,-0.0092312,-0.009079,-0.0091765,-0.0092046,-0.0091518,0.00034299
14.08,-0.0093226,-0.0093607,-0.0093783,-0.0092819,-0.0092993,-0.0093286,0.00033456
14.087,-0.0095539,-0.0094664,-0.0095169,-0.0094082,-0.0094299,-0.0094751,0.00033943
14.093,-0.0096155,-0.0096007,-0.0094893,-0.0095456,-0.0095515,-0.0095605,0.00033703
14.1,-0.0097446,-0.0096574,-0.0094523,-0.0096725,-0.0096942,-0.0096442,0.00035952
14.107,-0.0098755,-0.0097763,-0.0095527,-0.0098518,-0.0098444,-0.0097801,0.00037021
14.113,-0.009982,-0.0099556,-0.0097992,-0.0099678,-0.0099528,-0.0099315,0.00034484
14.12,-0.010088,-0.01003,-0.0098796,-0.0099522,-0.010099,-0.01001,0.00035181
14.127,-0.01022,-0.010099,-0.009897,-0.010079,-0.010345,-0.010128,0.00039211
14.133,-0.010369,-0.010248,-0.010022,-0.010258,-0.010385,-0.010257,0.00037845
14.14,-0.010272,-0.010317,-0.010163,-0.010295,-0.010317,-0.010273,0.00034217
14.147,-0.010378,-0.010363,-0.01024,-0.010363,-0.010372,-0.010343,0.00034074
14.153,-0.010481,-0.010469,-0.010293,-0.0104,-0.010408,-0.01041,0.00034591
14.16,-0.01051,-0.010531,-0.010345,-0.010501,-0.010422,-0.010462,0.00034679
14.167,-0.010664,-0.010528,-0.010413,-0.010522,-0.010463,-0.010518,0.00035334
14.173,-0.010693,-0.01056,-0.010507,-0.010538,-0.010545,-0.010568,0.00034536
14.18,-0.010668,-0.010639,-0.010612,-0.010628,-0.010534,-0.010616,0.00033943
14.187,-0.010711,-0.010674,-0.01063,-0.010754,-0.01056,-0.010666,0.00034647
14.193,-0.010477,-0.010674,-0.010563,-0.010775,-0.010445,-0.010587,0.00037492
14.2,-0.0108,-0.010703,-0.010629,-0.010686,-0.010404,-0.010644,0.00038092
14.207,-0.010829,-0.010756,-0.010741,-0.010707,-0.010574,-0.010721,0.00035366
14.213,-0.010925,-0.010737,-0.010707,-0.010722,-0.010631,-0.010744,0.0003603
14.22,-0.010827,-0.010686,-0.010688,-0.01077,-0.010677,-0.01073,0.00034386
14.227,-0.010854,-0.010674,-0.01077,-0.010749,-0.010681,-0.010746,0.00034621
14.233,-0.010901,-0.010703,-0.010759,-0.010738,-0.010616,-0.010744,0.00035797
14.24,-0.010827,-0.010655,-0.010683,-0.01077,-0.010636,-0.010714,0.00034884
14.247,-0.010847,-0.010595,-0.010645,-0.010749,-0.010628,-0.010693,0.00035773
14.253,-0.010701,-0.010595,-0.010647,-0.010707,-0.010592,-0.010649,0.0003407
14.26,-0.010747,-0.010537,-0.010674,-0.01068,-0.010578,-0.010643,0.00034986
14.267,-0.010769,-0.010534,-0.010613,-0.010643,-0.010508,-0.010613,0.00035736
14.273,-0.010648,-0.010453,-0.010568,-0.010612,-0.010446,-0.010545,0.00035246
14.28,-0.010694,-0.010358,-0.010479,-0.010548,-0.010434,-0.010503,0.00036904
14.287,-0.01059,-0.010315,-0.010381,-0.010411,-0.010362,-0.010412,0.00035814
14.293,-0.010511,-0.010235,-0.010398,-0.010337,-0.010317,-0.010359,0.00035658
14.3,-0.010457,-0.010141,-0.010422,-0.010385,-0.010227,-0.010326,0.00037315
14.307,-0.010401,-0.010065,-0.010306,-0.010279,-0.010275,-0.010265,0.0003662
14.313,-0.010275,-0.0099979,-0.010196,-0.01002,-0.010149,-0.010128,0.00036311
14.32,-0.010219,-0.0099329,-0.010083,-0.010052,-0.0099157,-0.010041,0.00036603
14.327,-0.010138,-0.0098515,-0.0099996,-0.0099312,-0.0098508,-0.0099542,0.00036401
14.333,-0.0099838,-0.0096732,-0.0098691,-0.0097674,-0.0098127,-0.0098212,0.0003616
14.34,-0.0098763,-0.0094936,-0.0098203,-0.0096564,-0.0097429,-0.0097179,0.00038048
14.347,-0.0097472,-0.0093619,-0.0097083,-0.0095352,-0.0095938,-0.0095893,0.00038197
14.353,-0.0096856,-0.0093026,-0.0094471,-0.0094033,-0.0094092,-0.0094496,0.00037525
14.36,-0.0094543,-0.0091863,-0.0093111,-0.0092451,-0.0093114,-0.0093017,0.00035323
14.367,-0.0093018,-0.0090187,-0.0092149,-0.0090131,-0.0092416,-0.009158,0.00036966
14.373,-0.0092851,-0.0089013,-0.0090684,-0.0089178,-0.0091072,-0.009056,0.00038328
14.38,-0.0089535,-0.0087379,-0.0089246,-0.0087857,-0.0091231,-0.008905,0.00038004
14.387,-0.0089707,-0.0085269,-0.0087348,-0.0086067,-0.0088751,-0.0087428,0.00040061
14.393,-0.0087473,-0.0084317,-0.0085989,-0.0084853,-0.0085848,-0.0085696,0.00036197
14.4,-0.0086632,-0.008243,-0.0084297,-0.0083796,-0.0084738,-0.0084379,0.00037976
14.407,-0.0084284,-0.0080162,-0.0083108,-0.0082317,-0.0083443,-0.0082663,0.00038182
14.413,-0.0082672,-0.0079717,-0.0081659,-0.0080521,-0.0081809,-0.0081276,0.00035854
14.42,-0.0081086,-0.0079837,-0.0079168,-0.0079204,-0.007999,-0.0079857,0.00034206
14.427,-0.0079024,-0.0077226,-0.0077375,-0.0077568,-0.0077389,-0.0077716,0.00034037
14.433,-0.007813,-0.0074217,-0.007562,-0.0074927,-0.0075702,-0.0075719,0.00037511
14.44,-0.0075549,-0.007205,-0.0074087,-0.0072553,-0.0073988,-0.0073645,0.00036946
14.447,-0.0073712,-0.0069846,-0.0072744,-0.0071341,-0.007181,-0.0071891,0.00037366
14.453,-0.0072092,-0.0067566,-0.0069856,-0.006918,-0.0070663,-0.0069871,0.00038761
14.46,-0.0069744,-0.0066233,-0.006735,-0.0066754,-0.0067987,-0.0067613,0.0003671
14.467,-0.0067378,-0.0064806,-0.0065885,-0.0064851,-0.0065216,-0.0065627,0.00035174
14.473,-0.0065281,-0.0061998,-0.0063432,-0.006295,-0.0063196,-0.0063371,0.00035775
14.48,-0.0063678,-0.0058545,-0.0060702,-0.0060999,-0.0060822,-0.0060949,0.00039612
14.487,-0.0061141,-0.0055139,-0.0058038,-0.0058625,-0.0059172,-0.0058423,0.00042227
14.493,-0.0061362,-0.0053422,-0.0055569,-0.0055406,-0.0056233,-0.0056398,0.00049076
14.5,-0.0056027,-0.0052316,-0.0051715,-0.005277,-0.0053344,-0.0053235,0.00038475
14.507,-0.0053652,-0.0049429,-0.004934,-0.0050185,-0.0051616,-0.0050844,0.00039443
14.513,-0.0051252,-0.0046775,-0.0048906,-0.0048126,-0.0048464,-0.0048705,0.00038162
14.52,-0.0048107,-0.0044174,-0.004594,-0.0045062,-0.0045984,-0.0045853,0.00037062
14.527,-0.0044754,-0.0041033,-0.0042206,-0.0042582,-0.0042749,-0.0042665,0.00036351
14.533,-0.0043341,-0.003886,-0.0039885,-0.0040313,-0.0039767,-0.0040433,0.00038615
14.54,-0.0041513,-0.0036262,-0.003702,-0.0037307,-0.0038011,-0.0038023,0.00041067
14.547,-0.0038455,-0.0033703,-0.0034487,-0.0034459,-0.0034887,-0.0035198,0.00039709
14.553,-0.0038147,-0.0030985,-0.0032181,-0.0031135,-0.0032093,-0.0032908,0.00049027
14.56,-0.0032276,-0.0027263,-0.0029131,-0.0027756,-0.0029228,-0.0029131,0.00040292
14.567,-0.0029633,-0.0024757,-0.0025673,-0.0025907,-0.0025676,-0.0026329,0.00039864
14.573,-0.0026739,-0.0022134,-0.002314,-0.0023061,-0.0022683,-0.0023551,0.00039322
14.58,-0.0023836,-0.0018729,-0.0020106,-0.0019791,-0.0019901,-0.0020472,0.00040252
14.587,-0.0020189,-0.0016287,-0.0016901,-0.0016886,-0.0015111,-0.0017075,0.00039738
14.593,-0.0017744,-0.0013569,-0.0014093,-0.0014141,-0.0012408,-0.0014391,0.00040575
14.6,-0.0014599,-0.0010867,-0.0010925,-0.0011081,-0.0010642,-0.0011623,0.00038208
14.607,-0.0010916,-0.00078841,-0.00077587,-0.00080204,-0.00076442,-0.00084448,0.00036416
14.613,-0.00074941,-0.00044796,-0.00045957,-0.0004594,-0.0004134,-0.00050595,0.00036325
14.62,-0.00045737,-0.0001898,-0.000404,-0.00020067,-9.2921e-05,-0.00026895,0.00037375
14.627,-0.00016536,5.0306e-05,-5.4161e-05,0.00013741,2.8231e-05,-7.1444e-07,0.00035079
14.633,0.00017524,0.00041608,0.00046411,0.00042769,0.000374,0.00037143,0.00035067
14.64,0.00051835,0.00080633,0.00079516,0.00077066,0.00085036,0.00074817,0.00036
14.647,0.00078523,0.0011638,0.0011235,0.0011611,0.0011904,0.0010848,0.00038344
14.653,0.0011275,0.0014462,0.0014546,0.0014724,0.0015649,0.0014131,0.00038175
14.66,0.0015209,0.0017878,0.0017543,0.0019365,0.0019001,0.0017799,0.00037975
14.667,0.001838,0.0020913,0.0020906,0.0023956,0.0022511,0.0021333,0.00041233
14.673,0.0021587,0.0024064,0.0024428,0.0024905,0.0026297,0.0024256,0.00038557
14.68,0.0026031,0.0028432,0.0027595,0.0028018,0.0029147,0.0027845,0.00035258
14.687,0.0030891,0.0031757,0.0031196,0.0031607,0.0032684,0.0031627,0.00033282
14.693,0.0031648,0.0034713,0.0034575,0.0034984,0.003601,0.0034386,0.00038041
14.7,0.0034471,0.0038721,0.0038202,0.0038622,0.0036059,0.0037215,0.0003977
14.707,0.0038898,0.00419,0.0041988,0.0041842,0.0041177,0.0041161,0.00036108
14.713,0.0041647,0.0045606,0.0045129,0.0046119,0.0046771,0.0045054,0.00040747
14.72,0.0045814,0.0049166,0.0048608,0.0049549,0.0049685,0.0048564,0.00037913
14.727,0.0048232,0.0051831,0.0051259,0.0052609,0.0052456,0.0051277,0.00039233
14.733,0.0051879,0.0054881,0.0054441,0.0056306,0.0055638,0.0054629,0.00038649
14.74,0.0055311,0.0058338,0.0058781,0.0060313,0.0059688,0.0058486,0.00040387
14.747,0.0058958,0.006203,0.0061986,0.0063846,0.0063527,0.0062069,0.00040429
14.753,0.006117,0.0065145,0.0065232,0.0066591,0.0066034,0.0064834,0.00041974
14.76,0.0064816,0.0068512,0.0068902,0.0067964,0.0068804,0.0067799,0.00038889
14.767,0.0069702,0.0072324,0.0071313,0.0069653,0.007276,0.007115,0.00037252
14.773,0.0071248,0.0075143,0.0074058,0.0075033,0.0075844,0.0074265,0.00039636
14.78,0.007563,0.0077978,0.0077896,0.0078253,0.0078509,0.0077653,0.00035778
14.787,0.0077771,0.0081266,0.0081562,0.0081895,0.0081121,0.0080723,0.00038873
14.793,0.0080692,0.008429,0.0084411,0.0084585,0.008451,0.0083698,0.00038966
14.8,0.0085127,0.0087045,0.0086786,0.0088278,0.0087863,0.008702,0.00036252
14.807,0.0087493,0.0090261,0.0090032,0.0091075,0.0090939,0.008996,0.00037585
14.813,0.0089642,0.0093228,0.009312,0.0092711,0.0093641,0.0092468,0.00038662
14.82,0.0092519,0.0095459,0.0095637,0.0096512,0.0095318,0.0095089,0.00038056
14.827,0.0094364,0.0097425,0.0097985,0.0099201,0.0098235,0.0097442,0.00040251
14.833,0.0096272,0.0099853,0.01001,0.010084,0.010129,0.0099671,0.00041367
14.84,0.0099901,0.010276,0.010279,0.010385,0.01034,0.010254,0.00038405
14.847,0.010224,0.010522,0.010566,0.010596,0.01058,0.010498,0.00038524
14.853,0.010362,0.010719,0.010787,0.010722,0.010772,0.010672,0.00039905
14.86,0.010571,0.010846,0.010914,0.010844,0.010976,0.01083,0.00038565
14.867,0.01073,0.010968,0.011109,0.01096,0.011051,0.010964,0.00037953
14.873,0.010913,0.011228,0.011297,0.011287,0.011161,0.011177,0.00038795
14.88,0.011072,0.011411,0.011403,0.011308,0.011381,0.011315,0.00037874
14.887,0.011223,0.011479,0.011537,0.011324,0.011508,0.011414,0.0003751
14.893,0.011186,0.011573,0.01171,0.011667,0.011602,0.011548,0.00042466
14.9,0.011389,0.011634,0.011779,0.011725,0.011693,0.011644,0.00038561
14.907,0.011469,0.01169,0.01184,0.01181,0.011743,0.01171,0.00038261
14.913,0.011597,0.011754,0.011942,0.01182,0.011812,0.011785,0.00037089
14.92,0.011652,0.011734,0.011992,0.01182,0.011889,0.011818,0.00037465
14.927,0.011734,0.011786,0.012063,0.011867,0.011826,0.011855,0.00037146
14.933,0.01186,0.011901,0.012009,0.01191,0.011856,0.011907,0.00034556
14.94,0.01189,0.011951,0.011867,0.011973,0.01194,0.011924,0.00034144
14.947,0.011908,0.011905,0.011892,0.011952,0.012012,0.011934,0.00034256
14.953,0.01241,0.011915,0.012039,0.011952,0.012042,0.012072,0.00041669
14.96,0.011969,0.012006,0.012023,0.011978,0.011975,0.01199,0.00033845
14.967,0.01202,0.011998,0.011923,0.011946,0.011954,0.011968,0.00034079
14.973,0.01202,0.011948,0.011797,0.011946,0.011908,0.011924,0.00035197
14.98,0.011969,0.011995,0.011801,0.011925,0.011904,0.011919,0.00034956
14.987,0.012017,0.011955,0.0118,0.011905,0.011852,0.011906,0.00035308
14.993,0.011917,0.011796,0.011784,0.011857,0.011766,0.011824,0.00034551
15,0.011838,0.011711,0.011791,0.011815,0.011783,0.011787,0.00034189
15.007,0.011888,0.011699,0.011636,0.01182,0.011778,0.011764,0.00035833
15.013,0.011881,0.011627,0.011617,0.011688,0.011726,0.011708,0.00036159
15.02,0.011626,0.011466,0.011572,0.011625,0.011644,0.011587,0.00034807
15.027,0.011397,0.011542,0.011419,0.011535,0.011451,0.011469,0.00034584
15.033,0.011409,0.01144,0.011284,0.011429,0.011347,0.011382,0.00034539
15.04,0.011283,0.011105,0.011111,0.011272,0.011286,0.011211,0.0003551
15.047,0.011225,0.011059,0.011086,0.011087,0.011096,0.011111,0.00034462
15.053,0.011021,0.010988,0.011032,0.010971,0.011047,0.011012,0.000337
15.06,0.010861,0.010823,0.010862,0.010828,0.010935,0.010862,0.00033891
15.067,0.010625,0.010674,0.010732,0.01067,0.010732,0.010687,0.00033869
15.073,0.010442,0.010475,0.010641,0.01048,0.010557,0.010519,0.00034805
15.08,0.010359,0.010351,0.010403,0.010327,0.010287,0.010345,0.00033723
15.087,0.010152,0.010182,0.010164,0.010163,0.010087,0.01015,0.00033571
15.093,0.010035,0.01002,0.0099597,0.009825,0.0099089,0.0099497,0.00034885
15.1,0.0096999,0.0098679,0.009725,0.0096193,0.0096571,0.0097138,0.00035203
15.107,0.0095646,0.0095988,0.0094849,0.0094559,0.0094657,0.009514,0.00034055
15.113,0.0093281,0.0093402,0.009192,0.0092079,0.0091739,0.0092484,0.00034496
15.12,0.0090144,0.0091145,0.0089334,0.0089599,0.0088535,0.0089751,0.00035139
15.127,0.0088013,0.008877,0.008722,0.0087013,0.0087466,0.0087696,0.00034112
15.133,0.0085387,0.0085815,0.0084963,0.008485,0.0084564,0.0085116,0.0003347
15.14,0.0082493,0.0083112,0.0081864,0.0081526,0.0081031,0.0082005,0.00034378
15.147,0.0079815,0.0080278,0.0078463,0.0078783,0.0078196,0.0079107,0.00034639
15.153,0.0076194,0.0076994,0.0075877,0.0076038,0.0074912,0.0076003,0.00034027
15.16,0.0073516,0.0073683,0.0073329,0.0072662,0.0072617,0.0073162,0.00033262
15.167,0.0070847,0.0070833,0.0069702,0.0069548,0.0069873,0.0070161,0.0003357
15.173,0.0067217,0.0067444,0.0066354,0.0066328,0.0066177,0.0066704,0.00033379
15.18,0.0064288,0.0063948,0.0063281,0.0063636,0.0062339,0.0063499,0.00033838
15.187,0.0061861,0.0061189,0.0059993,0.0060839,0.0059107,0.0060598,0.00035114
15.193,0.0057971,0.0057679,0.0056827,0.0057304,0.0056469,0.005725,0.00033329
15.2,0.0054522,0.005404,0.0054097,0.0053294,0.0053249,0.0053841,0.00033125
15.207,0.0050364,0.005102,0.0051142,0.0049651,0.0049554,0.0050346,0.00033649
15.213,0.0047893,0.0047245,0.0049307,0.0047277,0.0046444,0.0047633,0.00034947
15.22,0.0044497,0.0043772,0.004457,0.0044376,0.004308,0.0044059,0.00033233
15.227,0.0041818,0.0040553,0.0040165,0.0040684,0.0039992,0.0040643,0.0003346
15.233,0.0037964,0.0037586,0.0037104,0.0037308,0.0037471,0.0037486,0.00032481
15.24,0.0035789,0.0034053,0.0033926,0.0034298,0.0033961,0.0034405,0.00033656
15.247,0.003311,0.0029859,0.0031382,0.0030815,0.0030613,0.0031156,0.00035573
15.253,0.0029194,0.0026915,0.0028336,0.0027494,0.002754,0.0027896,0.00033983
15.26,0.0025235,0.0024076,0.0025025,0.0024909,0.0023965,0.0024642,0.00032937
15.267,0.0022133,0.0020359,0.0021446,0.0021687,0.0020126,0.002115,0.00033881
15.273,0.0020657,0.0017851,0.0018042,0.0019152,0.0017039,0.0018548,0.00036507
15.28,0.0016526,0.0014791,0.0014731,0.0016675,0.0014517,0.0015448,0.00034681
15.287,0.0014861,0.001176,0.0011738,0.0012297,0.001144,0.0012419,0.00036487
15.293,0.0010781,0.00084605,0.00082317,0.00085506,0.00080137,0.00088076,0.00034975
15.3,0.00080862,0.00047011,0.00053131,0.0005277,0.00051674,0.0005709,0.00036194
15.307,0.00046549,0.00019719,0.00023055,0.00028995,0.00023549,0.00028374,0.00034706
15.313,0.00013822,4.6526e-05,-6.3552e-05,-0.00010017,-0.000125,-2.0795e-05,0.00034876
15.32,0.0002549,-0.00035202,-0.00040509,-0.00049567,-0.00041901,-0.00028338,0.00049645
15.327,-0.0004944,-0.00077934,-0.00070867,-0.00072268,-0.00063005,-0.00066703,0.0003487
15.333,-0.00079874,-0.0010311,-0.00099512,-0.00099719,-0.00091391,-0.00094721,0.00034114
15.34,-0.0010379,-0.0012659,-0.0013209,-0.0013455,-0.0012423,-0.0012425,0.0003546
15.347,-0.0014511,-0.0015207,-0.0015964,-0.0016096,-0.0015733,-0.0015502,0.00033093
15.353,-0.0016255,-0.0018834,-0.0019184,-0.0018153,-0.0018726,-0.0018231,0.00035213
15.36,-0.0019876,-0.0022039,-0.0022446,-0.002095,-0.0021365,-0.0021335,0.00034439
15.367,-0.0022536,-0.0024561,-0.002462,-0.0024486,-0.0024003,-0.0024041,0.00033924
15.373,-0.0025735,-0.0028795,-0.002736,-0.0027335,-0.0026933,-0.0027231,0.00034913
15.38,-0.003043,-0.0031721,-0.0030184,-0.0029659,-0.0029809,-0.003036,0.00033744
15.387,-0.0032016,-0.0032657,-0.0032441,-0.0032771,-0.00323,-0.0032437,0.00032403
15.393,-0.0033672,-0.0035311,-0.0035249,-0.0035617,-0.0034965,-0.0034963,0.00033557
15.4,-0.0037293,-0.0038689,-0.0037982,-0.0038256,-0.0037434,-0.0037931,0.00033025
15.407,-0.0039685,-0.0041592,-0.0040503,-0.0040527,-0.0040997,-0.0040661,0.0003342
15.413,-0.0042526,-0.0044056,-0.0042852,-0.0043213,-0.0044002,-0.004333,0.00033383
15.42,-0.0044155,-0.004631,-0.00454,-0.004601,-0.0045583,-0.0045492,0.00033904
15.427,-0.0047076,-0.0048398,-0.0048445,-0.0048492,-0.0048327,-0.0048148,0.00033192
15.433,-0.0050446,-0.0051696,-0.0050741,-0.0050498,-0.005086,-0.0050848,0.00032968
15.44,-0.0052856,-0.0054437,-0.0053485,-0.0053718,-0.005317,-0.0053533,0.0003325
15.447,-0.0054467,-0.0055902,-0.0056018,-0.0055671,-0.0055492,-0.005551,0.00033321
15.453,-0.0056789,-0.0058359,-0.0057746,-0.0056831,-0.0057776,-0.00575,0.00033521
15.46,-0.0058401,-0.0060945,-0.0060174,-0.0059467,-0.0060414,-0.005988,0.00034701
15.467,-0.0061547,-0.0062907,-0.0062347,-0.0062371,-0.0062905,-0.0062416,0.0003325
15.473,-0.0064127,-0.0065482,-0.0064363,-0.0063851,-0.0064846,-0.0064534,0.00033519
15.48,-0.0064467,-0.0067633,-0.0066885,-0.0065749,-0.0066431,-0.0066233,0.00035834
15.487,-0.0069862,-0.0069241,-0.0069089,-0.006907,-0.0069318,-0.0069316,0.00032872
15.493,-0.007107,-0.0070944,-0.0071516,-0.0071444,-0.0071678,-0.007133,0.00032886
15.5,-0.0072386,-0.0072963,-0.007195,-0.007403,-0.0074041,-0.0073074,0.00034743
15.507,-0.0074258,-0.0074613,-0.0073415,-0.0075878,-0.0075875,-0.0074808,0.00035305
15.513,-0.0076814,-0.0075666,-0.0076503,-0.0076566,-0.0077419,-0.0076594,0.00033678
15.52,-0.0077923,-0.0078172,-0.007902,-0.0078518,-0.0079069,-0.0078541,0.00033382
15.527,-0.0080756,-0.0080271,-0.0081368,-0.0081209,-0.0080994,-0.008092,0.00033259
15.533,-0.0081694,-0.0080917,-0.0083335,-0.0082845,-0.0083632,-0.0082485,0.00035806
15.54,-0.0084786,-0.0082603,-0.0084165,-0.0084323,-0.0083659,-0.0083907,0.00034472
15.547,-0.0085619,-0.0085386,-0.0085909,-0.0086488,-0.0084738,-0.0085628,0.00033882
15.553,-0.0087671,-0.0086839,-0.0087913,-0.0087542,-0.0087562,-0.0087505,0.00033329
15.56,-0.0089266,-0.0087537,-0.0088824,-0.0089228,-0.0089528,-0.0088877,0.00034411
15.567,-0.0090367,-0.0089172,-0.0090631,-0.0090814,-0.0091231,-0.0090443,0.00034396
15.573,-0.0092627,-0.0090848,-0.0092689,-0.0091763,-0.0092521,-0.009209,0.00034467
15.58,-0.0092966,-0.0092455,-0.0093983,-0.0093399,-0.0093865,-0.0093334,0.00034004
15.587,-0.0094812,-0.0093143,-0.0095327,-0.0094243,-0.0093854,-0.0094276,0.00034718
15.593,-0.0096587,-0.0094913,-0.0095893,-0.0095668,-0.0095439,-0.00957,0.00033995
15.6,-0.0096389,-0.0096166,-0.0096792,-0.0097253,-0.0097655,-0.0096851,0.0003401
15.607,-0.0098719,-0.0096362,-0.0098494,-0.0098836,-0.0098591,-0.0098201,0.00035587
15.613,-0.0099812,-0.0097732,-0.0099498,-0.0099678,-0.0099501,-0.0099244,0.00034862
15.62,-0.010062,-0.0098563,-0.010046,-0.010026,-0.010073,-0.010013,0.00035019
15.627,-0.01016,-0.0099435,-0.01012,-0.010137,-0.010188,-0.010109,0.00035327
15.633,-0.010073,-0.010073,-0.010175,-0.010189,-0.010209,-0.010144,0.00034243
15.64,-0.010299,-0.010164,-0.010022,-0.010279,-0.010313,-0.010215,0.00036609
15.647,-0.01043,-0.010228,-0.010071,-0.010337,-0.010437,-0.010301,0.00038375
15.653,-0.010536,-0.010194,-0.010295,-0.010421,-0.01049,-0.010387,0.00037626
15.66,-0.010615,-0.010306,-0.010415,-0.010443,-0.010557,-0.010467,0.00036594
15.667,-0.010621,-0.010452,-0.010504,-0.01049,-0.010578,-0.010529,0.00034422
15.673,-0.010769,-0.010464,-0.010542,-0.010554,-0.010624,-0.01059,0.00036276
15.68,-0.010774,-0.010493,-0.010568,-0.010517,-0.010643,-0.010599,0.00036217
15.687,-0.010793,-0.01056,-0.010609,-0.010564,-0.010648,-0.010635,0.00035413
15.693,-0.010629,-0.010639,-0.010647,-0.010654,-0.010715,-0.010657,0.00033643
15.7,-0.010827,-0.010732,-0.010645,-0.010696,-0.010722,-0.010724,0.000344
15.707,-0.010906,-0.010708,-0.010705,-0.010696,-0.010727,-0.010748,0.00035167
15.713,-0.010982,-0.010619,-0.010736,-0.010691,-0.01078,-0.010761,0.00037473
15.72,-0.010985,-0.010654,-0.010756,-0.010654,-0.010847,-0.010779,0.00037679
15.727,-0.010838,-0.010715,-0.010733,-0.010707,-0.010839,-0.010767,0.0003441
15.733,-0.010999,-0.010727,-0.010686,-0.01068,-0.010833,-0.010785,0.00037345
15.74,-0.010827,-0.010713,-0.010715,-0.010675,-0.010784,-0.010743,0.00034255
15.747,-0.010956,-0.010643,-0.01071,-0.010712,-0.010768,-0.010758,0.00036541
15.753,-0.011004,-0.010726,-0.0107,-0.010712,-0.010745,-0.010778,0.00036989
15.76,-0.010853,-0.010702,-0.010712,-0.010686,-0.010698,-0.01073,0.00034485
15.767,-0.010777,-0.010566,-0.010683,-0.010675,-0.010872,-0.010715,0.0003634
15.773,-0.010795,-0.010513,-0.010616,-0.010759,-0.010797,-0.010696,0.00036882
15.78,-0.010668,-0.01049,-0.010551,-0.010802,-0.010648,-0.010632,0.0003652
15.787,-0.010516,-0.010446,-0.010542,-0.010543,-0.01057,-0.010524,0.00033858
15.793,-0.010522,-0.010367,-0.010525,-0.010485,-0.010487,-0.010477,0.00034283
15.8,-0.010141,-0.010303,-0.010472,-0.010363,-0.010357,-0.010327,0.00036535
15.807,-0.010495,-0.010206,-0.010405,-0.010358,-0.01025,-0.010343,0.00036316
15.813,-0.010431,-0.01006,-0.010296,-0.010279,-0.010235,-0.01026,0.00037196
15.82,-0.010352,-0.0099741,-0.010136,-0.010158,-0.010165,-0.010157,0.00037197
15.827,-0.010171,-0.0099477,-0.010052,-0.010073,-0.010016,-0.010052,0.00034755
15.833,-0.010112,-0.0098778,-0.009951,-0.0099416,-0.0098894,-0.0099543,0.00035188
15.84,-0.009982,-0.0097431,-0.0098532,-0.0098678,-0.0097814,-0.0098455,0.00035095
15.847,-0.0099274,-0.0096283,-0.0098992,-0.0096512,-0.0096783,-0.0097569,0.00037694
15.853,-0.009826,-0.0095347,-0.0096856,-0.0095931,-0.0095843,-0.0096448,0.00036091
15.86,-0.0097714,-0.0093856,-0.0093995,-0.0094668,-0.0094643,-0.0094975,0.00038453
15.867,-0.0095366,-0.0091863,-0.0093111,-0.0093082,-0.0093183,-0.0093321,0.0003663
15.873,-0.0093887,-0.0091059,-0.0092292,-0.0092027,-0.0091453,-0.0092144,0.000357
15.88,-0.0096129,-0.0090165,-0.0091092,-0.0090602,-0.0089604,-0.0091518,0.00046494
15.887,-0.0091477,-0.0088172,-0.0088321,-0.0088173,-0.0088483,-0.0088925,0.00037473
15.893,-0.0089543,-0.0086496,-0.008654,-0.0087594,-0.0086796,-0.0087394,0.00036585
15.9,-0.0087949,-0.0084888,-0.0085672,-0.0086011,-0.008532,-0.0085968,0.00036054
15.907,-0.0086121,-0.0083476,-0.0084962,-0.0082847,-0.008247,-0.0083975,0.00037979
15.913,-0.0084672,-0.0082128,-0.0083075,-0.0081843,-0.0080624,-0.0082468,0.00037834
15.92,-0.0080038,-0.0079966,-0.0081965,-0.0080206,-0.0081296,-0.0080694,0.00034638
15.927,-0.0082003,-0.0078056,-0.0079127,-0.0078415,-0.007933,-0.0079386,0.00038039
15.933,-0.0080029,-0.007601,-0.0075499,-0.0077095,-0.0075982,-0.0076923,0.00039877
15.94,-0.0077663,-0.0073948,-0.0073653,-0.0075034,-0.0074649,-0.007499,0.00038227
15.947,-0.0076069,-0.0072367,-0.007166,-0.0072398,-0.0072641,-0.0073027,0.00039178
15.953,-0.0074205,-0.0070642,-0.0070275,-0.0070657,-0.0070229,-0.0071202,0.00038824
15.96,-0.0071589,-0.0068506,-0.0067889,-0.0068652,-0.0068356,-0.0068999,0.00037418
15.967,-0.0070947,-0.0066418,-0.0066081,-0.0066225,-0.0065518,-0.0067038,0.00042609
15.973,-0.0067188,-0.0064425,-0.0064073,-0.0064534,-0.0063831,-0.006481,0.00036666
15.98,-0.0065524,-0.0062024,-0.0061223,-0.0062635,-0.006226,-0.0062733,0.00038396
15.987,-0.0061634,-0.0059529,-0.0058705,-0.0059576,-0.0059622,-0.0059813,0.00035172
15.993,-0.0059727,-0.0056864,-0.0055342,-0.0057096,-0.0056549,-0.0057116,0.000381
16,-0.0058133,-0.0054543,-0.005327,-0.0054931,-0.0054715,-0.0055118,0.00039413
16.007,-0.0054771,-0.0052407,-0.0051583,-0.0052292,-0.0052737,-0.0052758,0.00035661
16.013,-0.0053045,-0.0049599,-0.004851,-0.0049443,-0.0049717,-0.0050063,0.00038864
16.02,-0.0049164,-0.0046579,-0.0045369,-0.0046802,-0.0046814,-0.0046946,0.00036564
16.027,-0.0046781,-0.0042661,-0.0043482,-0.0044641,-0.0043912,-0.0044295,0.00037682
16.033,-0.0044173,-0.0040233,-0.0041119,-0.0041899,-0.0040861,-0.0041657,0.00037432
16.04,-0.0042041,-0.0037965,-0.0038126,-0.0039419,-0.0037985,-0.0039107,0.00038874
16.047,-0.0039875,-0.0034998,-0.0035053,-0.0036832,-0.0034913,-0.0036334,0.00041721
16.053,-0.0036174,-0.0032042,-0.0032351,-0.0032924,-0.0032353,-0.0033169,0.00038565
16.06,-0.0030699,-0.0029045,-0.0029368,-0.0029127,-0.0030508,-0.0029749,0.00033637
16.067,-0.0029589,-0.0026259,-0.0025816,-0.0026383,-0.0027356,-0.0027081,0.00037222
16.073,-0.0027033,-0.0023066,-0.0023695,-0.0023954,-0.0023713,-0.0024292,0.00037566
16.08,-0.0025153,-0.0019491,-0.0021046,-0.0021051,-0.0019674,-0.0021283,0.00042854
16.087,-0.002121,-0.0016234,-0.0017233,-0.0017833,-0.0016956,-0.0017893,0.00040143
16.093,-0.0017538,-0.0013331,-0.0014266,-0.0014141,-0.0014598,-0.0014775,0.00037828
16.1,-0.0014868,-0.0012025,-0.0011311,-0.0011081,-0.0011461,-0.0012149,0.00037471
16.107,-0.0011956,-0.00089793,-0.00077318,-0.00085473,-0.00081199,-0.00090669,0.00038269
16.113,-0.0008784,-0.00047479,-0.00041843,-0.00051729,-0.00050061,-0.0005579,0.00039305
16.12,-0.00051023,-0.00015805,-0.00017718,-0.0001797,-0.0002081,-0.00024665,0.00036985
16.127,-0.00026928,0.00017337,6.813e-05,0.00011058,0.00010865,3.829e-05,0.00038804
16.133,7.0301e-05,0.00053081,0.00044301,0.000422,0.00048344,0.00038991,0.00039333
16.14,0.00041264,0.00088564,0.00079293,0.00074399,0.00081869,0.00073078,0.00039452
16.147,0.00082751,0.001214,0.0011266,0.0010554,0.0011697,0.0010786,0.00037225
16.153,0.001027,0.0015017,0.0014376,0.0013985,0.0015626,0.0013855,0.00041339
16.16,0.0014152,0.001867,0.0017449,0.0017521,0.001845,0.0017248,0.00039217
16.167,0.0017851,0.0022283,0.0021604,0.0021319,0.0021432,0.0020898,0.00038733
16.173,0.0021552,0.002591,0.0024904,0.0024645,0.0024542,0.0024311,0.00038007
16.18,0.0025503,0.0029553,0.0027886,0.0027546,0.0027905,0.0027679,0.00036827
16.187,0.0027983,0.003272,0.0031143,0.0030815,0.003259,0.003105,0.00039993
16.193,0.00333,0.0036173,0.0034918,0.0034402,0.003627,0.0035013,0.00035751
16.2,0.0035528,0.0040012,0.0038677,0.0038362,0.0039078,0.0038332,0.00038435
16.207,0.0039273,0.0042085,0.0042279,0.0041475,0.0042827,0.0041588,0.00036545
16.213,0.0044365,0.004595,0.0045948,0.0044956,0.0046035,0.0045451,0.00033632
16.22,0.0045814,0.0050514,0.0049375,0.0047857,0.0047828,0.0048278,0.00039159
16.227,0.0049298,0.0053564,0.0052659,0.0052183,0.0052195,0.005198,0.00037997
16.233,0.0054174,0.0057021,0.0055973,0.0056302,0.0056733,0.0056041,0.0003528
16.24,0.0056636,0.0060131,0.0059257,0.0058681,0.0059948,0.0058931,0.0003687
16.247,0.0060527,0.0063642,0.006344,0.0062109,0.0063787,0.0062701,0.00036802
16.253,0.0062772,0.0067575,0.0066855,0.006596,0.0067309,0.0066094,0.00040633
16.26,0.0066922,0.0071124,0.0067079,0.0068809,0.007062,0.0068911,0.00040591
16.267,0.0069617,0.0076295,0.0070547,0.0072872,0.007376,0.0072618,0.00046413
16.273,0.0073732,0.0078824,0.0075756,0.0076566,0.0076954,0.0076366,0.00040023
16.28,0.0076419,0.0080352,0.0078606,0.0079464,0.0080094,0.0078987,0.0003825
16.287,0.0079053,0.0082625,0.0081852,0.0082578,0.0082849,0.0081792,0.00038235
16.293,0.0081462,0.0085395,0.008494,0.0085906,0.0085488,0.0084638,0.00039832
16.3,0.0084599,0.0089494,0.0087462,0.0088651,0.0088855,0.0087812,0.00040833
16.307,0.0087796,0.0092122,0.0090972,0.0091287,0.0092086,0.0090853,0.00039742
16.313,0.0091651,0.0094168,0.0093739,0.0094611,0.0095016,0.0093837,0.00036882
16.32,0.0093567,0.009695,0.0095468,0.0097565,0.0097892,0.0096288,0.00039856
16.327,0.0095699,0.0099562,0.0098623,0.0099785,0.010111,0.0098955,0.00041648
16.333,0.009829,0.010165,0.010125,0.01019,0.010364,0.010134,0.00041042
16.34,0.010017,0.010364,0.010358,0.010427,0.010508,0.010335,0.00040644
16.347,0.010282,0.010488,0.010573,0.010574,0.010698,0.010523,0.00038442
16.353,0.01059,0.010701,0.01072,0.010791,0.010935,0.010747,0.00036963
16.36,0.010676,0.010927,0.010863,0.011028,0.011071,0.010913,0.00038627
16.367,0.010913,0.011059,0.011068,0.01115,0.011196,0.011077,0.00036083
16.373,0.011122,0.011249,0.011288,0.011303,0.011308,0.011254,0.00034883
16.38,0.011257,0.011385,0.011429,0.011387,0.011478,0.011387,0.00035074
16.387,0.01141,0.011496,0.011491,0.011514,0.01164,0.01151,0.0003513
16.393,0.011446,0.011625,0.011576,0.011604,0.01169,0.011588,0.00035425
16.4,0.0116,0.011687,0.011664,0.011619,0.011746,0.011663,0.00034388
16.407,0.011729,0.011815,0.011717,0.011762,0.01181,0.011767,0.00034127
16.413,0.011788,0.011925,0.011813,0.011815,0.011863,0.011841,0.00034348
16.42,0.011942,0.011907,0.011873,0.011905,0.011974,0.01192,0.00034045
16.427,0.011927,0.011942,0.011887,0.011931,0.012015,0.01194,0.00034206
16.433,0.012187,0.011917,0.011986,0.011946,0.012108,0.012029,0.00036613
16.44,0.011916,0.012017,0.012014,0.01202,0.012131,0.01202,0.00035021
16.447,0.012168,0.012075,0.012007,0.012079,0.012071,0.01208,0.00034497
16.453,0.012104,0.011972,0.012089,0.012031,0.012115,0.012062,0.00034549
16.46,0.012101,0.011965,0.012107,0.012058,0.012107,0.012068,0.00034575
16.467,0.012028,0.012134,0.012025,0.012005,0.012057,0.01205,0.00034319
16.473,0.012123,0.012079,0.011949,0.011962,0.011958,0.012014,0.00035183
16.48,0.012075,0.011864,0.01194,0.011957,0.011916,0.01195,0.00035074
16.487,0.011945,0.011776,0.011937,0.011952,0.011925,0.011907,0.00034933
16.493,0.01189,0.011737,0.011853,0.01191,0.01184,0.011846,0.00034693
16.5,0.011838,0.011667,0.011808,0.011862,0.011795,0.011794,0.0003495
16.507,0.0118,0.011547,0.011733,0.011783,0.011793,0.011731,0.00036142
16.513,0.011468,0.011488,0.011603,0.011704,0.011651,0.011583,0.00035933
16.52,0.011151,0.011444,0.011541,0.011572,0.011573,0.011456,0.00040233
16.527,0.011528,0.011191,0.011384,0.011456,0.011524,0.011416,0.0003775
16.533,0.011365,0.011129,0.01128,0.01144,0.011421,0.011327,0.00037061
16.54,0.011257,0.011137,0.011205,0.01134,0.011182,0.011224,0.00034885
16.547,0.011183,0.011022,0.011003,0.011229,0.011132,0.011114,0.00035671
16.553,0.011268,0.010914,0.01094,0.011065,0.011111,0.01106,0.00037887
16.56,0.01094,0.010797,0.010815,0.010849,0.0109,0.01086,0.00034231
16.567,0.010678,0.010648,0.010569,0.010744,0.01066,0.01066,0.0003428
16.573,0.010472,0.010448,0.010489,0.010543,0.01057,0.010504,0.00033932
16.58,0.010465,0.010266,0.010355,0.010348,0.010449,0.010377,0.00034813
16.587,0.010178,0.0099917,0.010106,0.010237,0.010214,0.010145,0.00035466
16.593,0.0099884,0.0097965,0.0099269,0.0099941,0.010003,0.0099418,0.00034909
16.6,0.0097527,0.009686,0.009708,0.0098305,0.0098062,0.0097567,0.00034049
16.607,0.0095232,0.009484,0.0095335,0.0095876,0.0095635,0.0095384,0.00033487
16.613,0.0094995,0.0092462,0.009338,0.009308,0.0093457,0.0093475,0.00035063
16.62,0.0090404,0.008922,0.0090478,0.0090443,0.0091294,0.0090368,0.00034275
16.627,0.0087995,0.0087003,0.0088013,0.0087803,0.0089237,0.008801,0.00034433
16.633,0.0084643,0.0085196,0.0085035,0.0085377,0.0086202,0.0085291,0.00033686
16.64,0.0082493,0.0082414,0.0082354,0.0082632,0.008285,0.0082549,0.00032954
16.647,0.0078101,0.0078787,0.0079924,0.0079679,0.007963,0.0079224,0.00034132
16.653,0.0076349,0.0076449,0.0077025,0.0077306,0.0076663,0.0076759,0.00033132
16.66,0.0072728,0.0073917,0.0074417,0.0073717,0.0073855,0.0073727,0.00033591
16.667,0.0070464,0.007243,0.0070589,0.006865,0.0071269,0.0070681,0.00036857
16.673,0.0064213,0.0068893,0.006746,0.0064854,0.0067272,0.0066539,0.00040579
16.68,0.0063231,0.0064066,0.0064573,0.0063586,0.0063909,0.0063873,0.00033146
16.687,0.0061029,0.0061479,0.006105,0.0060311,0.0060874,0.0060949,0.00032922
16.693,0.0056474,0.005806,0.0057302,0.0057514,0.0056945,0.0057259,0.00033287
16.7,0.0054791,0.0052847,0.0053807,0.005493,0.0053978,0.005407,0.00034053
16.707,0.00511,0.004951,0.0051052,0.0051554,0.0050732,0.0050789,0.00033764
16.713,0.0047713,0.004703,0.0047979,0.0048228,0.0047644,0.0047719,0.00032813
16.72,0.0045814,0.0044618,0.00444,0.0044691,0.0044254,0.0044756,0.00033198
16.727,0.0041378,0.004173,0.0041143,0.00401,0.0040611,0.0040993,0.0003324
16.733,0.0038163,0.0038352,0.0038096,0.0035723,0.0037878,0.0037643,0.00034943
16.74,0.0035,0.0034725,0.0034349,0.0034406,0.0034198,0.0034535,0.00032457
16.747,0.0031612,0.0031229,0.0031001,0.0031607,0.0031046,0.0031299,0.00032392
16.753,0.0029428,0.002876,0.002778,0.002886,0.0027895,0.0028545,0.00033302
16.76,0.002656,0.0025926,0.0025825,0.0025961,0.0024252,0.0025705,0.0003388
16.767,0.0023129,0.0022789,0.0022394,0.002264,0.0020794,0.0022349,0.00034051
16.773,0.0019706,0.0019596,0.0017899,0.0019103,0.0017684,0.0018798,0.00034203
16.78,0.0016526,0.0016308,0.0015052,0.0015673,0.0014464,0.0015605,0.00033823
16.787,0.0013138,0.0012707,0.0011659,0.0012507,0.0012947,0.0012592,0.00032867
16.793,0.0010685,0.00099139,0.00096128,0.0010291,0.00094407,0.00099885,0.00032688
16.8,0.00070292,0.00067578,0.00067365,0.0006913,0.00050198,0.00064913,0.00033691
16.807,0.00048701,0.00035493,0.00025961,0.00029011,0.0002091,0.00032016,0.00034719
16.813,0.00012153,8.8441e-05,-6.8837e-05,-1.057e-05,-0.00018009,-9.9052e-06,0.00035456
16.82,-0.0002728,-0.00031766,-0.0004727,-0.00021645,-0.00046926,-0.00034978,0.0003517
16.827,-0.00051375,-0.00057212,-0.00077359,-0.00056966,-0.00075796,-0.00063742,0.00035342
16.833,-0.00085249,-0.00081369,-0.00097552,-0.00090222,-0.0010664,-0.00092206,0.00034433
16.84,-0.0011705,-0.0011658,-0.0012854,-0.0012348,-0.0013329,-0.0012379,0.00033323
16.847,-0.0013837,-0.0014678,-0.0015673,-0.0014829,-0.0016522,-0.0015108,0.00034521
16.853,-0.0016705,-0.0017581,-0.0018947,-0.0017996,-0.0019806,-0.0018207,0.00035414
16.86,-0.0019356,-0.0019902,-0.0023604,-0.0021316,-0.0022392,-0.0021314,0.00038769
16.867,-0.0021057,-0.0022763,-0.0025277,-0.0023586,-0.0024649,-0.0023466,0.00038157
16.873,-0.002614,-0.0025878,-0.0026836,-0.0026016,-0.0027314,-0.0026437,0.00033039
16.88,-0.0029381,-0.0028807,-0.0029516,-0.0028919,-0.003065,-0.0029455,0.00033429
16.887,-0.0032007,-0.0031974,-0.0032086,-0.0031821,-0.0032893,-0.0032156,0.00032613
16.893,-0.0034416,-0.0034269,-0.0035249,-0.0034828,-0.0034965,-0.0034745,0.00032591
16.9,-0.0037553,-0.0036723,-0.0038269,-0.0037991,-0.003874,-0.0037855,0.00033608
16.907,-0.0040169,-0.0040037,-0.0040881,-0.0040312,-0.0041775,-0.0040635,0.00033456
16.913,-0.0042077,-0.0042449,-0.0043403,-0.0042215,-0.0043911,-0.0042811,0.0003379
16.92,-0.0044944,-0.0044755,-0.0046041,-0.0045698,-0.0046719,-0.0045631,0.00033823
16.927,-0.0047553,-0.0049545,-0.004868,-0.0048492,-0.0049596,-0.0048773,0.00034001
16.933,-0.004945,-0.0051814,-0.0051175,-0.0050394,-0.00518,-0.0050927,0.00034712
16.94,-0.0051807,-0.0052501,-0.0053549,-0.0053139,-0.0053789,-0.0052957,0.0003391
16.947,-0.0054389,-0.0054758,-0.0055923,-0.0055353,-0.005619,-0.0055323,0.00033767
16.953,-0.0055595,-0.0056842,-0.0058154,-0.0057834,-0.0058685,-0.0057422,0.00035825
16.96,-0.0059458,-0.0058835,-0.0060121,-0.0060369,-0.0060916,-0.005994,0.00034007
16.967,-0.006133,-0.0060801,-0.0062838,-0.0062532,-0.006346,-0.0062192,0.00035258
16.973,-0.0063921,-0.0062938,-0.0065398,-0.0064693,-0.0065491,-0.0064488,0.0003517
16.98,-0.0066052,-0.0064297,-0.0067968,-0.0065324,-0.0067246,-0.0066178,0.00037333
16.987,-0.006815,-0.0066274,-0.0070263,-0.006696,-0.006979,-0.0068288,0.0003906
16.993,-0.007002,-0.0069004,-0.0071701,-0.0071974,-0.0071678,-0.0070875,0.00036427
17,-0.0072118,-0.0071959,-0.0073457,-0.0073031,-0.0073459,-0.0072805,0.00033895
17.007,-0.0074536,-0.0073937,-0.0074985,-0.0073981,-0.0075543,-0.0074596,0.00033795
17.013,-0.0078077,-0.0075307,-0.0077344,-0.0075826,-0.007797,-0.0076905,0.00036335
17.02,-0.0078452,-0.0077153,-0.007976,-0.0078519,-0.0079858,-0.0078748,0.00035573
17.027,-0.0080765,-0.0078855,-0.0081198,-0.0080632,-0.0081496,-0.0080589,0.00035219
17.033,-0.0081425,-0.0080584,-0.0083244,-0.00829,-0.008259,-0.0082149,0.00035627
17.04,-0.0083989,-0.0082721,-0.0084434,-0.008464,-0.0084595,-0.0084076,0.00034355
17.047,-0.0086086,-0.008437,-0.0086173,-0.0086276,-0.0086863,-0.0085954,0.00034915
17.053,-0.0087706,-0.008557,-0.0088469,-0.0087332,-0.0088181,-0.0087452,0.00035857
17.06,-0.0089795,-0.0087617,-0.0089473,-0.0088966,-0.0090079,-0.0089186,0.00035118
17.067,-0.0090843,-0.0089096,-0.0091593,-0.0090706,-0.009231,-0.009091,0.00036231
17.073,-0.0091702,-0.0090349,-0.0092991,-0.0092342,-0.0093114,-0.00921,0.00035902
17.08,-0.0094283,-0.0091471,-0.0093746,-0.0093186,-0.0093722,-0.0093282,0.00035709
17.087,-0.0094336,-0.0092867,-0.0094893,-0.0094399,-0.0095186,-0.0094336,0.00034908
17.093,-0.0095833,-0.009483,-0.0095682,-0.0095456,-0.0096334,-0.0095627,0.00033823
17.1,-0.0096389,-0.0096389,-0.0096765,-0.0096829,-0.0097708,-0.0096816,0.00033821
17.107,-0.0098737,-0.0097129,-0.0098229,-0.0098463,-0.0098829,-0.0098278,0.00034254
17.113,-0.010031,-0.009899,-0.0098649,-0.0099572,-0.0099501,-0.0099405,0.00034129
17.12,-0.010088,-0.0099979,-0.009943,-0.010037,-0.010015,-0.010016,0.00033871
17.127,-0.010095,-0.0099911,-0.01007,-0.010042,-0.010126,-0.010065,0.00033847
17.133,-0.010293,-0.010073,-0.010134,-0.010063,-0.010124,-0.010137,0.00035175
17.14,-0.010325,-0.010208,-0.010216,-0.010221,-0.010166,-0.010227,0.00034066
17.147,-0.010403,-0.010264,-0.010293,-0.010279,-0.010293,-0.010306,0.00033995
17.153,-0.010454,-0.010281,-0.010331,-0.010306,-0.010387,-0.010352,0.000344
17.16,-0.010431,-0.010247,-0.010401,-0.010321,-0.010434,-0.010367,0.00034794
17.167,-0.010611,-0.010388,-0.010463,-0.010374,-0.01042,-0.010451,0.00035381
17.173,-0.010665,-0.010499,-0.010489,-0.010443,-0.010437,-0.010506,0.0003527
17.18,-0.010615,-0.010507,-0.010545,-0.010501,-0.01046,-0.010526,0.00034124
17.187,-0.010694,-0.010557,-0.010537,-0.01059,-0.010519,-0.010579,0.00034457
17.193,-0.010772,-0.010526,-0.010559,-0.010548,-0.010639,-0.010609,0.00035635
17.2,-0.0108,-0.010577,-0.010664,-0.01068,-0.010596,-0.010664,0.00035119
17.207,-0.010751,-0.010648,-0.010727,-0.010796,-0.010557,-0.010696,0.00035384
17.213,-0.010796,-0.010706,-0.010695,-0.010648,-0.010578,-0.010685,0.00034831
17.22,-0.010721,-0.010899,-0.010732,-0.010654,-0.010566,-0.010714,0.00036692
17.227,-0.010759,-0.010902,-0.010733,-0.010627,-0.01061,-0.010726,0.00036447
17.233,-0.011118,-0.010749,-0.010642,-0.010643,-0.010631,-0.010757,0.00042211
17.24,-0.0108,-0.010541,-0.010635,-0.010617,-0.010633,-0.010645,0.0003538
17.247,-0.010777,-0.010541,-0.010659,-0.01059,-0.010616,-0.010637,0.00035169
17.253,-0.010848,-0.010692,-0.010674,-0.010707,-0.010578,-0.0107,0.000355
17.26,-0.0108,-0.010669,-0.010657,-0.010669,-0.01061,-0.010681,0.00034526
17.267,-0.010824,-0.010607,-0.010575,-0.010596,-0.010616,-0.010644,0.00035701
17.273,-0.010777,-0.010552,-0.010527,-0.010522,-0.010549,-0.010585,0.0003594
17.28,-0.0108,-0.010531,-0.010484,-0.010538,-0.010354,-0.010541,0.00038973
17.287,-0.010745,-0.010528,-0.010405,-0.010564,-0.010325,-0.010513,0.00038878
17.293,-0.010618,-0.010473,-0.010354,-0.010459,-0.010364,-0.010454,0.00035849
17.3,-0.010563,-0.010553,-0.010299,-0.010327,-0.010329,-0.010414,0.00037121
17.307,-0.010532,-0.01043,-0.010235,-0.010327,-0.010256,-0.010356,0.0003672
17.313,-0.010383,-0.010209,-0.010167,-0.010268,-0.010139,-0.010233,0.00035388
17.32,-0.010378,-0.010072,-0.010016,-0.010078,-0.010062,-0.010121,0.0003785
17.327,-0.010171,-0.0099888,-0.0099208,-0.0099995,-0.0099369,-0.010003,0.00035444
17.333,-0.010089,-0.0099159,-0.009906,-0.0099099,-0.0098248,-0.0099292,0.00035326
17.34,-0.010062,-0.0097114,-0.0097633,-0.0097619,-0.0097576,-0.0098112,0.00037555
17.347,-0.0098547,-0.0096219,-0.0095697,-0.0096139,-0.0096931,-0.0096707,0.00035947
17.353,-0.0097714,-0.0095151,-0.009484,-0.0095403,-0.0095387,-0.0095699,0.00036069
17.36,-0.0096918,-0.0093792,-0.0094286,-0.0094035,-0.0093737,-0.0094553,0.00037044
17.367,-0.0095609,-0.0092392,-0.0093206,-0.0091978,-0.009239,-0.0093115,0.00037736
17.373,-0.0094526,-0.0090425,-0.0091451,-0.0090553,-0.0090808,-0.0091553,0.00039261
17.38,-0.0092966,-0.008887,-0.0089337,-0.0089708,-0.008937,-0.009005,0.00038894
17.387,-0.0090644,-0.0087987,-0.0088385,-0.0087805,-0.0087906,-0.0088545,0.00036154
17.393,-0.0089777,-0.0086877,-0.0087227,-0.0086538,-0.0086324,-0.0087349,0.00037257
17.4,-0.0088478,-0.0084714,-0.0085841,-0.0085327,-0.0084738,-0.008582,0.00038179
17.407,-0.008542,-0.0082657,-0.0084034,-0.0083374,-0.0082576,-0.0083612,0.00035952
17.413,-0.0085209,-0.0081219,-0.0082267,-0.0081578,-0.00811,-0.0082274,0.00039064
17.42,-0.0082143,-0.008106,-0.0080919,-0.0079942,-0.0079847,-0.0080782,0.00034836
17.427,-0.0081346,-0.007866,-0.0078323,-0.0078358,-0.007771,-0.0078879,0.00037237
17.433,-0.0080271,-0.0075968,-0.0076053,-0.0077358,-0.0075913,-0.0077113,0.00040114
17.44,-0.0078452,-0.007387,-0.0073136,-0.0074984,-0.0074449,-0.0074978,0.00041528
17.447,-0.0074554,-0.0071431,-0.0071675,-0.0072185,-0.0071995,-0.0072368,0.00036206
17.453,-0.0072412,-0.0069585,-0.0071014,-0.007092,-0.0069844,-0.0070755,0.000355
17.46,-0.0071061,-0.006803,-0.0067278,-0.0068494,-0.0068379,-0.0068648,0.00037134
17.467,-0.0063096,-0.0065984,-0.0065341,-0.0065851,-0.0067088,-0.0065472,0.00037352
17.473,-0.0068083,-0.0063632,-0.0064103,-0.0064375,-0.0064729,-0.0064985,0.00039337
17.48,-0.0063938,-0.0060217,-0.0060767,-0.0062584,-0.0061879,-0.0061877,0.00037334
17.487,-0.0062334,-0.0057476,-0.0058377,-0.006021,-0.0058924,-0.0059464,0.00040036
17.493,-0.0059969,-0.0055139,-0.0055316,-0.0056884,-0.0056364,-0.0056735,0.00040464
17.5,-0.0057084,-0.0052554,-0.0052862,-0.005546,-0.005408,-0.0054408,0.00039973
17.507,-0.0052997,-0.0050153,-0.0051345,-0.0053349,-0.0051585,-0.0051886,0.00036181
17.513,-0.0052742,-0.0047367,-0.0048653,-0.0049337,-0.0049211,-0.0049462,0.00040724
17.52,-0.0049432,-0.0044465,-0.004592,-0.0046804,-0.0046837,-0.0046692,0.00039364
17.527,-0.0046547,-0.0041853,-0.0042822,-0.0043745,-0.0045625,-0.0044118,0.00040321
17.533,-0.004412,-0.0038897,-0.0040002,-0.0040738,-0.0042458,-0.0041243,0.0004121
17.54,-0.0040724,-0.0035756,-0.003731,-0.0037679,-0.0038514,-0.0037997,0.0003939
17.547,-0.0039328,-0.0032858,-0.0034434,-0.0035092,-0.0036023,-0.0035547,0.00043949
17.553,-0.0035743,-0.0030683,-0.0031943,-0.0032874,-0.003321,-0.0032891,0.00039701
17.56,-0.0033073,-0.0028516,-0.0029712,-0.0029446,-0.0030477,-0.0030245,0.00038679
17.567,-0.0031417,-0.0025297,-0.0026583,-0.0025699,-0.0027235,-0.0027246,0.0004427
17.573,-0.0027822,-0.0022473,-0.0022914,-0.0023217,-0.0023861,-0.0024057,0.00041888
17.58,-0.0024893,-0.0019491,-0.0019778,-0.0020529,-0.0021392,-0.0021217,0.00042028
17.587,-0.0020969,-0.0016524,-0.0017022,-0.0018205,-0.0018844,-0.0018313,0.00038748
17.593,-0.0018083,-0.0013716,-0.0014817,-0.0014881,-0.0016232,-0.0015546,0.00038246
17.6,-0.0016713,-0.0011278,-0.0012099,-0.0011927,-0.0012985,-0.0013001,0.00041843
17.607,-0.0013264,-0.00081219,-0.00086681,-0.00092872,-0.00096115,-0.00097906,0.00040753
17.613,-0.00093578,-0.00046272,-0.00052369,-0.00058072,-0.00068555,-0.00063769,0.00039501
17.62,-0.00064276,-0.00024526,-0.00031159,-0.00016896,-0.00031978,-0.00033767,0.0003916
17.627,-0.00032568,1.4815e-05,-3.2199e-06,0.00010554,0.00017243,-7.222e-06,0.0003993
17.633,-1.1091e-05,0.00037225,0.00044301,0.00036915,0.0004099,0.00031664,0.00039495
17.64,0.0002549,0.00085767,0.00077817,0.0007757,0.000642,0.00066169,0.00043796
17.647,0.00062405,0.0012352,0.0010273,0.0011187,0.00099155,0.00099935,0.00042945
17.653,0.00099057,0.0014462,0.0012213,0.0013296,0.0012961,0.0012568,0.00038367
17.66,0.0012835,0.0017006,0.0015972,0.0017096,0.0016706,0.0015923,0.00038983
17.667,0.0017002,0.0020781,0.0020351,0.002084,0.0022379,0.0020271,0.00040462
17.673,0.0019732,0.0024249,0.0023492,0.0024271,0.0025177,0.0023384,0.0004159
17.68,0.0023389,0.0028918,0.0027119,0.0028229,0.0027117,0.0026954,0.00041678
17.687,0.0029296,0.0032203,0.0030762,0.0031817,0.0031072,0.003103,0.00035087
17.693,0.0030832,0.0034735,0.0033929,0.0034404,0.0034594,0.0033699,0.0003804
17.7,0.0033683,0.0038548,0.0037092,0.0038523,0.0037909,0.0037151,0.00040893
17.707,0.0036396,0.0041953,0.0040984,0.0042533,0.0041049,0.0040583,0.00044154
17.713,0.004129,0.0045119,0.0044891,0.0045856,0.0044967,0.0044425,0.00039232
17.72,0.0045025,0.004843,0.0047884,0.0049072,0.0048553,0.0047793,0.00037974
17.727,0.0048465,0.0051861,0.005139,0.0051606,0.0052059,0.0051076,0.00037234
17.733,0.0052113,0.0055583,0.0054309,0.005551,0.0055412,0.0054585,0.00037243
17.74,0.0054791,0.0058814,0.0057464,0.0059682,0.0058197,0.005779,0.00039863
17.747,0.0057756,0.0062321,0.006125,0.0062373,0.0061968,0.0061134,0.0004046
17.753,0.0062623,0.0065382,0.0064825,0.0065485,0.006558,0.0064779,0.00036019
17.76,0.0065337,0.0068655,0.0068226,0.0069071,0.0069355,0.0068129,0.00038303
17.767,0.0069459,0.007215,0.0071245,0.0072236,0.0072824,0.0071583,0.00036518
17.773,0.0070728,0.0075196,0.0072842,0.0075561,0.0076044,0.0074074,0.0004293
17.78,0.0075102,0.0077925,0.0076126,0.0078147,0.0079158,0.0077292,0.00038582
17.787,0.0078749,0.0081319,0.0081086,0.0081157,0.0083103,0.0081083,0.00038046
17.793,0.0081194,0.0084089,0.0084993,0.0083902,0.0085651,0.0083966,0.00039096
17.8,0.0084339,0.0086686,0.0087552,0.0086854,0.0087628,0.0086612,0.00036886
17.807,0.0086463,0.0089684,0.0089836,0.0089916,0.0090214,0.0089223,0.00038227
17.813,0.0089087,0.0092179,0.0092474,0.0091661,0.0093196,0.0091719,0.00038384
17.82,0.0091722,0.0094844,0.0094966,0.0094246,0.0095872,0.009433,0.00038413
17.827,0.0094607,0.0095859,0.0098212,0.0097253,0.0097866,0.0096759,0.00038037
17.833,0.0097043,0.0098086,0.010159,0.010031,0.010012,0.0099431,0.00040258
17.84,0.01007,0.010214,0.010275,0.010248,0.010279,0.010217,0.00034959
17.847,0.0099558,0.010482,0.010437,0.010395,0.010525,0.010359,0.00043922
17.853,0.010354,0.010622,0.010681,0.010627,0.010765,0.01061,0.00038476
17.86,0.010624,0.010786,0.01088,0.010849,0.010913,0.01081,0.00036319
17.867,0.010737,0.010968,0.011062,0.011018,0.011125,0.010982,0.00038215
17.873,0.01106,0.011184,0.011206,0.011192,0.011294,0.011187,0.00035085
17.88,0.011046,0.011303,0.011309,0.011329,0.011364,0.01127,0.00037101
17.887,0.011331,0.011419,0.011403,0.011456,0.011528,0.011427,0.00034746
17.893,0.011491,0.011543,0.011494,0.011583,0.011623,0.011547,0.0003434
17.9,0.011547,0.011611,0.01153,0.011651,0.011695,0.011607,0.00034706
17.907,0.011825,0.011704,0.01166,0.011757,0.011697,0.011729,0.00034579
17.913,0.011763,0.011824,0.011781,0.011888,0.011722,0.011796,0.00034582
17.92,0.011838,0.011869,0.011866,0.011952,0.011912,0.011887,0.00034149
17.927,0.011865,0.011944,0.011911,0.011978,0.011917,0.011923,0.00034101
17.933,0.011942,0.012015,0.011928,0.011967,0.011965,0.011963,0.00033966
17.94,0.012022,0.011972,0.011937,0.01201,0.0121,0.012008,0.00034576
17.947,0.012047,0.012009,0.011969,0.012026,0.012037,0.012018,0.00033944
17.953,0.012049,0.012068,0.012077,0.012026,0.012067,0.012057,0.00033835
17.96,0.012075,0.012083,0.012035,0.012068,0.012136,0.012079,0.0003405
17.967,0.012342,0.012066,0.012039,0.012079,0.012066,0.012118,0.00037208
17.973,0.011983,0.012027,0.012009,0.011999,0.012019,0.012007,0.00033794
17.98,0.011995,0.012044,0.011998,0.011968,0.01196,0.011993,0.00033972
17.987,0.01189,0.011981,0.011999,0.011931,0.011971,0.011955,0.00034148
17.993,0.011813,0.011896,0.011893,0.011936,0.011989,0.011906,0.00034642
18,0.011811,0.011898,0.011991,0.011846,0.011908,0.011891,0.00034755
18.007,0.011807,0.01191,0.011907,0.011683,0.011817,0.011825,0.00035599
18.013,0.011705,0.011823,0.011726,0.011625,0.011723,0.01172,0.00034773
18.02,0.0116,0.011679,0.011671,0.011572,0.011531,0.011611,0.00034546
18.027,0.011594,0.011562,0.011533,0.011393,0.01147,0.01151,0.00035037
18.033,0.011416,0.0115,0.011189,0.011324,0.011372,0.01136,0.00036496
18.04,0.011283,0.011386,0.01115,0.011266,0.011253,0.011268,0.00035128
18.047,0.011277,0.011318,0.011176,0.011102,0.011166,0.011208,0.00035239
18.053,0.011099,0.011155,0.011125,0.01095,0.010979,0.011062,0.0003536
18.06,0.01094,0.010984,0.011015,0.010765,0.010782,0.010897,0.00036418
18.067,0.01088,0.010887,0.010766,0.010611,0.010655,0.01076,0.00036896
18.073,0.010625,0.010712,0.010499,0.010475,0.010518,0.010566,0.00035595
18.08,0.010412,0.010559,0.010267,0.010301,0.010348,0.010377,0.00036266
18.087,0.010327,0.010396,0.010126,0.010132,0.010161,0.010228,0.00036701
18.093,0.010074,0.010156,0.0099043,0.0099151,0.0099648,0.010003,0.00035864
18.1,0.0099373,0.0099207,0.0096166,0.0096935,0.0097654,0.0097867,0.00037473
18.107,0.0096747,0.0097384,0.0094396,0.0094931,0.0095106,0.0095713,0.00036758
18.113,0.0094373,0.0094931,0.009218,0.0092819,0.009351,0.0093562,0.00035877
18.12,0.009225,0.0092059,0.0090032,0.0090656,0.0091241,0.0091248,0.00035012
18.127,0.0088567,0.0089277,0.0087552,0.0087963,0.0088127,0.0088297,0.0003397
18.133,0.0085216,0.0086808,0.0083978,0.0085639,0.0085779,0.0085484,0.00035293
18.14,0.0084339,0.0084407,0.0081154,0.008263,0.0083235,0.0083153,0.00036881
18.147,0.0081903,0.0081187,0.0078754,0.0080152,0.0080476,0.0080494,0.00035967
18.153,0.0077788,0.0078507,0.0076263,0.007741,0.0077547,0.0077503,0.00034286
18.16,0.0074842,0.0074774,0.007345,0.0073981,0.0074527,0.0074315,0.00033524
18.167,0.007168,0.0071241,0.0070136,0.0070815,0.0071333,0.0071041,0.00033476
18.173,0.006875,0.0068697,0.006598,0.0068279,0.0067616,0.0067865,0.00035581
18.18,0.0065337,0.0065647,0.0062685,0.0064534,0.006395,0.0064431,0.00035708
18.187,0.0063394,0.006248,0.0060722,0.0061423,0.0060953,0.0061794,0.00035368
18.193,0.0058804,0.0061347,0.0057714,0.0058465,0.0057877,0.0058841,0.00037241
18.2,0.005584,0.0057086,0.005332,0.0054403,0.0055027,0.0055135,0.00036949
18.207,0.005317,0.00521,0.0051036,0.0050448,0.0051785,0.0051708,0.00034866
18.213,0.0049531,0.0048853,0.0048885,0.0047862,0.0047829,0.0048592,0.00033602
18.22,0.0046343,0.0045332,0.0045193,0.0044641,0.0044303,0.0045162,0.00033728
18.227,0.0043162,0.0042021,0.0042079,0.0041367,0.0040845,0.0041895,0.00034038
18.233,0.0039533,0.0039171,0.0037553,0.0038203,0.0037588,0.003841,0.00034153
18.24,0.0037374,0.0036506,0.0034242,0.00353,0.0034251,0.0035535,0.00036532
18.247,0.0033908,0.0032298,0.0032318,0.0033033,0.0030994,0.003251,0.00034841
18.253,0.0029534,0.0029051,0.0028811,0.002913,0.0028238,0.0028953,0.00032707
18.26,0.0027349,0.0026741,0.0025893,0.0025648,0.0025309,0.0026188,0.00033787
18.267,0.0023935,0.0023114,0.0023028,0.002264,0.0021995,0.0022942,0.00033314
18.273,0.0020971,0.0019328,0.001948,0.0019103,0.0019145,0.0019605,0.00033534
18.28,0.0016795,0.0016187,0.001663,0.0016096,0.0015321,0.0016206,0.00032882
18.287,0.0014161,0.0012998,0.001324,0.001293,0.0012052,0.0013076,0.00033428
18.293,0.0011751,0.0008989,0.00094542,0.00096547,0.00094777,0.00098654,0.00034781
18.3,0.00086147,0.00059541,0.00064612,0.00062235,0.00067448,0.00067997,0.00034648
18.307,0.00047167,0.00029456,0.00038223,0.00034264,0.00037892,0.00037401,0.0003307
18.313,0.00024696,-5.7592e-05,8.9352e-05,9.4645e-05,3.624e-05,8.1921e-05,0.00034887
18.32,-0.00019393,-0.00037433,-0.00025601,-0.00025889,-0.00027745,-0.00027212,0.00033075
18.327,-0.0004097,-0.00067669,-0.00059654,-0.00055421,-0.00065494,-0.00057841,0.00034663
18.333,-0.00074768,-0.00095221,-0.00086982,-0.00083375,-0.00094411,-0.00086951,0.00033746
18.34,-0.0010908,-0.0012738,-0.0011506,-0.0011927,-0.0011894,-0.0011795,0.00033139
18.347,-0.0012581,-0.0015996,-0.0014674,-0.0016361,-0.0014914,-0.0014905,0.00036982
18.353,-0.0016643,-0.0019623,-0.0017407,-0.0020105,-0.0017669,-0.0018289,0.00037089
18.36,-0.0018827,-0.0022541,-0.0020358,-0.0020259,-0.0017406,-0.0019878,0.00039964
18.367,-0.0023003,-0.0024972,-0.0023352,-0.0023164,-0.0020862,-0.0023071,0.0003692
18.373,-0.0025915,-0.0028452,-0.0025846,-0.0026437,-0.0026114,-0.0026553,0.00034863
18.38,-0.0027796,-0.0031102,-0.0029093,-0.0028863,-0.0028609,-0.0029093,0.00035582
18.387,-0.0031452,-0.0034137,-0.0031742,-0.0031397,-0.0031126,-0.0031971,0.00035627
18.393,-0.0034139,-0.0037198,-0.0034339,-0.0034352,-0.0033765,-0.0034759,0.00036507
18.4,-0.0037033,-0.0039308,-0.0037337,-0.0037099,-0.0037132,-0.0037582,0.00034416
18.407,-0.0039615,-0.0041561,-0.0039975,-0.0040001,-0.0039929,-0.0040216,0.00033636
18.413,-0.0040759,-0.0044517,-0.0042757,-0.0042481,-0.0041484,-0.00424,0.00036821
18.42,-0.004283,-0.0046933,-0.0045226,-0.0046119,-0.0043383,-0.0044898,0.0003896
18.427,-0.004723,-0.0048662,-0.0047483,-0.0049388,-0.0046338,-0.004782,0.00035635
18.433,-0.0049199,-0.0050946,-0.0050291,-0.0049547,-0.0049479,-0.0049892,0.0003355
18.44,-0.0052067,-0.0053584,-0.005302,-0.0052029,-0.0052382,-0.0052616,0.00033445
18.447,-0.0056173,-0.0056218,-0.0055104,-0.0054245,-0.0054846,-0.0055317,0.00034139
18.453,-0.0057119,-0.0058424,-0.0057388,-0.0056037,-0.00571,-0.0057213,0.00034128
18.46,-0.0058929,-0.0062303,-0.0059592,-0.0058678,-0.0059183,-0.0059737,0.00037281
18.467,-0.0060551,-0.006378,-0.0061581,-0.0061264,-0.006132,-0.0061699,0.00035889
18.473,-0.0063383,-0.0063674,-0.0064563,-0.0063111,-0.006326,-0.0063598,0.0003332
18.48,-0.0065524,-0.0066154,-0.0067243,-0.0065751,-0.006557,-0.0066048,0.00033756
18.487,-0.0067916,-0.0068713,-0.0068655,-0.0068177,-0.0067892,-0.006827,0.00032976
18.493,-0.0070713,-0.0069977,-0.007058,-0.0070184,-0.0069885,-0.0070268,0.00032956
18.5,-0.0071061,-0.0072076,-0.0072928,-0.0072029,-0.0071561,-0.0071931,0.00033783
18.507,-0.0074968,-0.0073794,-0.0075038,-0.0074086,-0.0073459,-0.0074269,0.00033864
18.513,-0.0077325,-0.0075628,-0.0077148,-0.0076038,-0.0075543,-0.0076336,0.00034385
18.52,-0.0077663,-0.0077078,-0.0078824,-0.0077566,-0.0078261,-0.0077878,0.00033829
18.527,-0.0081249,-0.0078648,-0.0080289,-0.0079731,-0.0080677,-0.0080119,0.00035046
18.533,-0.0081953,-0.0081143,-0.0081727,-0.0080998,-0.0081972,-0.0081559,0.00033331
18.54,-0.0084518,-0.0083227,-0.0083773,-0.0082104,-0.0083463,-0.0083417,0.00034646
18.547,-0.0086337,-0.0084782,-0.0085539,-0.0085114,-0.0084727,-0.00853,0.00033929
18.553,-0.0087403,-0.0086099,-0.0087317,-0.0086065,-0.0086388,-0.0086654,0.00033933
18.56,-0.0087949,-0.0087416,-0.0088385,-0.0087015,-0.0090215,-0.0088196,0.00036401
18.567,-0.0090538,-0.0088738,-0.0090272,-0.0089178,-0.0091601,-0.0090065,0.00035901
18.573,-0.0091658,-0.0090202,-0.0090949,-0.0090919,-0.0091469,-0.0091039,0.00033773
18.58,-0.0093226,-0.009338,-0.0091979,-0.0092293,-0.0092521,-0.009268,0.000339
18.587,-0.0094526,-0.0094237,-0.0094127,-0.0093559,-0.0094299,-0.0094149,0.00033396
18.593,-0.0095357,-0.0093724,-0.0095153,-0.0094505,-0.0096096,-0.0094967,0.00034935
18.6,-0.0096657,-0.0095098,-0.0096237,-0.0095562,-0.0097127,-0.0096136,0.00034655
18.607,-0.0098459,-0.0096362,-0.0097415,-0.009704,-0.0097915,-0.0097438,0.00034636
18.613,-0.0098988,-0.0097299,-0.0098034,-0.0097618,-0.0099142,-0.0098216,0.00034708
18.62,-0.0098243,-0.0098356,-0.0099313,-0.0099044,-0.0099131,-0.0098817,0.00033737
18.627,-0.010011,-0.0098684,-0.010041,-0.0099733,-0.010028,-0.0099844,0.00034325
18.633,-0.010266,-0.010002,-0.010125,-0.010089,-0.010199,-0.010136,0.00035567
18.64,-0.010352,-0.010121,-0.010257,-0.010205,-0.010281,-0.010243,0.00034969
18.647,-0.010402,-0.010091,-0.010287,-0.010232,-0.010358,-0.010274,0.00036528
18.653,-0.01041,-0.01014,-0.010322,-0.010285,-0.010411,-0.010313,0.00036059
18.66,-0.010589,-0.010185,-0.010354,-0.010311,-0.010493,-0.010386,0.00038653
18.667,-0.010591,-0.010217,-0.010546,-0.010416,-0.010525,-0.010459,0.00038173
18.673,-0.010641,-0.01031,-0.010596,-0.010501,-0.010484,-0.010506,0.00036906
18.68,-0.010668,-0.010358,-0.010487,-0.010564,-0.010649,-0.010545,0.00036905
18.687,-0.010746,-0.010372,-0.010504,-0.01058,-0.010687,-0.010578,0.0003811
18.693,-0.010809,-0.010312,-0.010629,-0.010438,-0.010636,-0.010565,0.00041068
18.7,-0.011117,-0.010325,-0.010596,-0.010453,-0.010686,-0.010635,0.00050232
18.707,-0.010815,-0.010428,-0.010545,-0.010649,-0.01064,-0.010615,0.00037791
18.713,-0.010923,-0.010464,-0.010638,-0.010596,-0.01065,-0.010654,0.00039322
18.72,-0.0108,-0.010478,-0.010657,-0.010633,-0.010698,-0.010653,0.00036396
18.727,-0.010827,-0.010446,-0.010749,-0.010664,-0.010669,-0.010671,0.00037761
18.733,-0.01085,-0.010469,-0.010742,-0.010686,-0.010718,-0.010693,0.00037619
18.74,-0.0108,-0.010473,-0.010674,-0.010749,-0.010748,-0.010689,0.00037022
18.747,-0.010883,-0.010452,-0.010541,-0.010775,-0.010681,-0.010666,0.00039754
18.753,-0.011054,-0.010449,-0.010538,-0.010659,-0.010645,-0.010669,0.00044044
18.76,-0.010932,-0.010437,-0.01059,-0.010575,-0.010732,-0.010653,0.00040701
18.767,-0.010777,-0.010321,-0.010568,-0.010638,-0.010702,-0.010601,0.00039781
18.773,-0.010695,-0.010284,-0.010566,-0.010575,-0.010532,-0.01053,0.0003825
18.78,-0.010641,-0.010317,-0.010409,-0.01049,-0.010475,-0.010467,0.00036476
18.787,-0.010566,-0.010305,-0.01042,-0.010432,-0.010473,-0.010439,0.00035323
18.793,-0.010584,-0.010276,-0.010469,-0.010385,-0.010431,-0.010429,0.00036153
18.8,-0.010457,-0.010194,-0.010349,-0.010406,-0.010321,-0.010345,0.0003552
18.807,-0.010527,-0.010147,-0.01029,-0.010316,-0.010395,-0.010335,0.00037557
18.813,-0.010337,-0.010118,-0.010203,-0.010189,-0.010266,-0.010223,0.00034828
18.82,-0.010457,-0.0099631,-0.010117,-0.0099837,-0.010108,-0.010126,0.00041343
18.827,-0.010172,-0.0098277,-0.010062,-0.01001,-0.010014,-0.010017,0.00036642
18.833,-0.010039,-0.0098043,-0.0099826,-0.0099571,-0.0098629,-0.0099292,0.00035221
18.84,-0.010035,-0.0097023,-0.0098453,-0.0098515,-0.0097693,-0.0098407,0.00036615
18.847,-0.0098199,-0.0095898,-0.0097188,-0.0096774,-0.0095625,-0.0096737,0.00035552
18.853,-0.0094979,-0.0094936,-0.0096104,-0.0095614,-0.0094462,-0.0095219,0.00034064
18.86,-0.0096389,-0.0093475,-0.0094493,-0.0094352,-0.0093997,-0.0094541,0.00035832
18.867,-0.009508,-0.0092037,-0.0094391,-0.0092397,-0.0091925,-0.0093166,0.00037737
18.873,-0.0094006,-0.0091588,-0.00931,-0.009171,-0.0090333,-0.0092147,0.00037508
18.88,-0.0092698,-0.0090112,-0.0090541,-0.0090602,-0.0089227,-0.0090636,0.00036627
18.887,-0.0090133,-0.0088224,-0.0089272,-0.0087646,-0.008735,-0.0088525,0.00035987
18.893,-0.0089499,-0.0086152,-0.0087899,-0.0085538,-0.0085818,-0.0086981,0.00039001
18.9,-0.0087949,-0.0084412,-0.008591,-0.0084114,-0.0084474,-0.0085372,0.00038443
18.907,-0.0085878,-0.0083042,-0.0082927,-0.0082528,-0.0083183,-0.0083512,0.00036875
18.913,-0.0084707,-0.0081773,-0.0080972,-0.0080838,-0.008387,-0.0082432,0.00039439
18.92,-0.0081355,-0.0079528,-0.008001,-0.0079415,-0.0082644,-0.008059,0.0003704
18.927,-0.0081778,-0.0077116,-0.0078111,-0.0078308,-0.0078975,-0.0078857,0.00039425
18.933,-0.0079267,-0.0075968,-0.007617,-0.0077145,-0.0076415,-0.0076993,0.00036778
18.94,-0.0077395,-0.007416,-0.0074589,-0.0075036,-0.0074422,-0.0075121,0.00036547
18.947,-0.0075488,-0.0071812,-0.0072135,-0.0072029,-0.007318,-0.0072929,0.00037771
18.953,-0.0071946,-0.0069702,-0.0070275,-0.0070601,-0.0071059,-0.0070717,0.00034299
18.96,-0.0070801,-0.0067592,-0.0068323,-0.0068016,-0.0068938,-0.0068734,0.00036149
18.967,-0.0068955,-0.0065626,-0.0065277,-0.0065747,-0.0066866,-0.0066494,0.00037522
18.973,-0.00671,-0.0063632,-0.0062982,-0.0062531,-0.0064835,-0.0064216,0.00039698
18.98,-0.0064995,-0.0061375,-0.0060963,-0.0059103,-0.0062789,-0.0061845,0.00042452
18.987,-0.0063815,-0.005871,-0.0059022,-0.005847,-0.0060294,-0.0060062,0.00042545
18.993,-0.0059278,-0.0056827,-0.005686,-0.00562,-0.0057338,-0.00573,0.00035589
19,-0.0057084,-0.0054611,-0.0053787,-0.0054297,-0.0055213,-0.0054998,0.00036079
19.007,-0.0054692,-0.0052169,-0.005108,-0.0052081,-0.0052707,-0.0052546,0.00036389
19.013,-0.0051833,-0.0049451,-0.0049404,-0.0049233,-0.0050173,-0.0050019,0.00035009
19.02,-0.0049693,-0.0046892,-0.0047653,-0.0046859,-0.0046996,-0.0047619,0.00035619
19.027,-0.0046574,-0.0046499,-0.0044528,-0.0044062,-0.0044832,-0.0045299,0.00035386
19.033,-0.0044631,-0.0043227,-0.0041002,-0.0041792,-0.0042681,-0.0042666,0.00036594
19.04,-0.0041253,-0.0038368,-0.003856,-0.0039679,-0.0039571,-0.0039486,0.00035259
19.047,-0.0037883,-0.0035666,-0.0035556,-0.0035617,-0.0036498,-0.0036244,0.00034503
19.053,-0.0036201,-0.0033265,-0.0032905,-0.0032825,-0.0033939,-0.0033827,0.0003658
19.06,-0.0033601,-0.0030479,-0.0030886,-0.0029922,-0.0031655,-0.0031309,0.00036747
19.067,-0.0030439,-0.002729,-0.0026915,-0.0026491,-0.0028436,-0.0027914,0.00037707
19.073,-0.0027536,-0.0024153,-0.0023669,-0.0024115,-0.0024887,-0.0024872,0.00037474
19.08,-0.0024893,-0.0021103,-0.0021215,-0.0020947,-0.0021894,-0.0022011,0.00038109
19.087,-0.0022457,-0.0019533,-0.0018339,-0.0018522,-0.0018965,-0.0019563,0.00038305
19.093,-0.0018343,-0.0016804,-0.0015553,-0.0016464,-0.0015507,-0.0016534,0.00035173
19.1,-0.0015396,-0.0012199,-0.0012073,-0.0013192,-0.0012683,-0.0013109,0.00036216
19.107,-0.0013256,-0.00085825,-0.00086986,-0.00097653,-0.0009268,-0.0009914,0.00040019
19.113,-0.0010353,-0.00058273,-0.00057959,-0.00061226,-0.00052171,-0.00066632,0.00041243
19.12,-0.00066878,-0.00028977,-0.00031838,-0.00030085,-0.00022464,-0.00036048,0.00038801
19.127,-0.00032655,5.5958e-05,0.00010777,3.1711e-05,9.954e-05,-6.314e-06,0.00039208
19.133,-1.2852e-05,0.00039604,0.00047053,0.00042753,0.00039364,0.00033498,0.00040324
19.14,0.00020205,0.00066895,0.00069893,0.00064902,0.00072087,0.00058796,0.00041924
19.147,0.00066899,0.00099358,0.0010352,0.0010292,0.0010847,0.00096234,0.00038207
19.153,0.00091695,0.0013748,0.0014017,0.0014091,0.0013724,0.001295,0.00041497
19.16,0.0012306,0.0017006,0.0017015,0.0016888,0.0017382,0.0016119,0.00041664
19.167,0.0017261,0.0020781,0.0020234,0.0020316,0.0021141,0.0019947,0.00037409
19.173,0.0020495,0.0024106,0.0024216,0.0023638,0.0024452,0.0023382,0.00038043
19.18,0.0023917,0.0027496,0.0027278,0.0027333,0.0027883,0.0026781,0.00037914
19.187,0.00276,0.0031425,0.0029969,0.003129,0.0031167,0.003029,0.00037892
19.193,0.0031049,0.0034683,0.003357,0.0034458,0.0034768,0.0033705,0.00037572
19.2,0.0034732,0.003831,0.0038688,0.0037939,0.003858,0.003765,0.00038238
19.207,0.0037902,0.0041953,0.0041999,0.0041688,0.0042419,0.0041192,0.00039662
19.213,0.004111,0.0045267,0.0044796,0.0044273,0.0046231,0.0044336,0.00040304
19.22,0.0045554,0.0049423,0.004771,0.0046963,0.0049489,0.0047828,0.00038453
19.227,0.0047981,0.0052575,0.00513,0.0052769,0.0052535,0.0051432,0.00040914
19.233,0.0051853,0.0055726,0.0055879,0.0057307,0.0056136,0.005538,0.00041356
19.24,0.0054791,0.0059656,0.005894,0.005852,0.0059372,0.0058256,0.00040755
19.247,0.0058267,0.006277,0.0062503,0.0061687,0.0062734,0.0061592,0.00040239
19.253,0.0063143,0.0066571,0.0066089,0.0065853,0.0068139,0.0065959,0.00039568
19.26,0.0065605,0.0069866,0.0068728,0.0069388,0.0070963,0.006891,0.00041146
19.267,0.0068534,0.0072992,0.0071514,0.0072024,0.0072877,0.0071588,0.00039674
19.273,0.0072147,0.0076661,0.0074993,0.0075244,0.0077297,0.0075268,0.00041024
19.28,0.0074313,0.0079658,0.0078225,0.0078254,0.0079845,0.0078059,0.00042886
19.287,0.0078204,0.0080557,0.0080863,0.0081211,0.008197,0.0080561,0.00037255
19.293,0.0080414,0.0083364,0.0084517,0.0084057,0.0084382,0.0083347,0.00039063
19.3,0.0083542,0.008731,0.0087552,0.0086907,0.008756,0.0086574,0.00039228
19.307,0.008692,0.0089948,0.0089689,0.0089813,0.0091029,0.008948,0.00038056
19.313,0.0088872,0.0092582,0.0092935,0.0092978,0.0092944,0.0092062,0.00039834
19.32,0.009225,0.0095221,0.0095875,0.0095352,0.0095861,0.0094912,0.00038094
19.327,0.009684,0.0098297,0.0098419,0.0097831,0.0099209,0.0098119,0.00034899
19.333,0.0097104,0.010042,0.010132,0.010068,0.010069,0.010004,0.00039204
19.34,0.010017,0.010293,0.010234,0.010342,0.010324,0.010242,0.00037124
19.347,0.010126,0.010459,0.010471,0.010522,0.010645,0.010445,0.00041017
19.353,0.010358,0.010691,0.010758,0.010696,0.010796,0.01066,0.0003979
19.36,0.010545,0.01091,0.01089,0.010913,0.010976,0.010847,0.00039661
19.367,0.010732,0.011152,0.011065,0.011076,0.011443,0.011094,0.00045977
19.373,0.010989,0.011344,0.011305,0.01125,0.011481,0.011274,0.00040346
19.38,0.011151,0.011414,0.011496,0.011435,0.011381,0.011375,0.0003736
19.387,0.011288,0.011491,0.011556,0.01153,0.011566,0.011486,0.00036465
19.393,0.011563,0.011645,0.011672,0.011609,0.01162,0.011622,0.00034007
19.4,0.011547,0.011795,0.01181,0.011699,0.011741,0.011719,0.00036112
19.407,0.011676,0.011918,0.011832,0.011783,0.011904,0.011822,0.00035825
19.413,0.011732,0.011917,0.011878,0.011846,0.011911,0.011857,0.00034959
19.42,0.011785,0.011887,0.011969,0.011905,0.011944,0.011898,0.00034834
19.427,0.012384,0.011881,0.01199,0.011952,0.011992,0.01204,0.00041707
19.433,0.012059,0.011901,0.012051,0.011957,0.012036,0.012001,0.00034788
19.44,0.011995,0.011995,0.012081,0.011989,0.012042,0.01202,0.00034096
19.447,0.01209,0.012013,0.012043,0.01211,0.012004,0.012052,0.00034239
19.453,0.011903,0.011989,0.012074,0.012079,0.012021,0.012013,0.00034899
19.46,0.012075,0.012047,0.012081,0.012089,0.012103,0.012079,0.00033842
19.467,0.011999,0.012051,0.012086,0.012084,0.01215,0.012074,0.00034436
19.473,0.012019,0.012001,0.012066,0.012052,0.012136,0.012055,0.00034355
19.48,0.011969,0.01196,0.012103,0.012063,0.012066,0.012032,0.00034652
19.487,0.011987,0.01211,0.012076,0.012068,0.011975,0.012043,0.00034523
19.493,0.011797,0.012021,0.011932,0.01202,0.011968,0.011948,0.00035601
19.5,0.011942,0.011802,0.011916,0.01191,0.011919,0.011898,0.00034386
19.507,0.011682,0.01172,0.011864,0.011793,0.01186,0.011784,0.00035163
19.513,0.011528,0.011629,0.011721,0.01173,0.011729,0.011668,0.0003539
19.52,0.0116,0.01155,0.011705,0.011651,0.011623,0.011626,0.0003438
19.527,0.011571,0.011384,0.011581,0.011551,0.011608,0.011539,0.00035376
19.533,0.011464,0.011291,0.011421,0.01145,0.011538,0.011433,0.00035396
19.54,0.011257,0.011216,0.011354,0.011366,0.011375,0.011314,0.00034717
19.547,0.011174,0.011116,0.011217,0.010949,0.011193,0.01113,0.0003606
19.553,0.010996,0.010976,0.011119,0.010675,0.01102,0.010957,0.00039368
19.56,0.010914,0.010838,0.010962,0.010897,0.010893,0.010901,0.000339
19.567,0.010771,0.010657,0.010742,0.010685,0.010756,0.010722,0.00033942
19.573,0.010329,0.010465,0.010572,0.010569,0.010542,0.010496,0.00035685
19.58,0.010492,0.01029,0.010297,0.010379,0.010334,0.010358,0.00034853
19.587,0.010365,0.010151,0.010073,0.010232,0.01012,0.010188,0.00036186
19.593,0.010393,0.0099562,0.0098805,0.010026,0.0099119,0.010033,0.000421
19.6,0.0098844,0.0097675,0.0096604,0.0097728,0.009756,0.0097682,0.00034613
19.607,0.0096946,0.0096474,0.0094902,0.0095616,0.0094933,0.0095774,0.00035031
19.613,0.0093603,0.0093127,0.0092882,0.0093136,0.009269,0.0093088,0.00033347
19.62,0.0091193,0.0090292,0.0090074,0.0092555,0.0090766,0.0090976,0.00035214
19.627,0.0090074,0.0088219,0.0087341,0.0090812,0.0087984,0.0088886,0.00037762
19.633,0.0086965,0.0085317,0.0084677,0.0086169,0.0085515,0.0085728,0.00034659
19.64,0.0083542,0.0083138,0.0079743,0.0083637,0.0082824,0.0082577,0.00038512
19.647,0.0080145,0.0080976,0.0077353,0.0080362,0.0081691,0.0080105,0.00038698
19.653,0.0077468,0.0077322,0.0076089,0.0077565,0.0078879,0.0077464,0.00034999
19.66,0.0074573,0.0073415,0.0073212,0.0075088,0.0073919,0.0074042,0.00034135
19.667,0.0071939,0.0070274,0.0069993,0.0070816,0.007045,0.0070694,0.00033978
19.673,0.0069261,0.0067372,0.0067169,0.0066855,0.0067378,0.0067607,0.00034667
19.68,0.0065605,0.0063454,0.0066074,0.0064638,0.0064966,0.0064947,0.00034865
19.687,0.0061966,0.0059434,0.0063055,0.006274,0.006164,0.0061767,0.00037007
19.693,0.005972,0.0056583,0.0058502,0.0060103,0.0057469,0.0058476,0.00037323
19.7,0.0055311,0.0053481,0.005469,0.0054458,0.0054064,0.0054401,0.00033511
19.707,0.0052632,0.0049933,0.0050999,0.0050765,0.0050463,0.0050958,0.00034749
19.713,0.0048752,0.0046792,0.0048466,0.0047755,0.0047666,0.0047886,0.00033707
19.72,0.0045814,0.0043165,0.0045574,0.0044691,0.0044371,0.0044723,0.00034866
19.727,0.0042668,0.0040251,0.0042343,0.0043057,0.0040759,0.0041816,0.00035737
19.733,0.0039974,0.0037242,0.0038689,0.0040261,0.0037418,0.0038717,0.00036624
19.74,0.0036317,0.0033721,0.003493,0.003435,0.0033723,0.0034608,0.00034886
19.747,0.0032634,0.0030701,0.0032053,0.0030763,0.0030756,0.0031381,0.00034078
19.753,0.0029221,0.0027798,0.0028834,0.0027966,0.0027657,0.0028295,0.00033286
19.76,0.002656,0.0024752,0.0025142,0.0025486,0.0024981,0.0025384,0.00033329
19.767,0.0024134,0.0021585,0.0021737,0.002195,0.0021538,0.0022189,0.00034903
19.773,0.002053,0.0018709,0.0018713,0.0018574,0.0018096,0.0018924,0.00034133
19.78,0.0018112,0.0015927,0.0016101,0.001546,0.0014993,0.0016119,0.0003536
19.787,0.0014179,0.0012733,0.001286,0.0011609,0.001144,0.0012564,0.00034902
19.793,0.0010971,0.00098834,0.00090465,0.00084985,0.00080137,0.00092827,0.00035223
19.8,0.00072975,0.00063464,0.00054989,0.00051193,0.00044385,0.00057401,0.00034908
19.807,0.00046287,0.0002587,0.0002362,4.7485e-05,0.00019061,0.00023917,0.00037059
19.813,0.00012502,-2.8524e-05,-5.4079e-05,-8.4237e-05,-0.00011292,-3.0948e-05,0.00034073
19.82,-0.00014108,-0.00032148,-0.00034436,-0.00032166,-0.00044808,-0.00031533,0.00034883
19.827,-0.00042873,-0.00068197,-0.00064939,-0.00077033,-0.0007406,-0.0006542,0.0003617
19.833,-0.00065241,-0.00099075,-0.00096605,-0.0010977,-0.0010716,-0.00095571,0.00038962
19.84,-0.0011436,-0.0012716,-0.0013262,-0.0012614,-0.0013423,-0.001269,0.00033521
19.847,-0.0013568,-0.0015302,-0.001664,-0.0015883,-0.0015824,-0.0015443,0.00035137
19.853,-0.0016238,-0.0018136,-0.0019252,-0.0018732,-0.0018462,-0.0018164,0.00035147
19.86,-0.0020405,-0.0020548,-0.0022642,-0.0022216,-0.0021682,-0.0021498,0.00034411
19.867,-0.0022814,-0.0023439,-0.0025556,-0.0025009,-0.0025083,-0.002438,0.00035339
19.873,-0.0026166,-0.0027252,-0.0028564,-0.0027227,-0.0027669,-0.0027376,0.00033904
19.88,-0.0028324,-0.0030509,-0.0030346,-0.0030657,-0.0030074,-0.0029982,0.00034273
19.887,-0.0035122,-0.0033412,-0.0032958,-0.0033506,-0.0031263,-0.0033252,0.00036477
19.893,-0.0033007,-0.0036167,-0.0036401,-0.003657,-0.0034161,-0.0035261,0.00037786
19.9,-0.0036236,-0.0038372,-0.0039065,-0.0039154,-0.0038276,-0.0038221,0.000354
19.907,-0.003991,-0.0040365,-0.0041821,-0.0041367,-0.004159,-0.0041011,0.00033865
19.913,-0.0043116,-0.0042475,-0.0045327,-0.0043953,-0.0044292,-0.0043833,0.00035047
19.92,-0.004679,-0.0045457,-0.0047664,-0.0046329,-0.0047127,-0.0046673,0.0003395
19.927,-0.0048627,-0.0048567,-0.0049181,-0.004918,-0.0049686,-0.0049048,0.00032851
19.933,-0.0050265,-0.0049466,-0.0051725,-0.0052556,-0.0051823,-0.0051167,0.00035968
19.94,-0.0053124,-0.0052135,-0.0054338,-0.0054826,-0.0054778,-0.005384,0.00035537
19.947,-0.0055662,-0.0055524,-0.0056859,-0.0058311,-0.0057047,-0.0056681,0.00035395
19.953,-0.0055674,-0.0057223,-0.0058773,-0.0060104,-0.0059236,-0.0058202,0.00039119
19.96,-0.0060507,-0.0060258,-0.0061105,-0.0060791,-0.0061415,-0.0060815,0.00032999
19.967,-0.0062396,-0.0063028,-0.0063982,-0.0063215,-0.0063577,-0.006324,0.00033366
19.973,-0.0065228,-0.0064753,-0.0066043,-0.0066014,-0.0065201,-0.0065448,0.00033308
19.98,-0.0067109,-0.0065293,-0.0068063,-0.006823,-0.0067299,-0.0067199,0.00035676
19.987,-0.0069466,-0.0066799,-0.0070871,-0.0069811,-0.0069737,-0.0069337,0.00037667
19.993,-0.0071329,-0.0069675,-0.0072728,-0.0071289,-0.0071874,-0.0071379,0.00035476
20,-0.0073175,-0.0072167,-0.0074679,-0.0073348,-0.0073814,-0.0073437,0.00034628
20.007,-0.0075505,-0.0074255,-0.0076424,-0.0075882,-0.0076267,-0.0075667,0.00034454
20.013,-0.0076641,-0.0075813,-0.0078231,-0.0077355,-0.0077838,-0.0077176,0.00034883
20.02,-0.0078712,-0.0077274,-0.0080141,-0.0079414,-0.0079117,-0.0078932,0.00035352
20.027,-0.00808,-0.0079003,-0.0081463,-0.0081739,-0.0081662,-0.0080933,0.00035753
20.033,-0.0082179,-0.0080996,-0.0083508,-0.0083427,-0.0083258,-0.0082674,0.00035493
20.04,-0.0084518,-0.0081943,-0.0085566,-0.0084692,-0.0084368,-0.0084218,0.00036935
20.047,-0.0086605,-0.008354,-0.0086861,-0.008538,-0.0086531,-0.0085783,0.00037099
20.053,-0.0087931,-0.0085861,-0.0088642,-0.0087542,-0.0088155,-0.0087626,0.00035506
20.06,-0.0088738,-0.0088436,-0.0090001,-0.0088805,-0.0089094,-0.0089015,0.00033814
20.067,-0.009157,-0.0089572,-0.0091397,-0.0090391,-0.0090438,-0.0090674,0.00034547
20.073,-0.0092472,-0.0090202,-0.0092926,-0.0092292,-0.0092163,-0.0092011,0.00035535
20.08,-0.0094283,-0.0090478,-0.0092096,-0.0094139,-0.0093865,-0.0092972,0.00038887
20.087,-0.0095098,-0.0092301,-0.0093783,-0.0095193,-0.0095303,-0.0094336,0.00036791
20.093,-0.0096675,-0.0094226,-0.009749,-0.009593,-0.0096477,-0.0096159,0.00036421
20.1,-0.0098763,-0.0093037,-0.0098532,-0.0097356,-0.0097534,-0.0097044,0.00043934
20.107,-0.0099274,-0.0094437,-0.0098849,-0.0098938,-0.0098444,-0.0097988,0.00041493
20.113,-0.0099345,-0.0097615,-0.0099789,-0.0099203,-0.0099089,-0.0099008,0.00034736
20.12,-0.010088,-0.0099144,-0.010055,-0.010042,-0.010049,-0.01003,0.00034247
20.127,-0.010219,-0.0099329,-0.010079,-0.010068,-0.010115,-0.010083,0.00035602
20.133,-0.010326,-0.0099964,-0.010137,-0.010147,-0.01028,-0.010177,0.00036991
20.14,-0.010457,-0.010111,-0.010445,-0.010295,-0.010362,-0.010334,0.00037618
20.147,-0.01051,-0.010176,-0.010485,-0.010353,-0.010346,-0.010374,0.00037208
20.153,-0.010562,-0.010243,-0.010372,-0.010374,-0.010411,-0.010392,0.00036197
20.16,-0.010589,-0.010337,-0.010497,-0.010453,-0.010434,-0.010462,0.0003524
20.167,-0.010739,-0.01037,-0.010566,-0.010527,-0.01055,-0.01055,0.0003713
20.173,-0.010675,-0.010401,-0.010525,-0.010638,-0.010558,-0.01056,0.00035897
20.18,-0.0108,-0.010423,-0.010545,-0.010648,-0.010545,-0.010592,0.00037679
20.187,-0.010875,-0.010454,-0.01058,-0.010654,-0.010607,-0.010634,0.00038445
20.193,-0.010832,-0.010519,-0.010638,-0.010627,-0.010576,-0.010638,0.00036457
20.2,-0.010932,-0.010543,-0.010584,-0.010622,-0.010583,-0.010653,0.0003874
20.207,-0.010883,-0.010557,-0.010603,-0.010669,-0.010662,-0.010675,0.00036816
20.213,-0.010931,-0.010555,-0.0107,-0.010717,-0.010654,-0.010712,0.00037528
20.22,-0.010959,-0.010615,-0.010698,-0.010665,-0.010677,-0.010723,0.00037384
20.227,-0.01098,-0.010645,-0.0107,-0.010638,-0.01071,-0.010735,0.00037699
20.233,-0.010885,-0.010607,-0.010727,-0.010717,-0.010698,-0.010727,0.00035641
20.24,-0.010932,-0.010683,-0.010695,-0.010717,-0.010713,-0.010748,0.00035796
20.247,-0.010952,-0.010696,-0.010674,-0.010685,-0.010667,-0.010735,0.00036658
20.253,-0.010781,-0.010605,-0.010671,-0.010617,-0.010604,-0.010656,0.00034661
20.26,-0.0108,-0.010613,-0.010587,-0.010617,-0.010564,-0.010636,0.00035361
20.267,-0.010795,-0.010372,-0.010585,-0.010601,-0.010525,-0.010576,0.00038335
20.273,-0.010645,-0.01035,-0.01059,-0.010517,-0.010295,-0.010479,0.0003826
20.28,-0.010589,-0.010487,-0.010525,-0.010522,-0.010306,-0.010486,0.00035892
20.287,-0.010686,-0.010406,-0.010443,-0.010453,-0.010214,-0.01044,0.00039306
20.293,-0.01054,-0.010358,-0.010396,-0.010363,-0.010172,-0.010366,0.00037086
20.3,-0.010484,-0.010329,-0.010599,-0.010327,-0.010215,-0.010391,0.00038198
20.307,-0.010408,-0.010218,-0.010402,-0.010263,-0.010129,-0.010284,0.00036498
20.313,-0.01045,-0.010132,-0.010134,-0.010142,-0.010088,-0.010189,0.00037953
20.32,-0.010299,-0.010062,-0.010071,-0.01001,-0.010007,-0.01009,0.00036461
20.327,-0.010217,-0.0099715,-0.0099706,-0.0099678,-0.0099157,-0.010008,0.00036353
20.333,-0.010064,-0.0098345,-0.0097004,-0.0098888,-0.0098222,-0.009862,0.00037039
20.34,-0.009982,-0.0096351,-0.0096003,-0.0097513,-0.0097021,-0.0097342,0.00038059
20.347,-0.0098001,-0.0095691,-0.0096543,-0.0096456,-0.0095409,-0.009642,0.00035429
20.353,-0.0096935,-0.0095057,-0.009529,-0.0095084,-0.0094436,-0.009536,0.00035102
20.36,-0.0096389,-0.00942,-0.0094021,-0.0093027,-0.0093156,-0.0094158,0.00037092
20.367,-0.0095037,-0.0092777,-0.0092647,-0.0091183,-0.009148,-0.0092625,0.00038062
20.373,-0.0092768,-0.0091127,-0.0090801,-0.0089919,-0.0090306,-0.0090984,0.00035734
20.38,-0.0092437,-0.0089927,-0.0089389,-0.0088649,-0.0090264,-0.0090133,0.00037452
20.387,-0.009035,-0.0088319,-0.0088046,-0.0087433,-0.0088155,-0.0088461,0.00035729
20.393,-0.0088997,-0.0086183,-0.008574,-0.0085587,-0.0085124,-0.0086326,0.00038082
20.4,-0.0087421,-0.0084533,-0.0084143,-0.0083214,-0.0084436,-0.0084749,0.00038314
20.407,-0.0086839,-0.0082751,-0.008289,-0.0081105,-0.0080926,-0.0082902,0.00044195
20.413,-0.0084768,-0.0081245,-0.0080606,-0.0080681,-0.0079699,-0.00814,0.00040892
20.42,-0.0082143,-0.007958,-0.0078983,-0.0079677,-0.0078949,-0.0079867,0.00036651
20.427,-0.0080592,-0.0077644,-0.0077465,-0.0077568,-0.0077457,-0.0078145,0.00036928
20.433,-0.0079708,-0.0075919,-0.0075356,-0.0076088,-0.0076242,-0.0076663,0.000392
20.44,-0.0077135,-0.0073635,-0.0073245,-0.0075352,-0.0074041,-0.0074682,0.00038171
20.447,-0.0072069,-0.0069544,-0.0070698,-0.007335,-0.0070742,-0.007128,0.00037364
20.453,-0.0072791,-0.0067894,-0.0069682,-0.0070445,-0.0068722,-0.0069907,0.00040114
20.46,-0.0070272,-0.0067619,-0.0067742,-0.0067173,-0.0067564,-0.0068074,0.00036096
20.467,-0.006988,-0.0065456,-0.0064511,-0.0064061,-0.0065887,-0.0065959,0.00043394
20.473,-0.0065846,-0.0062818,-0.0062163,-0.0062739,-0.0063842,-0.0063481,0.00037206
20.48,-0.006341,-0.0060469,-0.0060344,-0.0060578,-0.0061351,-0.006123,0.00036182
20.487,-0.0061555,-0.0058212,-0.0058181,-0.0058995,-0.005912,-0.0059213,0.00036715
20.493,-0.0059431,-0.0055404,-0.0055395,-0.0056301,-0.0056138,-0.0056534,0.00038512
20.5,-0.0056555,-0.0052675,-0.005264,-0.0052926,-0.0053314,-0.0053622,0.00038413
20.507,-0.0055877,-0.0050587,-0.0050292,-0.0050393,-0.0050914,-0.0051612,0.00043967
20.513,-0.0051133,-0.004787,-0.0048034,-0.0048861,-0.0048275,-0.0048835,0.00036366
20.52,-0.0049693,-0.0045748,-0.004566,-0.0045908,-0.004578,-0.0046558,0.00038977
20.527,-0.004704,-0.0043095,-0.0042704,-0.0042476,-0.0042972,-0.0043657,0.00040034
20.533,-0.0043887,-0.0040007,-0.0038406,-0.0039679,-0.0040243,-0.0040444,0.00041098
20.54,-0.0040724,-0.0037199,-0.0036438,-0.0037411,-0.0037287,-0.0037812,0.00038339
20.547,-0.003783,-0.0034179,-0.003508,-0.0034508,-0.0034437,-0.0035207,0.00037226
20.553,-0.0035179,-0.0031419,-0.00316,-0.0031817,-0.0032353,-0.0032474,0.0003752
20.56,-0.0032544,-0.0029072,-0.0028364,-0.0028389,-0.0028621,-0.0029398,0.00039039
20.567,-0.0028447,-0.0025656,-0.0025435,-0.0024645,-0.002494,-0.0025825,0.0003727
20.573,-0.002769,-0.0022187,-0.0022997,-0.0022481,-0.0022856,-0.0023642,0.00042865
20.58,-0.0024104,-0.0018676,-0.0019845,-0.0018361,-0.0020139,-0.0020225,0.00042935
20.587,-0.0021228,-0.0015906,-0.001635,-0.0014984,-0.0017289,-0.0017151,0.00044013
20.593,-0.0019053,-0.0013599,-0.0013881,-0.0014353,-0.0014624,-0.0015102,0.000425
20.6,-0.0015925,-0.0010263,-0.0010318,-0.0011083,-0.0010997,-0.0011717,0.00043634
20.607,-0.0012511,-0.00070051,-0.00071659,-0.00079668,-0.00073535,-0.00084005,0.00043164
20.613,-0.00095467,-0.00039548,-0.00047388,-0.0005116,-0.00044776,-0.00055668,0.00042649
20.62,-0.00053706,-0.00013695,-0.00012547,-0.00014229,-0.00021293,-0.00023094,0.00038702
20.627,-0.00029521,0.00019036,0.00018331,0.0001797,8.5229e-05,6.8676e-05,0.00041168
20.633,6.9406e-05,0.00058366,0.00052225,0.00041712,0.00045438,0.00040936,0.00040595
20.64,0.00041264,0.00088036,0.00090087,0.00074968,0.00078015,0.00074474,0.00040292
20.647,0.00073149,0.0012193,0.0011568,0.0010609,0.0010995,0.0010536,0.00039801
20.653,0.0010945,0.0015255,0.0013847,0.0014407,0.0014135,0.0013718,0.00037982
20.66,0.0013363,0.0017803,0.0017358,0.0017254,0.0017329,0.0016621,0.00039355
20.667,0.001702,0.0022297,0.0021291,0.0020474,0.0020031,0.0020223,0.00040502
20.673,0.0019741,0.0025926,0.0024111,0.0024643,0.0023448,0.0023574,0.00043215
20.68,0.0023657,0.002879,0.0025787,0.0027808,0.0027207,0.002665,0.00040592
20.687,0.002856,0.0031757,0.002972,0.0030605,0.0030951,0.0030319,0.00035589
20.693,0.0030582,0.0034856,0.0034771,0.003414,0.0034594,0.0033789,0.00039294
20.7,0.0034471,0.0038986,0.0038123,0.0038043,0.0038485,0.0037622,0.00039223
20.707,0.0038621,0.0042164,0.0041633,0.0041736,0.0042246,0.004128,0.00037316
20.713,0.0040902,0.0044856,0.0044838,0.0044958,0.0044978,0.0044106,0.00039221
20.72,0.0045814,0.0049037,0.0047937,0.0048443,0.0047786,0.0047803,0.00035683
20.727,0.005044,0.0052597,0.0051342,0.0052136,0.005226,0.0051755,0.00034127
20.733,0.0051707,0.0055843,0.0054509,0.0055567,0.005577,0.0054679,0.00038999
20.74,0.0055311,0.0058207,0.0057962,0.0058255,0.0058197,0.0057587,0.00036123
20.747,0.005876,0.0061585,0.0061511,0.0061683,0.0061677,0.0061043,0.00036172
20.753,0.0062667,0.006628,0.0063636,0.0064957,0.0064909,0.006449,0.00036806
20.76,0.0065605,0.0069776,0.0067014,0.006865,0.0067985,0.0067806,0.00038108
20.767,0.0069288,0.0072679,0.0071128,0.0071764,0.0071269,0.0071226,0.00036117
20.773,0.0072675,0.0075872,0.007473,0.00753,0.0074436,0.0074602,0.00036003
20.78,0.0074573,0.0078865,0.0077817,0.0078571,0.0077746,0.0077515,0.00039065
20.787,0.0078982,0.0082081,0.0081064,0.0081318,0.0081321,0.0080953,0.00035881
20.793,0.0081194,0.0085339,0.0084728,0.0084325,0.0084144,0.0083946,0.00038456
20.8,0.008407,0.0087951,0.0087865,0.0087384,0.008727,0.0086908,0.00038559
20.807,0.0088506,0.0090763,0.0090768,0.0090391,0.0090067,0.0090099,0.00035002
20.813,0.0091409,0.0093787,0.0092803,0.0093134,0.0092351,0.0092697,0.00034865
20.82,0.0092779,0.0095961,0.0098185,0.0095456,0.0095861,0.0095648,0.00040862
20.827,0.0094695,0.0098415,0.01005,0.0097987,0.0098628,0.0098045,0.00042248
20.833,0.0098487,0.010042,0.010094,0.010047,0.010122,0.010031,0.00035799
20.84,0.0099641,0.010278,0.010367,0.010459,0.010378,0.010289,0.00041001
20.847,0.010542,0.010534,0.010663,0.010818,0.010592,0.01063,0.00036397
20.853,0.010329,0.010618,0.010977,0.01086,0.010815,0.01072,0.00045923
20.86,0.010702,0.010835,0.011151,0.011013,0.011113,0.010963,0.00040951
20.867,0.010859,0.011013,0.011245,0.01116,0.01125,0.011105,0.00039442
20.873,0.010968,0.011129,0.011379,0.01135,0.011372,0.01124,0.00040546
20.88,0.011124,0.011311,0.011552,0.011477,0.011447,0.011382,0.00039544
20.887,0.011256,0.011295,0.011664,0.011556,0.011484,0.011451,0.0003987
20.893,0.011365,0.011398,0.011717,0.011688,0.011689,0.011571,0.0003995
20.9,0.011547,0.011628,0.011784,0.011825,0.011851,0.011727,0.00037469
20.907,0.011749,0.011685,0.011863,0.01182,0.011944,0.011812,0.00035913
20.913,0.01171,0.011804,0.011942,0.011883,0.012108,0.011889,0.00038501
20.92,0.011811,0.011925,0.011963,0.012005,0.012145,0.01197,0.0003695
20.927,0.011863,0.011965,0.011995,0.012005,0.012083,0.011982,0.00035142
20.933,0.011895,0.012018,0.01206,0.012031,0.012086,0.012018,0.00034944
20.94,0.012075,0.011998,0.012054,0.012041,0.012126,0.012059,0.00034241
20.947,0.012053,0.011991,0.01203,0.011989,0.012136,0.01204,0.00034552
20.953,0.012175,0.012248,0.01203,0.011899,0.012168,0.012104,0.000379
20.96,0.012154,0.01209,0.012016,0.012163,0.012174,0.012119,0.00034748
20.967,0.012226,0.011993,0.012034,0.012253,0.012179,0.012137,0.00036736
20.973,0.012108,0.012075,0.012028,0.012079,0.012145,0.012087,0.00034172
20.98,0.01218,0.012073,0.011961,0.0121,0.012126,0.012088,0.00035222
20.987,0.012126,0.012034,0.012027,0.01211,0.011962,0.012052,0.00034753
20.993,0.012026,0.011905,0.011965,0.012036,0.011923,0.011971,0.00034511
21,0.012048,0.011901,0.011861,0.011952,0.011931,0.011939,0.00034817
21.007,0.012026,0.011893,0.011902,0.011878,0.011846,0.011909,0.00034763
21.013,0.01209,0.011785,0.011795,0.011804,0.011863,0.011867,0.00037245
21.02,0.011838,0.01174,0.011717,0.011831,0.011712,0.011767,0.00034526
21.027,0.011657,0.011679,0.011668,0.011736,0.011599,0.011668,0.00034184
21.033,0.011621,0.011576,0.011493,0.011498,0.011579,0.011553,0.00034314
21.04,0.011442,0.011454,0.011427,0.011414,0.011442,0.011436,0.00033632
21.047,0.011534,0.011325,0.011377,0.011234,0.011301,0.011354,0.00036367
21.053,0.011263,0.011175,0.011144,0.011102,0.01121,0.011179,0.00034369
21.06,0.011151,0.01102,0.010959,0.010918,0.011102,0.01103,0.00035575
21.067,0.010993,0.010815,0.010778,0.010706,0.010926,0.010844,0.00036356
21.073,0.010831,0.010682,0.01063,0.010554,0.010686,0.010676,0.00035697
21.08,0.010571,0.010554,0.010446,0.010369,0.010495,0.010487,0.00034872
21.087,0.010487,0.01043,0.010243,0.010216,0.010348,0.010345,0.00036324
21.093,0.010279,0.010232,0.010039,0.010026,0.010175,0.01015,0.00036135
21.1,0.010017,0.0099736,0.0098039,0.0097413,0.0099326,0.0098937,0.00036223
21.107,0.0098047,0.0097479,0.0095785,0.0095458,0.0096571,0.0096668,0.0003584
21.113,0.0095655,0.0093651,0.0093263,0.0093398,0.0094223,0.0094038,0.00035243
21.12,0.0092519,0.0091684,0.0090478,0.0090866,0.0092257,0.009156,0.00034788
21.127,0.009063,0.0090473,0.0088013,0.008833,0.0089248,0.0089339,0.00036191
21.133,0.0087752,0.0087257,0.0085178,0.0085216,0.0086308,0.0086342,0.00035983
21.14,0.0084339,0.0084433,0.0082619,0.0083897,0.0084054,0.0083869,0.00034117
21.147,0.0080951,0.0081595,0.0080192,0.0081261,0.008066,0.0080932,0.00033511
21.153,0.0078749,0.0078892,0.0076708,0.0076833,0.0077452,0.0077727,0.0003522
21.16,0.0075362,0.0075767,0.0074926,0.007414,0.0074935,0.0075026,0.00033577
21.167,0.0073247,0.0072098,0.0072171,0.0070865,0.0071719,0.007202,0.00034376
21.173,0.0070803,0.0068233,0.0067739,0.0067964,0.006788,0.0068524,0.00036319
21.18,0.0066133,0.0065028,0.0063927,0.0064905,0.006392,0.0064783,0.00034499
21.187,0.0062963,0.0062363,0.0060669,0.0061051,0.0060832,0.0061576,0.00034909
21.193,0.0059808,0.0059169,0.0058925,0.0058044,0.0057586,0.0058706,0.00034302
21.2,0.0056897,0.0055304,0.0055378,0.005467,0.0054646,0.0055379,0.0003436
21.207,0.0056192,0.0051809,0.0051459,0.0051294,0.0051954,0.0052541,0.00041255
21.213,0.0050615,0.0049631,0.0048504,0.0048391,0.0048354,0.0049099,0.00034648
21.22,0.0046343,0.0046453,0.0044785,0.004475,0.0045122,0.0045491,0.00033959
21.227,0.0042633,0.004284,0.0041264,0.0041159,0.0041902,0.004196,0.00033653
21.233,0.0038528,0.0039356,0.0038535,0.0038359,0.0038645,0.0038684,0.00032604
21.24,0.0037106,0.0036268,0.0035432,0.0035196,0.0036033,0.0036007,0.00033548
21.247,0.0033629,0.0034037,0.003217,0.0032665,0.0032353,0.0032971,0.00033766
21.253,0.0028763,0.0029607,0.0028543,0.0028706,0.0028329,0.0028789,0.00032729
21.26,0.002656,0.0026179,0.0025047,0.0025487,0.0024607,0.0025576,0.00033643
21.267,0.0023181,0.0023673,0.0022435,0.0023378,0.0021666,0.0022867,0.00033673
21.273,0.0021212,0.0020849,0.0019189,0.002021,0.0018975,0.0020087,0.00034378
21.28,0.0017323,0.001772,0.0015815,0.0016412,0.0015665,0.0016587,0.00034024
21.287,0.001364,0.001376,0.0012625,0.0013299,0.0012528,0.001317,0.00032856
21.293,0.0010315,0.001082,0.0010352,0.00094986,0.00096252,0.0010122,0.00032799
21.3,0.00102,0.00079848,0.00072918,0.00063308,0.00057073,0.0007503,0.0003869
21.307,0.00044826,0.00045535,0.00036792,0.0003376,0.00021171,0.00036417,0.00034352
21.313,0.00012329,0.00011222,5.1957e-06,7.3667e-05,-5.2103e-05,5.2454e-05,0.00033375
21.32,-0.0001671,-0.00021615,-0.00028622,-0.00021092,-0.000316,-0.00023928,0.00032935
21.327,-0.00053351,-0.00046,-0.00058707,-0.00053795,-0.00060887,-0.00054548,0.00032857
21.333,-0.00080405,-0.00065933,-0.00092491,-0.00085993,-0.00098331,-0.00084631,0.00035599
21.34,-0.0011705,-0.001059,-0.0012295,-0.0012029,-0.0012895,-0.0011903,0.00033789
21.347,-0.0013846,-0.0014535,-0.0015753,-0.0015511,-0.0015443,-0.0015017,0.00033601
21.353,-0.0016903,-0.0018045,-0.0019014,-0.0017781,-0.0018489,-0.0018046,0.00033577
21.36,-0.0018031,-0.0020812,-0.0022351,-0.0020737,-0.0021947,-0.0020775,0.00038347
21.367,-0.0025193,-0.00237,-0.0025027,-0.0024326,-0.0025203,-0.002469,0.00033167
21.373,-0.0026029,-0.0027226,-0.0027454,-0.0027281,-0.0025491,-0.0026696,0.00033954
21.38,-0.0028853,-0.0030102,-0.0031082,-0.0030181,-0.0026548,-0.0029353,0.00038869
21.387,-0.0030267,-0.0032741,-0.0033705,-0.0032714,-0.0031866,-0.0032259,0.00035951
21.393,-0.0034338,-0.0036541,-0.0035894,-0.0035773,-0.0036551,-0.0035819,0.00034111
21.4,-0.0037033,-0.0037949,-0.0038797,-0.0038572,-0.0038872,-0.0038245,0.0003362
21.407,-0.0040152,-0.0040546,-0.0041119,-0.0040684,-0.0041881,-0.0040876,0.00033285
21.413,-0.004205,-0.0044755,-0.0044127,-0.0042951,-0.0044387,-0.0043654,0.00035168
21.42,-0.0044155,-0.0047076,-0.0047072,-0.0046327,-0.0046719,-0.004627,0.00035699
21.427,-0.0048367,-0.0049651,-0.0050344,-0.0049337,-0.0049449,-0.004943,0.00033536
21.433,-0.0052194,-0.0052527,-0.0053115,-0.0051978,-0.0051246,-0.0052212,0.00033499
21.44,-0.0052067,-0.0054875,-0.0054262,-0.0054351,-0.0052857,-0.0053683,0.00035522
21.447,-0.0055229,-0.0056694,-0.0056214,-0.0056987,-0.0055861,-0.0056197,0.00033558
21.453,-0.0058098,-0.0060163,-0.0058826,-0.0059151,-0.0058946,-0.0059037,0.00033763
21.46,-0.0059987,-0.0062421,-0.0060909,-0.0061687,-0.006132,-0.0061265,0.00034393
21.467,-0.0060396,-0.006387,-0.0063046,-0.0064061,-0.006326,-0.0062927,0.0003733
21.473,-0.0064855,-0.0065346,-0.0065568,-0.0066331,-0.0065427,-0.0065505,0.00033236
21.48,-0.0065524,-0.0067328,-0.0067772,-0.0068442,-0.0068213,-0.0067456,0.00035644
21.487,-0.0068902,-0.0069913,-0.006947,-0.007034,-0.0070387,-0.0069802,0.00033545
21.493,-0.0070818,-0.0071876,-0.0071486,-0.0072556,-0.0072112,-0.007177,0.00033673
21.5,-0.0073175,-0.0073869,-0.0074298,-0.0075192,-0.0072942,-0.0073895,0.00034577
21.507,-0.007528,-0.0076126,-0.0076307,-0.0076511,-0.0074977,-0.007584,0.00033784
21.513,-0.0077108,-0.0077485,-0.0077797,-0.0078516,-0.0078238,-0.0077829,0.00033515
21.52,-0.0078192,-0.007932,-0.0079934,-0.0081048,-0.0079688,-0.0079636,0.00035224
21.527,-0.0080818,-0.008135,-0.0081727,-0.008179,-0.0081983,-0.0081533,0.00033335
21.533,-0.0083174,-0.008383,-0.0084059,-0.0083744,-0.0084198,-0.0083801,0.00033245
21.54,-0.0084786,-0.0085665,-0.0086355,-0.0085958,-0.0085568,-0.0085666,0.00033696
21.547,-0.008639,-0.00875,-0.0088374,-0.0087698,-0.0087414,-0.0087475,0.00034126
21.553,-0.0088764,-0.0089096,-0.0089733,-0.0088912,-0.0088392,-0.008898,0.00033551
21.56,-0.0091909,-0.0089768,-0.0090261,-0.0090444,-0.00904,-0.0090557,0.00034487
21.567,-0.0092671,-0.0090414,-0.0091948,-0.0091392,-0.009296,-0.0091877,0.00035401
21.573,-0.009283,-0.0091814,-0.0093863,-0.009282,-0.0093933,-0.0093052,0.00034812
21.58,-0.0096657,-0.0093781,-0.009475,-0.0094668,-0.0095356,-0.0095042,0.00035648
21.587,-0.0096345,-0.0097366,-0.0095855,-0.009604,-0.0096715,-0.0096464,0.00033972
21.593,-0.009497,-0.0098605,-0.0097437,-0.009757,-0.0097678,-0.0097252,0.00037191
21.6,-0.0097975,-0.0098208,-0.0095973,-0.0098836,-0.0099142,-0.0098027,0.00036578
21.607,-0.010055,-0.0099001,-0.0097531,-0.0099889,-0.010044,-0.0099481,0.00036657
21.613,-0.01012,-0.0099794,-0.010041,-0.010089,-0.010091,-0.010064,0.00033938
21.62,-0.010325,-0.010073,-0.010082,-0.010226,-0.010164,-0.010174,0.00035745
21.627,-0.010399,-0.010135,-0.010279,-0.010264,-0.01018,-0.010251,0.00035596
21.633,-0.010332,-0.010306,-0.010581,-0.010327,-0.010304,-0.01037,0.00036424
21.64,-0.010457,-0.010423,-0.010552,-0.010374,-0.010449,-0.010451,0.00034297
21.647,-0.010537,-0.010382,-0.010436,-0.010554,-0.010533,-0.010488,0.00034625
21.653,-0.010641,-0.010518,-0.010507,-0.010717,-0.010549,-0.010586,0.00035192
21.66,-0.010721,-0.010416,-0.010539,-0.01059,-0.0106,-0.010573,0.00036062
21.667,-0.010776,-0.010444,-0.010585,-0.010648,-0.010672,-0.010625,0.00036667
21.673,-0.01087,-0.010709,-0.010604,-0.010675,-0.010686,-0.010709,0.00035549
21.68,-0.010694,-0.010722,-0.010638,-0.010712,-0.010727,-0.010699,0.00033684
21.687,-0.0109,-0.010747,-0.010686,-0.010754,-0.010765,-0.010771,0.0003481
21.693,-0.01096,-0.010835,-0.010787,-0.010823,-0.010763,-0.010834,0.00034739
21.7,-0.011064,-0.010815,-0.010827,-0.01087,-0.010794,-0.010874,0.00036103
21.707,-0.011089,-0.010809,-0.010835,-0.010823,-0.010873,-0.010886,0.00036395
21.713,-0.011065,-0.010833,-0.010958,-0.010865,-0.01088,-0.01092,0.00035384
21.72,-0.011064,-0.010847,-0.010985,-0.010907,-0.010871,-0.010935,0.00035233
21.727,-0.011114,-0.010815,-0.010949,-0.010844,-0.010839,-0.010912,0.00036824
21.733,-0.011092,-0.010766,-0.010978,-0.010849,-0.010963,-0.01093,0.00036911
21.74,-0.011117,-0.010812,-0.01093,-0.010907,-0.010934,-0.01094,0.00036163
21.747,-0.011089,-0.010786,-0.0109,-0.010896,-0.010818,-0.010898,0.00036495
21.753,-0.011044,-0.010727,-0.010865,-0.010865,-0.010786,-0.010858,0.00036572
21.76,-0.011196,-0.010698,-0.010818,-0.010791,-0.010736,-0.010848,0.00041645
21.767,-0.01099,-0.010645,-0.010832,-0.01077,-0.010725,-0.010792,0.00037089
21.773,-0.010933,-0.010491,-0.010757,-0.01068,-0.010681,-0.010708,0.00038808
21.78,-0.010906,-0.010457,-0.010686,-0.010686,-0.010587,-0.010664,0.00039126
21.787,-0.010854,-0.010458,-0.010671,-0.010654,-0.01054,-0.010635,0.00038201
21.793,-0.010822,-0.010425,-0.010659,-0.010538,-0.01054,-0.010597,0.00038257
21.8,-0.010668,-0.010423,-0.010572,-0.010495,-0.010482,-0.010528,0.00035362
21.807,-0.010592,-0.010324,-0.010356,-0.010406,-0.010333,-0.010402,0.00036048
21.813,-0.010582,-0.010194,-0.01031,-0.010316,-0.010221,-0.010325,0.0003838
21.82,-0.010378,-0.010118,-0.010282,-0.010274,-0.010211,-0.010252,0.00035358
21.827,-0.010374,-0.0099922,-0.010153,-0.010121,-0.010121,-0.010152,0.00037451
21.833,-0.010272,-0.0099239,-0.010091,-0.010058,-0.0099512,-0.010059,0.00037402
21.84,-0.010167,-0.0098345,-0.010006,-0.0099733,-0.0098222,-0.0099605,0.00037555
21.847,-0.010112,-0.0097223,-0.009831,-0.0098042,-0.0097602,-0.0098459,0.00038324
21.853,-0.0099777,-0.0096114,-0.0096924,-0.0097619,-0.0097048,-0.0097496,0.0003735
21.86,-0.0097186,-0.0094094,-0.009555,-0.0096564,-0.009553,-0.0095785,0.00036212
21.867,-0.0097107,-0.0092011,-0.0093413,-0.0093874,-0.0093854,-0.0094052,0.00040418
21.873,-0.0094855,-0.0090889,-0.0092054,-0.0092609,-0.009239,-0.009256,0.00037611
21.88,-0.0093755,-0.0089927,-0.0090658,-0.0091392,-0.0091676,-0.0091482,0.0003757
21.887,-0.0093165,-0.00873,-0.0089272,-0.0089758,-0.0090227,-0.0089944,0.00042193
21.893,-0.0090905,-0.0085782,-0.0088623,-0.0088018,-0.0088313,-0.0088328,0.00039997
21.9,-0.0090063,-0.0084888,-0.0085049,-0.0086486,-0.008641,-0.0086579,0.00041886
21.907,-0.0088478,-0.0085654,-0.0083482,-0.0085164,-0.0084618,-0.0085479,0.00040213
21.913,-0.0086927,-0.0083767,-0.0083705,-0.0083318,-0.0083443,-0.0084232,0.00037907
21.92,-0.0086363,-0.0079849,-0.0081802,-0.008179,-0.0081662,-0.0082293,0.00044524
21.927,-0.0082993,-0.007849,-0.0079285,-0.0078677,-0.008016,-0.0079921,0.00039955
21.933,-0.0081148,-0.0077089,-0.007636,-0.0077412,-0.0078933,-0.0078188,0.00040398
21.94,-0.0081086,-0.0074541,-0.0074498,-0.0076724,-0.0076913,-0.0076753,0.00046709
21.947,-0.0077716,-0.0072367,-0.00724,-0.0073929,-0.0074396,-0.0074162,0.00042477
21.953,-0.0075801,-0.0070642,-0.007112,-0.0071925,-0.0072195,-0.0072337,0.00041294
21.96,-0.0073704,-0.0068506,-0.0070079,-0.007013,-0.0070202,-0.0070524,0.00040372
21.967,-0.0071849,-0.0065693,-0.0067244,-0.0067543,-0.0068092,-0.0068084,0.00043222
21.973,-0.0069717,-0.0063833,-0.0064828,-0.0065851,-0.0065258,-0.0065897,0.00042983
21.98,-0.0066841,-0.0061881,-0.0062808,-0.0063952,-0.0062408,-0.0063578,0.00040755
21.987,-0.0064942,-0.0059269,-0.0060143,-0.0061316,-0.0061339,-0.0061402,0.00042148
21.993,-0.0061634,-0.0056895,-0.0057679,-0.0059047,-0.0059305,-0.0058912,0.00039523
22,-0.0060247,-0.0054373,-0.0056584,-0.005646,-0.0056481,-0.0056829,0.00041801
22.007,-0.0058107,-0.0052607,-0.0054142,-0.0053611,-0.0053647,-0.0054423,0.0004186
22.013,-0.0055229,-0.00501,-0.0050503,-0.005071,-0.0053551,-0.0052019,0.00042809
22.02,-0.0052067,-0.004713,-0.0047627,-0.0048861,-0.0050819,-0.0049301,0.00041562
22.027,-0.0049441,-0.0043597,-0.0045422,-0.0046223,-0.0045584,-0.0046053,0.00041761
22.033,-0.0047067,-0.0041143,-0.0044735,-0.0043057,-0.0042908,-0.0043782,0.00042563
22.04,-0.0044944,-0.0039769,-0.0041225,-0.0039736,-0.0041062,-0.0041347,0.00041706
22.047,-0.0041161,-0.0036617,-0.0036518,-0.0037573,-0.0036747,-0.0037723,0.00040434
22.053,-0.0042054,-0.0033265,-0.0033789,-0.0034986,-0.0033606,-0.003554,0.00056094
22.06,-0.0035976,-0.0030336,-0.0031124,-0.0031817,-0.0032063,-0.0032263,0.00042066
22.067,-0.0032329,-0.0027026,-0.0029093,-0.0029761,-0.0028964,-0.0029435,0.0003998
22.073,-0.0030144,-0.0024323,-0.0026175,-0.0026704,-0.002614,-0.0026697,0.00041604
22.08,-0.0027267,-0.0021488,-0.0021808,-0.0022588,-0.0023302,-0.0023291,0.0004325
22.087,-0.0023637,-0.0018782,-0.0018486,-0.0020002,-0.0020018,-0.0020185,0.00040989
22.093,-0.0021695,-0.0016091,-0.0015821,-0.0016781,-0.0017146,-0.0017507,0.00043801
22.1,-0.0018827,-0.0012637,-0.0013352,-0.0013296,-0.0013344,-0.0014291,0.00045109
22.107,-0.001441,-0.0010685,-0.0010514,-0.0010237,-0.00098977,-0.0011149,0.00039435
22.113,-0.0011939,-0.0007545,-0.00073733,-0.00071228,-0.00065083,-0.00080976,0.0004199
22.12,-0.00088019,-0.00060379,-0.00038936,-0.00035874,-0.0003451,-0.00051544,0.00042882
22.127,-0.00063748,-0.00028302,-2.2816e-05,-6.3422e-05,-3.2548e-05,-0.00020786,0.00045739
22.133,-0.00024768,0.0002696,0.00026218,0.00022685,0.00042157,0.0001865,0.00044973
22.14,0.00012237,0.00060439,0.00058681,0.00060153,0.00076315,0.00053565,0.00043945
22.147,0.00041793,0.00089735,0.00092465,0.00090758,0.0010609,0.00084169,0.00044286
22.153,0.00085619,0.0012578,0.0012292,0.0012772,0.001329,0.0011899,0.00039827
22.16,0.0011518,0.0016534,0.0016184,0.0016252,0.0017027,0.0015503,0.00042569
22.167,0.0014957,0.0019184,0.0019801,0.0019838,0.0021141,0.0018984,0.00043479
22.173,0.0018632,0.0022509,0.0022994,0.0023427,0.0024304,0.0022373,0.00042114
22.18,0.0022072,0.0026095,0.0026421,0.0026174,0.0027472,0.0025647,0.00041179
22.187,0.0026309,0.0029897,0.0029415,0.0029707,0.0030929,0.0029251,0.00038754
22.193,0.0030926,0.0033777,0.0032925,0.0033453,0.0034477,0.0033111,0.0003627
22.2,0.0032357,0.0036506,0.0037002,0.0036411,0.0037909,0.0036037,0.00041768
22.207,0.0037044,0.0039895,0.0040523,0.004058,0.0041626,0.0039934,0.00038756
22.213,0.0040035,0.0043391,0.0043977,0.0044377,0.0045582,0.0043472,0.00041365
22.22,0.0043708,0.0046875,0.0046944,0.0047015,0.0049104,0.0046729,0.00040244
22.227,0.0047875,0.0050397,0.0050338,0.0050921,0.0051837,0.0050274,0.00037152
22.233,0.0050651,0.0053707,0.0052383,0.0054348,0.0055373,0.0053292,0.00039585
22.24,0.005584,0.005801,0.0056418,0.0057463,0.0059567,0.005746,0.00037137
22.247,0.0058188,0.0061136,0.0061077,0.0060103,0.0062508,0.0060602,0.00038078
22.253,0.0059958,0.0064605,0.0065168,0.0064006,0.0065924,0.0063932,0.00043558
22.26,0.0066133,0.0068602,0.0068849,0.0068546,0.0069683,0.0068363,0.00036538
22.267,0.0068525,0.0072494,0.0071514,0.0071712,0.0072703,0.007139,0.00038744
22.273,0.0071445,0.0076253,0.0074993,0.0075563,0.0075606,0.0074772,0.00040428
22.28,0.0075362,0.007913,0.0078225,0.0078837,0.0078947,0.00781,0.00038123
22.287,0.0078291,0.0081768,0.0080863,0.0081263,0.0082642,0.0080965,0.00038606
22.293,0.008192,0.0085422,0.0083936,0.0084112,0.00859,0.0084258,0.00038126
22.3,0.0084339,0.00886,0.0086933,0.008754,0.0089093,0.0087301,0.00040254
22.307,0.0087303,0.0091869,0.0089862,0.0091659,0.0092377,0.0090614,0.00041919
22.313,0.0091867,0.009493,0.0093173,0.0095248,0.0094963,0.0094036,0.0003776
22.32,0.0093047,0.0097335,0.0096456,0.0096304,0.0097073,0.0096043,0.00039477
22.327,0.0096453,0.010041,0.0099042,0.0099628,0.010194,0.0099494,0.00041598
22.333,0.0099311,0.010311,0.010058,0.010247,0.010384,0.010186,0.00040574
22.34,0.010043,0.010493,0.010322,0.010453,0.010437,0.01035,0.00040308
22.347,0.010328,0.010797,0.010675,0.01057,0.010698,0.010613,0.00040079
22.353,0.010468,0.010987,0.010962,0.010781,0.010892,0.010818,0.00042498
22.36,0.010676,0.011117,0.011125,0.011123,0.011021,0.011013,0.00041155
22.367,0.010925,0.011238,0.01132,0.011255,0.011199,0.011188,0.00038526
22.373,0.010778,0.01141,0.011479,0.011371,0.011393,0.011286,0.00048922
22.38,0.011257,0.011599,0.011561,0.011614,0.011537,0.011514,0.00038212
22.387,0.011355,0.01169,0.011725,0.011778,0.011669,0.011643,0.0003947
22.393,0.011249,0.011769,0.011907,0.011825,0.011685,0.011687,0.00046449
22.4,0.011652,0.011877,0.011789,0.011952,0.011794,0.011813,0.00036431
22.407,0.011733,0.011907,0.011838,0.011989,0.011942,0.011882,0.00035897
22.413,0.011838,0.012,0.012063,0.012047,0.011995,0.011988,0.00035481
22.42,0.011969,0.011935,0.012197,0.012136,0.012077,0.012063,0.00036412
22.427,0.012047,0.011979,0.01221,0.012073,0.011906,0.012043,0.00036569
22.433,0.012102,0.012237,0.012453,0.012121,0.011946,0.012172,0.0004108
22.44,0.01218,0.012259,0.01256,0.012231,0.012153,0.012277,0.00039445
22.447,0.012253,0.0122,0.012322,0.012163,0.01222,0.012232,0.00034608
22.453,0.012162,0.0122,0.012259,0.012205,0.012256,0.012216,0.00034166
22.46,0.012286,0.012244,0.012353,0.012263,0.012154,0.01226,0.00034956
22.467,0.012233,0.012294,0.012284,0.012205,0.012158,0.012235,0.00034505
22.473,0.012179,0.012276,0.012203,0.012184,0.012186,0.012206,0.00034155
22.48,0.012101,0.012253,0.012157,0.012136,0.012194,0.012168,0.00034529
22.487,0.012225,0.012195,0.01211,0.012247,0.012171,0.01219,0.0003441
22.493,0.01213,0.012176,0.012095,0.012258,0.011965,0.012125,0.0003634
22.5,0.012101,0.012156,0.01204,0.012132,0.011994,0.012085,0.00034755
22.507,0.012081,0.012107,0.012019,0.012089,0.012008,0.012061,0.00034188
22.513,0.012218,0.012008,0.011973,0.011984,0.011942,0.012025,0.00036412
22.52,0.011942,0.011878,0.011911,0.011941,0.011995,0.011934,0.0003413
22.527,0.011837,0.011802,0.011884,0.011899,0.011873,0.011859,0.00034041
22.533,0.011733,0.011749,0.011756,0.011757,0.011754,0.01175,0.00033681
22.54,0.011652,0.011711,0.011632,0.011635,0.011668,0.01166,0.00033867
22.547,0.011618,0.011612,0.011507,0.011493,0.011524,0.011551,0.00034416
22.553,0.011366,0.011425,0.011395,0.011393,0.011421,0.0114,0.00033696
22.56,0.011204,0.011243,0.011125,0.011282,0.011255,0.011222,0.00034364
22.567,0.011021,0.011113,0.010937,0.011181,0.01109,0.011069,0.00035417
22.573,0.010884,0.010935,0.010891,0.010965,0.01094,0.010923,0.00033718
22.58,0.010676,0.010785,0.010713,0.010664,0.010698,0.010707,0.00033906
22.587,0.010467,0.01059,0.010548,0.010459,0.010451,0.010503,0.00034227
22.593,0.010303,0.010372,0.010355,0.010279,0.01024,0.01031,0.00033971
22.6,0.010017,0.010126,0.010396,0.010047,0.010058,0.010129,0.00038412
22.607,0.0098602,0.0098826,0.01015,0.0097933,0.009856,0.0099084,0.00037417
22.613,0.0097475,0.0096833,0.0097102,0.0095666,0.0095604,0.0096536,0.00034802
22.62,0.0094893,0.0094285,0.0094004,0.0093453,0.0093336,0.0093994,0.00034024
22.627,0.0092206,0.0092398,0.0091037,0.009171,0.0090713,0.0091613,0.00034257
22.633,0.0088396,0.0090182,0.0089096,0.0089543,0.0089195,0.0089283,0.00033977
22.64,0.0087502,0.0087162,0.0086205,0.008585,0.0087138,0.0086772,0.00034089
22.647,0.0085084,0.008426,0.0083408,0.0083055,0.0083182,0.0083798,0.00034571
22.653,0.008148,0.0080923,0.0080256,0.0080417,0.0079513,0.0080518,0.00034079
22.66,0.0079062,0.0077809,0.0076761,0.0077566,0.007623,0.0077485,0.00035424
22.667,0.0074877,0.0074298,0.0074005,0.0074404,0.0071756,0.0073868,0.0003605
22.673,0.0071715,0.0071241,0.0070642,0.0071345,0.0069408,0.007087,0.00034528
22.68,0.0069825,0.0067825,0.0067407,0.006823,0.0067351,0.0068128,0.00034953
22.687,0.0065657,0.0064352,0.0064335,0.0064165,0.006412,0.0064526,0.00033513
22.693,0.0062927,0.0061423,0.0060907,0.0060628,0.0061481,0.0061473,0.00034328
22.7,0.0059271,0.0057679,0.0057042,0.0057938,0.0057538,0.0057893,0.00034081
22.707,0.0052421,0.005404,0.005398,0.0054035,0.005383,0.0053661,0.00033547
22.713,0.0053082,0.0051163,0.0050999,0.0051186,0.005206,0.0051698,0.00034167
22.72,0.0050563,0.0047653,0.0048032,0.0048018,0.0048972,0.0048648,0.00035491
22.727,0.0046153,0.0043724,0.0045076,0.004496,0.0045096,0.0045002,0.00034033
22.733,0.0043691,0.00409,0.0041788,0.0041634,0.0041352,0.0041873,0.00034905
22.74,0.0040805,0.0038352,0.0038331,0.0038097,0.0037999,0.0038717,0.00035402
22.747,0.0037141,0.0035159,0.0035364,0.0035828,0.0035213,0.0035741,0.0003381
22.753,0.0034454,0.0031727,0.0032117,0.0033243,0.0032168,0.0032742,0.0003502
22.76,0.0031308,0.0028734,0.0028739,0.0029496,0.0029,0.0029456,0.00034858
22.767,0.0027833,0.0025952,0.0026274,0.0026543,0.002569,0.0026459,0.00033773
22.773,0.0023234,0.0022906,0.002344,0.0023219,0.0022406,0.0023041,0.00032517
22.78,0.0021543,0.002032,0.0019865,0.0020053,0.0019382,0.0020233,0.00033648
22.787,0.0018614,0.0017191,0.001646,0.0016989,0.0015755,0.0017002,0.00034688
22.793,0.0014984,0.0013522,0.0013436,0.0013771,0.0012841,0.0013711,0.00033552
22.8,0.0012306,0.0011978,0.0010681,0.0010502,0.0010562,0.0011206,0.00033832
22.807,0.00093861,0.00087894,0.00076085,0.00077602,0.00069074,0.00080903,0.00034342
22.813,0.00060153,0.0004584,0.00041772,0.00049615,0.00035819,0.0004664,0.00034011
22.82,0.0003606,9.523e-05,0.00011842,0.00021108,0.00013507,0.00018408,0.00034749
22.827,-7.7656e-05,-0.00023993,-0.0001164,-0.00013709,-0.00016309,-0.00014683,0.00032941
22.833,-0.00022965,-0.00050337,-0.00042888,-0.00048005,-0.00044548,-0.00041749,0.00034805
22.84,-0.00064276,-0.00079633,-0.00075204,-0.00081765,-0.00068551,-0.00073886,0.00033355
22.847,-0.0009071,-0.0010405,-0.0011031,-0.0011504,-0.0010509,-0.0010504,0.00034027
22.853,-0.0011991,-0.0012833,-0.0014092,-0.0013616,-0.0014125,-0.0013332,0.00034032
22.86,-0.0015656,-0.0017184,-0.0016931,-0.0016938,-0.0017171,-0.0016776,0.00033062
22.867,-0.0017079,-0.0020257,-0.0019633,-0.0020155,-0.0020044,-0.0019434,0.0003615
22.873,-0.0021418,-0.002233,-0.0022759,-0.0022585,-0.0020795,-0.0021977,0.00033769
22.88,-0.0024625,-0.0026248,-0.0025846,-0.0025276,-0.0024067,-0.0025212,0.00033968
22.887,-0.0026522,-0.0028818,-0.0028655,-0.0028389,-0.002834,-0.0028145,0.0003416
22.893,-0.0029651,-0.0031499,-0.0031093,-0.0031659,-0.0031005,-0.0030981,0.00033649
22.9,-0.0033073,-0.0034416,-0.0033377,-0.0033505,-0.0034056,-0.0033685,0.00032895
22.907,-0.0035188,-0.0036405,-0.0035872,-0.0035773,-0.0037079,-0.0036063,0.00033415
22.913,-0.0037588,-0.0039097,-0.0038828,-0.0038783,-0.0039401,-0.0038739,0.00033359
22.92,-0.0040984,-0.0040958,-0.0041821,-0.0041528,-0.004168,-0.0041394,0.00032648
22.927,-0.0043517,-0.0042909,-0.0044169,-0.0043849,-0.0043738,-0.0043636,0.00032812
22.933,-0.0050139,-0.0045812,-0.0046717,-0.0046488,-0.0046191,-0.0047069,0.00038941
22.94,-0.0047318,-0.0048424,-0.004686,-0.0049126,-0.0049068,-0.0048159,0.00034764
22.947,-0.0050957,-0.005138,-0.0049826,-0.0051873,-0.0051853,-0.0051178,0.0003403
22.953,-0.0053115,-0.0053648,-0.0054485,-0.0054245,-0.0054608,-0.005402,0.00033329
22.96,-0.005497,-0.0055694,-0.0056399,-0.0056141,-0.0056518,-0.0055944,0.00033362
22.967,-0.005537,-0.0057608,-0.0058154,-0.0058623,-0.0058274,-0.0057606,0.00036258
22.973,-0.0059361,-0.0060665,-0.0060845,-0.0060735,-0.0060388,-0.0060399,0.00033348
22.98,-0.0060775,-0.0062828,-0.0062993,-0.0062794,-0.0063079,-0.0062494,0.00034672
22.987,-0.0064629,-0.0064836,-0.0064892,-0.0065116,-0.0064793,-0.0064853,0.00032632
22.993,-0.0065559,-0.0066671,-0.0067413,-0.0066907,-0.0066627,-0.0066636,0.00033655
23,-0.0067369,-0.0066761,-0.0069327,-0.0069387,-0.0069092,-0.0068387,0.00036014
23.007,-0.0071466,-0.0068385,-0.0070935,-0.0070813,-0.0070621,-0.0070444,0.00035849
23.013,-0.0072197,-0.0071404,-0.0073362,-0.0072345,-0.0071535,-0.0072168,0.00034084
23.02,-0.0075021,-0.0073435,-0.0074234,-0.0074664,-0.0073924,-0.0074256,0.00033601
23.027,-0.0076356,-0.0075047,-0.0075619,-0.0076513,-0.0076457,-0.0075998,0.00033697
23.033,-0.00782,-0.0077036,-0.0077767,-0.0078467,-0.0078619,-0.0078018,0.00033717
23.04,-0.0080298,-0.0077983,-0.0079813,-0.0080469,-0.0080529,-0.0079819,0.00035366
23.047,-0.008139,-0.0078855,-0.0081293,-0.0082949,-0.0083591,-0.0081616,0.00039961
23.053,-0.0083452,-0.0080441,-0.0082837,-0.0085008,-0.008532,-0.0083412,0.00040891
23.06,-0.0085315,-0.0082313,-0.008492,-0.0085431,-0.0085663,-0.0084728,0.00037076
23.067,-0.0086901,-0.0084714,-0.0086475,-0.0086699,-0.0087006,-0.0086359,0.00034947
23.073,-0.0088703,-0.0086628,-0.0088374,-0.0087966,-0.0088445,-0.0088023,0.00034516
23.08,-0.0089535,-0.0087511,-0.0088718,-0.0089178,-0.0089766,-0.0088941,0.00034795
23.087,-0.0091363,-0.0087892,-0.0090303,-0.0090708,-0.0091955,-0.0090444,0.00038275
23.093,-0.0092698,-0.0089319,-0.00931,-0.0091976,-0.0093405,-0.00921,0.00038842
23.1,-0.0094015,-0.0090825,-0.0093931,-0.0093243,-0.0094251,-0.0093253,0.0003741
23.107,-0.009508,-0.0091323,-0.0094798,-0.0093928,-0.0096444,-0.0094315,0.00040648
23.113,-0.0096389,-0.0092312,-0.009638,-0.0094668,-0.0097169,-0.0095384,0.0004099
23.12,-0.0097714,-0.0093607,-0.0096803,-0.0096144,-0.009756,-0.0096366,0.00039063
23.127,-0.009879,-0.0094226,-0.0097294,-0.0097304,-0.0098852,-0.0097293,0.00040524
23.133,-0.010052,-0.0094924,-0.0098324,-0.0097463,-0.0099475,-0.0098141,0.00042489
23.14,-0.009956,-0.0096706,-0.0098245,-0.0098782,-0.010017,-0.0098693,0.00037085
23.147,-0.010117,-0.0097631,-0.0099482,-0.010005,-0.010007,-0.0099681,0.00036924
23.153,-0.010345,-0.0098529,-0.010064,-0.010015,-0.01009,-0.010074,0.00039883
23.16,-0.010378,-0.0099794,-0.010125,-0.010042,-0.010255,-0.010156,0.0003883
23.167,-0.010109,-0.0099858,-0.010199,-0.0101,-0.010288,-0.010136,0.00036117
23.173,-0.010421,-0.010049,-0.010225,-0.010216,-0.010305,-0.010243,0.00037328
23.18,-0.010484,-0.010193,-0.010266,-0.010263,-0.010329,-0.010307,0.00035978
23.187,-0.010537,-0.010281,-0.01029,-0.010247,-0.010387,-0.010348,0.00036345
23.193,-0.010588,-0.010305,-0.010348,-0.010327,-0.010376,-0.010389,0.00036206
23.2,-0.010589,-0.010262,-0.01041,-0.010469,-0.010358,-0.010418,0.00036631
23.207,-0.010595,-0.010313,-0.010407,-0.010538,-0.01057,-0.010485,0.00036518
23.213,-0.010738,-0.01037,-0.010381,-0.010437,-0.010594,-0.010504,0.00038724
23.22,-0.010641,-0.010387,-0.010398,-0.010358,-0.010487,-0.010454,0.00036267
23.227,-0.010544,-0.010425,-0.010436,-0.010279,-0.01056,-0.010449,0.00036145
23.233,-0.010639,-0.010393,-0.010507,-0.010395,-0.01059,-0.010505,0.00036093
23.24,-0.010668,-0.010401,-0.010525,-0.010448,-0.010566,-0.010522,0.00035762
23.247,-0.010718,-0.010437,-0.010516,-0.010469,-0.010566,-0.010541,0.00036058
23.253,-0.010697,-0.010423,-0.010469,-0.010411,-0.010508,-0.010501,0.00036314
23.26,-0.010747,-0.010367,-0.01048,-0.010474,-0.010475,-0.010509,0.00037686
23.267,-0.010616,-0.010346,-0.010498,-0.010559,-0.01069,-0.010542,0.00037079
23.273,-0.010515,-0.010372,-0.010359,-0.010348,-0.01061,-0.010441,0.0003632
23.28,-0.010563,-0.010312,-0.010336,-0.010142,-0.010451,-0.010361,0.00038653
23.287,-0.010241,-0.010223,-0.010308,-0.010206,-0.010385,-0.010273,0.00034533
23.293,-0.010496,-0.010228,-0.010208,-0.010427,-0.010244,-0.010321,0.00037076
23.3,-0.010378,-0.010194,-0.01017,-0.010179,-0.010124,-0.010209,0.00035427
23.307,-0.010252,-0.010118,-0.010086,-0.010089,-0.010123,-0.010133,0.00034325
23.313,-0.010295,-0.010079,-0.010026,-0.0099889,-0.010098,-0.010097,0.00036349
23.32,-0.010219,-0.0099953,-0.010026,-0.0099732,-0.009966,-0.010036,0.00035705
23.327,-0.0097728,-0.0098488,-0.0099102,-0.0099042,-0.0098343,-0.009854,0.00033919
23.333,-0.010093,-0.0097484,-0.0098007,-0.0098198,-0.0097602,-0.0098445,0.00037589
23.34,-0.0098503,-0.0096374,-0.0096871,-0.0096247,-0.009661,-0.0096921,0.00035051
23.347,-0.0098234,-0.009566,-0.0095169,-0.0094928,-0.0095028,-0.0095804,0.00037339
23.353,-0.0097661,-0.0094936,-0.0092281,-0.0095139,-0.009388,-0.009478,0.00041155
23.36,-0.00956,-0.0093475,-0.0091805,-0.0094082,-0.0092654,-0.0093523,0.00037623
23.367,-0.0094785,-0.0092037,-0.009244,-0.0093028,-0.0092087,-0.0092875,0.0003596
23.373,-0.0093244,-0.0090863,-0.0091213,-0.0091765,-0.0090899,-0.0091597,0.00035248
23.38,-0.0092169,-0.0086036,-0.0089193,-0.0090287,-0.0089249,-0.0089387,0.00043046
23.387,-0.0092046,-0.0085665,-0.0087544,-0.0089073,-0.0087615,-0.0088389,0.0004424
23.393,-0.0088601,-0.0086681,-0.0086487,-0.0087701,-0.0086086,-0.0087111,0.00035314
23.4,-0.0088478,-0.0085231,-0.0084562,-0.0085325,-0.0085029,-0.0085725,0.00038236
23.407,-0.0086381,-0.008337,-0.008352,-0.0083422,-0.0084553,-0.0084249,0.00036568
23.413,-0.0084768,-0.0081362,-0.0081463,-0.0082473,-0.0082814,-0.0082576,0.00037041
23.42,-0.0082672,-0.0080309,-0.0079685,-0.0079994,-0.0079937,-0.008052,0.00036166
23.427,-0.0081598,-0.0078241,-0.0078379,-0.0078202,-0.0077733,-0.0078831,0.0003812
23.433,-0.0080037,-0.0076496,-0.0076005,-0.0077147,-0.007603,-0.0077143,0.00038855
23.44,-0.0078452,-0.0075123,-0.0073917,-0.0075724,-0.0074158,-0.0075475,0.00039753
23.447,-0.0078302,-0.0072843,-0.0072358,-0.0073982,-0.0072048,-0.0073907,0.00045644
23.453,-0.0074078,-0.0070204,-0.0070026,-0.0071445,-0.0069357,-0.0071022,0.00040051
23.46,-0.0072915,-0.0067857,-0.0067878,-0.0069652,-0.00675,-0.006916,0.00043034
23.467,-0.007054,-0.0065889,-0.0066266,-0.0067331,-0.0066125,-0.006723,0.00040461
23.473,-0.006815,-0.0063749,-0.0064416,-0.0065326,-0.0064423,-0.0065213,0.00039041
23.48,-0.0065524,-0.0061666,-0.0062137,-0.0063005,-0.006226,-0.0062918,0.00037692
23.487,-0.0063669,-0.0058948,-0.0059498,-0.0059942,-0.0058893,-0.006019,0.0004083
23.493,-0.0061547,-0.0056246,-0.005686,-0.0058202,-0.0056968,-0.0057964,0.00041825
23.5,-0.0058929,-0.0053992,-0.0054368,-0.0054985,-0.0054964,-0.0055448,0.00040772
23.507,-0.0057004,-0.0051909,-0.0052285,-0.0052086,-0.0052695,-0.0053196,0.0004197
23.513,-0.0052917,-0.00489,-0.0050001,-0.0050289,-0.0050506,-0.0050523,0.00037183
23.52,-0.0050481,-0.0045812,-0.0047215,-0.0047119,-0.004746,-0.0047618,0.00038778
23.527,-0.0049326,-0.0043581,-0.0044751,-0.0044641,-0.004444,-0.0045348,0.00042881
23.533,-0.0045284,-0.0040309,-0.0042059,-0.0041792,-0.0042262,-0.0042341,0.00039364
23.54,-0.0043359,-0.0037538,-0.0039474,-0.003947,-0.0039661,-0.00399,0.00041624
23.547,-0.0040169,-0.0035232,-0.0037073,-0.003736,-0.0035939,-0.0037155,0.00039875
23.553,-0.0036324,-0.0032042,-0.0033853,-0.0033979,-0.0033724,-0.0033985,0.0003737
23.56,-0.0034919,-0.0028902,-0.0031901,-0.0031288,-0.0031481,-0.0031698,0.00041793
23.567,-0.0030501,-0.0025852,-0.0029195,-0.0028387,-0.0027907,-0.0028368,0.00038577
23.573,-0.0028074,-0.0023119,-0.002442,-0.0025011,-0.0025231,-0.0025171,0.00039279
23.58,-0.002621,-0.0020168,-0.0021728,-0.0022108,-0.002237,-0.0022517,0.00042446
23.587,-0.0021523,-0.0016883,-0.001963,-0.0019101,-0.0018965,-0.001922,0.00038151
23.593,-0.0018577,-0.001386,-0.0015886,-0.0016254,-0.0015941,-0.0016103,0.00038258
23.6,-0.0016185,-0.0010814,-0.0013262,-0.0012823,-0.0012605,-0.0013138,0.00040135
23.607,-0.001252,-0.00076462,-0.0010348,-0.00091815,-0.00077503,-0.00094892,0.00040771
23.613,-0.0009573,-0.0005061,-0.00065622,-0.00069666,-0.00048471,-0.0006602,0.00039801
23.62,-0.00061593,-0.00019354,-0.00035647,-0.0003376,-0.0002579,-0.00035229,0.00037796
23.627,-0.0003005,0.00011523,-6.3593e-05,-8.44e-05,0.00012601,-4.1451e-05,0.00038711
23.633,-6.6999e-06,0.00038173,0.00029653,0.00014782,0.00044909,0.00025369,0.00039372
23.64,0.0003606,0.00073014,0.00066344,0.00067536,0.00074205,0.00063432,0.00037512
23.647,0.00062757,0.0010675,0.00099181,0.0010287,0.0010587,0.00095487,0.00039478
23.653,0.00099496,0.0014447,0.0013086,0.0013351,0.0014479,0.0013062,0.00039463
23.66,0.0014152,0.0017772,0.0016543,0.0015937,0.0018095,0.00165,0.00037624
23.667,0.0017807,0.0019856,0.0019801,0.0018413,0.0021284,0.0019432,0.00036293
23.673,0.0020243,0.0023589,0.0023137,0.0023954,0.0024712,0.0023127,0.00038524
23.68,0.0023129,0.0027126,0.0026829,0.0027175,0.0028,0.0026452,0.00039934
23.687,0.0026353,0.0030541,0.0030234,0.002992,0.00316,0.002973,0.00040568
23.693,0.0031238,0.0033863,0.0032676,0.0033508,0.003599,0.0033455,0.00038779
23.7,0.0034211,0.0036819,0.0036409,0.0037255,0.0039147,0.0036768,0.00039022
23.707,0.0038145,0.0041122,0.0040671,0.0040948,0.0042155,0.0040608,0.00037168
23.713,0.0041568,0.0045267,0.0044679,0.0044062,0.0045239,0.0044163,0.00037481
23.72,0.0044237,0.0048117,0.0048001,0.0047282,0.0048485,0.0047224,0.00038788
23.727,0.0047426,0.0051073,0.0051829,0.00505,0.0051863,0.0050538,0.00039544
23.733,0.005135,0.0054499,0.0055101,0.0054299,0.0054766,0.0054003,0.00037461
23.74,0.0055051,0.0058075,0.0057962,0.0058151,0.0058541,0.0057556,0.00036919
23.747,0.0058966,0.0061336,0.0062383,0.0061739,0.006201,0.0061287,0.00036587
23.753,0.0061707,0.0065254,0.0065508,0.006517,0.0064935,0.0064515,0.00038027
23.76,0.0066133,0.006913,0.0068252,0.0068705,0.0068536,0.0068151,0.00035711
23.767,0.0068552,0.0072441,0.0072091,0.0072293,0.0071481,0.0071371,0.00038347
23.773,0.0072164,0.0075725,0.0075175,0.0075513,0.0074753,0.0074666,0.0003732
23.78,0.0074842,0.0079469,0.007813,0.0076724,0.0078539,0.0077541,0.0003969
23.787,0.0076173,0.0082821,0.0081562,0.0078989,0.0081823,0.0080274,0.00046854
23.793,0.0085035,0.0086041,0.008383,0.0084741,0.0085133,0.0084956,0.00034357
23.8,0.008407,0.0089446,0.0088631,0.0087855,0.0087549,0.008751,0.0004171
23.807,0.0087017,0.0092179,0.009164,0.0091075,0.0090436,0.009047,0.00041584
23.813,0.0091114,0.0094553,0.0093463,0.009419,0.0093811,0.0093426,0.00037115
23.82,0.0093047,0.0095183,0.0096551,0.0097198,0.0096133,0.0095622,0.00038723
23.827,0.0097144,0.0098452,0.0098778,0.0099784,0.0099141,0.009866,0.00035361
23.833,0.0097866,0.010316,0.010437,0.010247,0.010252,0.010208,0.00045306
23.84,0.010043,0.010531,0.010629,0.010527,0.010499,0.010446,0.00043927
23.847,0.010229,0.010692,0.01059,0.010786,0.010768,0.010613,0.00043756
23.853,0.010464,0.010877,0.010903,0.010939,0.011012,0.010839,0.00042815
23.86,0.010676,0.011047,0.011096,0.011113,0.011139,0.011014,0.00041069
23.867,0.010838,0.011147,0.011223,0.011345,0.011305,0.011172,0.00041808
23.873,0.011092,0.011476,0.011391,0.01154,0.011586,0.011417,0.00041448
23.88,0.011177,0.011638,0.011537,0.011598,0.011714,0.011533,0.00042448
23.887,0.011409,0.011596,0.011652,0.011751,0.011731,0.011628,0.00037684
23.893,0.011496,0.011591,0.011761,0.011825,0.011856,0.011706,0.00038807
23.9,0.011626,0.011698,0.011849,0.012169,0.011983,0.011865,0.00043269
23.907,0.01168,0.011848,0.01193,0.012406,0.01212,0.011997,0.00048273
23.913,0.011761,0.011913,0.012065,0.012089,0.01216,0.011998,0.00039129
23.92,0.011942,0.011936,0.012165,0.012205,0.012153,0.01208,0.00037416
23.927,0.011898,0.012038,0.01216,0.012195,0.012148,0.012088,0.00036943
23.933,0.012095,0.012136,0.012165,0.012227,0.012168,0.012158,0.00034296
23.94,0.012128,0.012148,0.012131,0.012348,0.012189,0.012189,0.00035666
23.947,0.012144,0.012162,0.012127,0.012295,0.012191,0.012184,0.00034769
23.953,0.011908,0.012145,0.012163,0.012306,0.012246,0.012154,0.00038671
23.96,0.01218,0.012208,0.012221,0.012306,0.012253,0.012233,0.00034312
23.967,0.012182,0.012424,0.012254,0.012295,0.012244,0.01228,0.0003561
23.973,0.012257,0.012311,0.012169,0.012358,0.01227,0.012273,0.00034906
23.98,0.01226,0.012136,0.012139,0.012284,0.012311,0.012226,0.00035317
23.987,0.01233,0.012148,0.012163,0.012316,0.012277,0.012247,0.00035427
23.993,0.012159,0.012148,0.012134,0.012263,0.012171,0.012175,0.00034364
24,0.012128,0.012133,0.012095,0.01211,0.01224,0.012141,0.00034502
24.007,0.012075,0.012092,0.012025,0.012063,0.012233,0.012098,0.00035173
24.013,0.012021,0.012054,0.011934,0.012126,0.012049,0.012037,0.00034812
24.02,0.011942,0.011941,0.011841,0.012005,0.01198,0.011942,0.00034594
24.027,0.011858,0.011785,0.011866,0.011894,0.011934,0.011867,0.00034374
24.033,0.011636,0.011696,0.011824,0.011831,0.011872,0.011772,0.00035902
24.04,0.011679,0.011658,0.01161,0.011683,0.011773,0.011681,0.00034439
24.047,0.01155,0.011559,0.011547,0.011551,0.011571,0.011556,0.00033629
24.053,0.011488,0.01143,0.011495,0.011429,0.011493,0.011467,0.00033854
24.06,0.011257,0.011252,0.011337,0.011313,0.011169,0.011266,0.00034493
24.067,0.011123,0.011058,0.011193,0.011181,0.011,0.011111,0.00035006
24.073,0.010941,0.010972,0.010829,0.01105,0.011037,0.010966,0.00035219
24.08,0.010782,0.010786,0.010696,0.010802,0.010902,0.010794,0.00034641
24.087,0.010574,0.010615,0.010689,0.010506,0.010759,0.010628,0.00035536
24.093,0.010461,0.010446,0.010548,0.010358,0.010525,0.010467,0.00034595
24.1,0.010228,0.010139,0.01037,0.010158,0.010266,0.010232,0.00035217
24.107,0.010009,0.0099694,0.010089,0.0099519,0.01007,0.010018,0.00034062
24.113,0.0095831,0.0098267,0.0097869,0.0096829,0.0097983,0.0097356,0.00035464
24.12,0.0095681,0.0095026,0.0095109,0.0093874,0.009528,0.0094994,0.0003416
24.127,0.0093281,0.0092957,0.0092905,0.0091446,0.0093166,0.0092751,0.00034338
24.133,0.0090162,0.009025,0.0090191,0.008881,0.0091781,0.0090239,0.00035505
24.14,0.0087502,0.0086634,0.0086616,0.0085906,0.0087799,0.0086891,0.00034271
24.147,0.0085136,0.0084746,0.0083936,0.0083161,0.0083378,0.0084072,0.00034558
24.153,0.0082961,0.0082531,0.0081366,0.0079681,0.0079868,0.0081281,0.00037725
24.16,0.0079322,0.007893,0.0078199,0.0076726,0.0077245,0.0078084,0.00035495
24.167,0.0076886,0.007599,0.0074741,0.0072503,0.0074622,0.0074948,0.00038647
24.173,0.0072904,0.0074313,0.0071484,0.0068546,0.0071364,0.0071722,0.00042138
24.18,0.0073785,0.0071105,0.0068872,0.0068019,0.006817,0.006999,0.0004465
24.187,0.0067278,0.0066938,0.0065773,0.0065433,0.0064739,0.0066032,0.00035123
24.193,0.0063257,0.0064114,0.0062081,0.0061687,0.0061889,0.0062606,0.00034999
24.2,0.006006,0.0061423,0.0058967,0.0058626,0.0058209,0.0059457,0.00036248
24.207,0.0057129,0.0057822,0.005589,0.0055034,0.0056363,0.0056448,0.00035106
24.213,0.0053267,0.0054882,0.0052607,0.0052133,0.0053699,0.0053317,0.00034977
24.22,0.0051091,0.0051175,0.0049439,0.0049285,0.0049294,0.0050057,0.00034594
24.227,0.0047919,0.0047177,0.004613,0.0045856,0.0045888,0.0046594,0.00034265
24.233,0.0044479,0.0043286,0.0042993,0.0044694,0.0043012,0.0043693,0.00033888
24.24,0.0040537,0.0040684,0.0039942,0.0042055,0.0039649,0.0040574,0.00034267
24.247,0.0038387,0.0038035,0.0036051,0.0035991,0.0036704,0.0037034,0.00035089
24.253,0.0035,0.0034661,0.0033454,0.00333,0.0033432,0.0033969,0.00033691
24.26,0.0031569,0.0030743,0.0030076,0.0030607,0.0031681,0.0030935,0.00033264
24.267,0.0028675,0.0027877,0.0026538,0.0027332,0.0028608,0.0027806,0.00034042
24.273,0.0026013,0.0025541,0.002399,0.0024219,0.0023675,0.0024688,0.00034575
24.28,0.002286,0.0022087,0.0021088,0.0021477,0.0021047,0.0021712,0.00033501
24.287,0.0019438,0.0019263,0.0018623,0.0018259,0.0018129,0.0018743,0.00032926
24.293,0.0016292,0.0015991,0.0015354,0.0015198,0.0014491,0.0015465,0.00033271
24.3,0.0013892,0.0012786,0.0011711,0.0012346,0.0011037,0.0012355,0.00034792
24.307,0.00092224,0.00098305,0.00099937,0.00090205,0.00079226,0.0009198,0.00033655
24.313,0.00067514,0.00063993,0.00065673,0.00062235,0.00051369,0.00062157,0.00033024
24.32,0.00038662,0.00034062,0.00026527,0.00033223,0.00019435,0.00030382,0.00033392
24.327,0.00012153,0.0001058,-3.0296e-05,1.5937e-05,-0.00010495,2.1602e-05,0.00034151
24.333,-0.00016712,-0.00011992,-0.00040249,-0.00030085,-0.00039791,-0.00027766,0.00035905
24.34,-0.00045737,-0.00047317,-0.00060975,-0.00049632,-0.00055492,-0.00051831,0.00033014
24.347,-0.00084983,-0.00080536,-0.00090901,-0.0008866,-0.00095838,-0.00088184,0.00032877
24.353,-0.0011454,-0.0010719,-0.001265,-0.0012348,-0.0013661,-0.0012166,0.00035016
24.36,-0.0014868,-0.0013912,-0.0015606,-0.0015145,-0.0015824,-0.0015071,0.00033412
24.367,-0.0017691,-0.0016471,-0.0019037,-0.0018469,-0.0018896,-0.0018113,0.00034682
24.373,-0.0018475,-0.001977,-0.0021015,-0.0021212,-0.0021894,-0.0020473,0.00036255
24.38,-0.0024104,-0.0023096,-0.0023838,-0.0023642,-0.0024241,-0.0023784,0.00032614
24.387,-0.0026211,-0.0025036,-0.0026582,-0.0026756,-0.0026933,-0.0026304,0.00033494
24.393,-0.0028386,-0.0027923,-0.0029062,-0.0029023,-0.0029956,-0.002887,0.00033555
24.4,-0.0032276,-0.0031155,-0.003235,-0.0031446,-0.0030824,-0.003161,0.00033269
24.407,-0.003413,-0.0033359,-0.0035083,-0.0035985,-0.0033802,-0.0034472,0.00034775
24.413,-0.0036055,-0.003593,-0.0037019,-0.0038466,-0.0037985,-0.0037091,0.00035155
24.42,-0.0040196,-0.0038806,-0.0039764,-0.0039627,-0.004048,-0.0039775,0.00033214
24.427,-0.0040579,-0.0041592,-0.0043459,-0.0041686,-0.0043436,-0.004215,0.00035872
24.433,-0.0044354,-0.0044056,-0.0045702,-0.0044116,-0.0045995,-0.0044845,0.00034299
24.44,-0.004653,-0.0046167,-0.0048932,-0.0048178,-0.0047698,-0.0047501,0.00035331
24.447,-0.0048939,-0.0048424,-0.005191,-0.0052347,-0.0050008,-0.0050326,0.00038974
24.453,-0.0052177,-0.0050946,-0.0052794,-0.0052612,-0.0052329,-0.0052172,0.00033616
24.46,-0.005101,-0.0053875,-0.0053904,-0.0054879,-0.0054027,-0.0053539,0.00037205
24.467,-0.0057177,-0.0056313,-0.0055632,-0.0056776,-0.0057062,-0.0056592,0.00033375
24.473,-0.0058688,-0.0058159,-0.0059365,-0.005947,-0.0059256,-0.0058988,0.00033192
24.48,-0.0060775,-0.0060295,-0.0062031,-0.0060898,-0.0061086,-0.0061017,0.00033452
24.487,-0.0063634,-0.0062817,-0.0064008,-0.0063272,-0.0063985,-0.0063543,0.00033137
24.493,-0.0065281,-0.0064874,-0.0065579,-0.0065646,-0.0066163,-0.0065509,0.000331
24.5,-0.0067369,-0.006689,-0.0066715,-0.0067809,-0.0068907,-0.0067538,0.00034368
24.507,-0.0070193,-0.0068687,-0.0068418,-0.0070816,-0.0071149,-0.0069853,0.00036081
24.513,-0.0070915,-0.0070151,-0.007058,-0.0073031,-0.0072349,-0.0071405,0.00036043
24.52,-0.0074761,-0.0071299,-0.0072781,-0.0073348,-0.0073962,-0.007323,0.00036492
24.527,-0.0075889,-0.0073688,-0.0075065,-0.0075566,-0.0075521,-0.0075146,0.00034446
24.533,-0.0079135,-0.0076364,-0.0076835,-0.0076882,-0.0077419,-0.0077327,0.00035389
24.54,-0.0079509,-0.0077776,-0.0079194,-0.0076776,-0.0079212,-0.0078493,0.00035872
24.547,-0.0080627,-0.0079701,-0.0081606,-0.0077571,-0.0080677,-0.0080036,0.00037938
24.553,-0.0083373,-0.008234,-0.008261,-0.0081845,-0.0082549,-0.0082543,0.00033568
24.56,-0.0083729,-0.0083819,-0.0084154,-0.0083533,-0.0084368,-0.0083921,0.00033149
24.567,-0.0086553,-0.0085216,-0.0086094,-0.008638,-0.0085806,-0.008601,0.0003357
24.573,-0.0087151,-0.0086601,-0.008666,-0.0088015,-0.0087562,-0.0087198,0.00033785
24.58,-0.0087421,-0.0087685,-0.0087993,-0.0089652,-0.0089094,-0.0088369,0.00035059
24.587,-0.0089812,-0.0088859,-0.0090197,-0.0090657,-0.0090438,-0.0089993,0.00034154
24.593,-0.009261,-0.0090349,-0.0092043,-0.0091976,-0.0092163,-0.0091828,0.00034737
24.6,-0.0092966,-0.0092052,-0.0093455,-0.0092292,-0.0092993,-0.0092752,0.00033813
24.607,-0.0094544,-0.009349,-0.0094221,-0.0094243,-0.0093722,-0.0094044,0.00033514
24.613,-0.0096085,-0.0094517,-0.0095036,-0.0095349,-0.0094896,-0.0095176,0.00033914
24.62,-0.0096389,-0.0095453,-0.0096528,-0.0096141,-0.0095806,-0.0096063,0.00033578
24.627,-0.0098468,-0.009651,-0.009852,-0.0097357,-0.0096746,-0.009752,0.00035166
24.633,-0.0099551,-0.0097567,-0.0099325,-0.0098569,-0.0097946,-0.0098592,0.00034848
24.64,-0.010035,-0.0098186,-0.0098917,-0.0099571,-0.0098972,-0.0099199,0.00034691
24.647,-0.010165,-0.0099175,-0.0099694,-0.01002,-0.0099909,-0.010013,0.00035177
24.653,-0.010245,-0.010032,-0.010067,-0.01001,-0.010009,-0.010073,0.00035453
24.66,-0.010299,-0.010097,-0.010122,-0.010147,-0.010087,-0.010151,0.00034942
24.667,-0.0104,-0.010179,-0.010158,-0.010121,-0.01017,-0.010206,0.00036
24.673,-0.010381,-0.010255,-0.010129,-0.010174,-0.010243,-0.010236,0.00035335
24.68,-0.010431,-0.010352,-0.010221,-0.010347,-0.010302,-0.010331,0.00034637
24.687,-0.010435,-0.010411,-0.010389,-0.010316,-0.010302,-0.010371,0.00034101
24.693,-0.010558,-0.010411,-0.010405,-0.010332,-0.010375,-0.010416,0.00034964
24.7,-0.010563,-0.010483,-0.010442,-0.010406,-0.010391,-0.010457,0.00034415
24.707,-0.010664,-0.010586,-0.010487,-0.010448,-0.010384,-0.010514,0.000361
24.713,-0.010645,-0.010607,-0.010474,-0.010516,-0.010451,-0.010539,0.00034941
24.72,-0.010721,-0.010552,-0.010504,-0.010453,-0.010458,-0.010538,0.00036042
24.727,-0.010795,-0.010632,-0.0106,-0.010485,-0.010463,-0.010595,0.00037223
24.733,-0.010726,-0.010669,-0.010587,-0.010554,-0.010429,-0.010593,0.00036228
24.74,-0.010774,-0.010636,-0.01073,-0.010733,-0.01044,-0.010663,0.00037323
24.747,-0.010749,-0.010634,-0.010708,-0.010723,-0.010458,-0.010654,0.00036435
24.753,-0.010771,-0.010564,-0.010539,-0.010438,-0.01042,-0.010546,0.00037631
24.76,-0.010721,-0.010546,-0.010498,-0.010522,-0.010422,-0.010542,0.00036055
24.767,-0.01077,-0.010598,-0.010518,-0.010485,-0.010434,-0.010561,0.00037102
24.773,-0.010696,-0.010593,-0.010395,-0.010422,-0.01042,-0.010505,0.00037202
24.78,-0.010668,-0.010569,-0.010394,-0.010406,-0.010437,-0.010495,0.00036486
24.787,-0.010662,-0.010613,-0.010472,-0.010379,-0.010388,-0.010503,0.00037003
24.793,-0.010494,-0.010532,-0.010448,-0.010226,-0.010358,-0.010412,0.00036622
24.8,-0.010615,-0.010423,-0.010376,-0.010205,-0.010323,-0.010388,0.00038201
24.807,-0.010384,-0.010295,-0.010287,-0.010174,-0.010348,-0.010298,0.0003474
24.813,-0.010327,-0.010214,-0.010162,-0.010137,-0.010248,-0.010218,0.00034552
24.82,-0.010325,-0.010212,-0.010122,-0.010242,-0.010031,-0.010186,0.0003612
24.827,-0.010171,-0.010113,-0.010202,-0.010079,-0.0099014,-0.010093,0.00036301
24.833,-0.010138,-0.010013,-0.010048,-0.0099522,-0.0098829,-0.010007,0.0003532
24.84,-0.010035,-0.0098583,-0.0098649,-0.010058,-0.0098052,-0.0099242,0.00036101
24.847,-0.0099292,-0.0098239,-0.0097834,-0.010026,-0.0097074,-0.0098539,0.0003664
24.853,-0.0098243,-0.0097816,-0.0096924,-0.0096881,-0.0096229,-0.0097218,0.00034631
24.86,-0.0097186,-0.0095389,-0.0095697,-0.0095668,-0.0095054,-0.0095799,0.00034649
24.867,-0.0096146,-0.0094083,-0.009484,-0.0094507,-0.0093854,-0.0094686,0.00034942
24.873,-0.0095565,-0.0093211,-0.0093413,-0.0093401,-0.0092828,-0.0093684,0.00035688
24.88,-0.0094015,-0.0091191,-0.0092054,-0.0091766,-0.009131,-0.0092067,0.00035966
24.887,-0.0092715,-0.0090123,-0.0090368,-0.0090025,-0.0089487,-0.0090543,0.00036514
24.893,-0.0091856,-0.0088383,-0.0088744,-0.0089179,-0.0088483,-0.0089329,0.00037559
24.9,-0.0089535,-0.0086522,-0.008737,-0.0087488,-0.008723,-0.0087629,0.00035817
24.907,-0.0088451,-0.0086454,-0.0086106,-0.0086223,-0.0085965,-0.008664,0.00035326
24.913,-0.0086623,-0.0084371,-0.0085169,-0.0084958,-0.0084448,-0.0085114,0.00034787
24.92,-0.0084518,-0.0081457,-0.0082954,-0.0083318,-0.0082772,-0.0083004,0.00035592
24.927,-0.0083192,-0.007932,-0.0081093,-0.0080838,-0.0080149,-0.0080918,0.0003741
24.933,-0.0081615,-0.0077961,-0.0079428,-0.0078677,-0.0078488,-0.0079234,0.00037302
24.94,-0.0080038,-0.0076417,-0.0076911,-0.0075197,-0.0077325,-0.0077178,0.00039565
24.947,-0.0077932,-0.0074334,-0.0075001,-0.0072663,-0.0077098,-0.0075406,0.00042046
24.953,-0.0076086,-0.0072488,-0.0072521,-0.0072714,-0.0077114,-0.0074185,0.00042903
24.96,-0.0074492,-0.0069913,-0.0070252,-0.007113,-0.0073301,-0.0071818,0.00040988
24.967,-0.0071875,-0.006791,-0.006864,-0.0068756,-0.006941,-0.0069318,0.00037725
24.973,-0.0069788,-0.0065841,-0.0066357,-0.0066277,-0.0067009,-0.0067054,0.00038065
24.98,-0.0068955,-0.0063081,-0.0064009,-0.0063955,-0.0064661,-0.0064932,0.00043453
24.987,-0.0066079,-0.0061602,-0.0061318,-0.0061685,-0.0062841,-0.0062705,0.00040723
24.993,-0.0063938,-0.00589,-0.005917,-0.0059207,-0.0060531,-0.0060349,0.00041693
25,-0.0061832,-0.005543,-0.0056981,-0.0057145,-0.0058353,-0.0057948,0.00044119
25.007,-0.0059344,-0.0052792,-0.0054512,-0.005477,-0.00559,-0.0055464,0.00044355
25.013,-0.0053855,-0.0050444,-0.0052254,-0.0052185,-0.0053462,-0.005244,0.00036383
25.02,-0.0053913,-0.0047315,-0.0049737,-0.0049282,-0.0051325,-0.0050314,0.00044568
25.027,-0.0051054,-0.0044808,-0.0047389,-0.0046698,-0.0048951,-0.004778,0.0004362
25.033,-0.0049353,-0.0042328,-0.0044407,-0.0044062,-0.0044542,-0.0044938,0.00045864
25.04,-0.0045473,-0.0039626,-0.0041149,-0.0041265,-0.0041809,-0.0041864,0.00042071
25.047,-0.0044587,-0.0037082,-0.0039262,-0.0038785,-0.004036,-0.0040015,0.00047561
25.053,-0.0041002,-0.0034031,-0.0036608,-0.0035776,-0.0037868,-0.0037057,0.00045689
25.06,-0.0037821,-0.0030865,-0.003323,-0.0033191,-0.003506,-0.0034033,0.00045494
25.067,-0.0035456,-0.0027554,-0.0030475,-0.0030711,-0.003175,-0.0031189,0.00047821
25.073,-0.0033307,-0.0025576,-0.0027693,-0.0028338,-0.00289,-0.0028763,0.00047678
25.08,-0.003043,-0.00229,-0.0024356,-0.0024856,-0.0025944,-0.0025697,0.00047925
25.087,-0.0026011,-0.0019405,-0.0021823,-0.0021635,-0.0022079,-0.0022191,0.00043716
25.093,-0.0023299,-0.0016645,-0.0019079,-0.0019417,-0.0018436,-0.0019375,0.00044147
25.1,-0.0020405,-0.001415,-0.0015821,-0.0016408,-0.0015269,-0.0016411,0.00043652
25.107,-0.001551,-0.0010179,-0.0012485,-0.0012663,-0.0012393,-0.0012646,0.00039793
25.113,-0.0013749,-0.0007371,-0.00093702,-0.00097637,-0.00091732,-0.00098854,0.00043338
25.12,-0.0010379,-0.00049858,-0.00064415,-0.00066999,-0.00057724,-0.00068558,0.00041165
25.127,-0.00066965,-7.0845e-05,-0.00028402,-0.00013693,-0.00031864,-0.00029602,0.00043147
25.133,-0.00032565,0.00021565,5.3819e-05,0.00021645,0.00011011,5.4075e-05,0.00042405
25.14,1.7476e-05,0.00043458,0.0003441,0.00026914,0.00049934,0.00031293,0.00039583
25.147,0.00032851,0.00073916,0.00069251,0.00059096,0.00075413,0.00062105,0.00038775
25.153,0.00050815,0.0010555,0.001059,0.00098125,0.0010296,0.0009267,0.00043446
25.16,0.0011257,0.0013574,0.0014017,0.0013717,0.0015109,0.0013535,0.00036542
25.167,0.0013936,0.0016043,0.0017306,0.0016725,0.0018948,0.0016592,0.00039345
25.173,0.0017816,0.0019463,0.002062,0.0019734,0.0021692,0.0019865,0.00036749
25.18,0.0020754,0.0022932,0.0024485,0.0022955,0.002524,0.0023273,0.00038613
25.187,0.0024574,0.0026005,0.002798,0.0025912,0.0028672,0.0026629,0.00038241
25.193,0.0024943,0.0029727,0.0031751,0.0030025,0.0032971,0.0029883,0.00049787
25.2,0.0031829,0.0033248,0.0035363,0.0034087,0.0036535,0.0034212,0.00039388
25.207,0.0035079,0.0035977,0.0038414,0.00381,0.003978,0.003747,0.00040005
25.213,0.0040388,0.0039514,0.0042014,0.0041476,0.0042721,0.0041223,0.00035967
25.22,0.0041594,0.0043564,0.0044664,0.0044906,0.0045994,0.0044144,0.00038356
25.227,0.0045554,0.0046965,0.004828,0.004881,0.0049198,0.0047762,0.00037285
25.233,0.0049496,0.0050276,0.0052976,0.0052134,0.0052297,0.0051436,0.00037203
25.24,0.0052937,0.005385,0.0055747,0.0055301,0.0056427,0.0054852,0.0003695
25.247,0.0056619,0.0057399,0.0058638,0.0058257,0.0060334,0.0058249,0.00036846
25.253,0.0059799,0.0060977,0.0062303,0.0061737,0.0063765,0.0061716,0.00037347
25.26,0.0062962,0.0066703,0.0063991,0.0065747,0.0066758,0.0065232,0.00038752
25.267,0.0066306,0.0070173,0.0067882,0.0068966,0.0069974,0.006866,0.000382
25.273,0.006734,0.0071452,0.0072419,0.0072553,0.007367,0.0071487,0.00044617
25.28,0.0072467,0.0075011,0.0075496,0.0075984,0.0077074,0.0075207,0.00039022
25.287,0.0075137,0.007802,0.0078927,0.00791,0.0079803,0.0078198,0.0003985
25.293,0.0078785,0.0081202,0.008192,0.0081635,0.0082902,0.0081289,0.00037955
25.3,0.0082225,0.0085686,0.0084559,0.0084429,0.008616,0.0084612,0.00037952
25.307,0.0085066,0.0089008,0.0087779,0.0087963,0.0089501,0.0087863,0.00039278
25.313,0.0086325,0.0091673,0.0091327,0.0091448,0.0092615,0.0090677,0.00045193
25.32,0.0091461,0.0094575,0.0093448,0.0093872,0.0095397,0.0093751,0.00037836
25.327,0.0092858,0.0097478,0.0095807,0.0096562,0.0098009,0.0096143,0.00041571
25.333,0.0096426,0.010038,0.0099095,0.010026,0.010067,0.0099367,0.00039687
25.34,0.0098844,0.010256,0.010081,0.010258,0.010343,0.010164,0.00040298
25.347,0.010096,0.010458,0.010308,0.010511,0.010621,0.010399,0.00041807
25.353,0.010307,0.010739,0.010663,0.010749,0.010882,0.010668,0.00042865
25.36,0.010518,0.010953,0.01089,0.010955,0.011076,0.010878,0.00042597
25.367,0.010735,0.011143,0.011123,0.011187,0.011293,0.011096,0.00042635
25.373,0.011084,0.011366,0.011324,0.011403,0.011412,0.011318,0.00037505
25.38,0.011046,0.011505,0.011313,0.011482,0.011528,0.011375,0.00041934
25.387,0.011277,0.011657,0.011541,0.011588,0.01171,0.011554,0.00039555
25.393,0.011339,0.011752,0.01181,0.011678,0.011854,0.011687,0.00042185
25.4,0.011494,0.011824,0.011846,0.011831,0.012029,0.011805,0.00041347
25.407,0.01165,0.011927,0.011904,0.011926,0.012051,0.011892,0.00038312
25.413,0.011758,0.012035,0.012024,0.011962,0.012094,0.011975,0.00037374
25.42,0.011864,0.012095,0.012127,0.011989,0.01222,0.012059,0.00037791
25.427,0.011945,0.012138,0.012177,0.012073,0.012213,0.012109,0.00036201
25.433,0.012097,0.012217,0.012189,0.012179,0.012133,0.012163,0.00034281
25.44,0.012154,0.012137,0.012247,0.012237,0.012214,0.012198,0.00034336
25.447,0.012228,0.012216,0.012251,0.012136,0.012309,0.012228,0.00034663
25.453,0.012187,0.012402,0.012215,0.012157,0.012352,0.012263,0.00036354
25.46,0.012338,0.012438,0.012302,0.012258,0.012344,0.012336,0.00034814
25.467,0.012289,0.012438,0.012315,0.012247,0.012338,0.012326,0.00034957
25.473,0.012338,0.012452,0.012108,0.012205,0.012245,0.01227,0.00037518
25.48,0.012365,0.01245,0.012108,0.012258,0.012194,0.012275,0.00037754
25.487,0.012363,0.012438,0.012244,0.012279,0.012273,0.012319,0.0003523
25.493,0.012288,0.01238,0.012283,0.012242,0.012265,0.012292,0.00034428
25.5,0.012286,0.012376,0.012208,0.012221,0.012244,0.012267,0.00034829
25.507,0.01231,0.01244,0.012194,0.012268,0.012241,0.012291,0.00035742
25.513,0.012258,0.012522,0.012184,0.012221,0.012171,0.012271,0.00038253
25.52,0.012154,0.01241,0.012122,0.011994,0.012124,0.012161,0.00038704
25.527,0.012098,0.012192,0.012066,0.011931,0.012066,0.012071,0.00035696
25.533,0.011968,0.012092,0.011987,0.011973,0.012149,0.012034,0.00035232
25.54,0.011811,0.011981,0.01169,0.011905,0.012053,0.011888,0.00038055
25.547,0.011804,0.011852,0.011665,0.011857,0.011829,0.011801,0.00035066
25.553,0.011604,0.011776,0.011747,0.01173,0.011694,0.01171,0.00034646
25.56,0.011494,0.011679,0.011615,0.01163,0.011579,0.0116,0.00034692
25.567,0.011256,0.011533,0.011454,0.011488,0.011442,0.011435,0.00036054
25.573,0.011005,0.011374,0.011444,0.01134,0.011359,0.011304,0.00039752
25.58,0.011098,0.011187,0.011285,0.011187,0.011185,0.011189,0.00034506
25.587,0.010891,0.011005,0.01102,0.011065,0.01097,0.01099,0.00034437
25.593,0.010777,0.010847,0.010877,0.010944,0.010838,0.010856,0.00034276
25.6,0.010518,0.010601,0.010658,0.010649,0.010604,0.010606,0.00034071
25.607,0.010185,0.010401,0.010426,0.010348,0.010375,0.010347,0.00035328
25.613,0.010143,0.010266,0.010226,0.010132,0.010187,0.010191,0.00033998
25.62,0.0099641,0.0099774,0.0099571,0.0099151,0.0099183,0.0099464,0.00033398
25.627,0.0096523,0.0097414,0.0097276,0.0097354,0.0096454,0.0097004,0.00033678
25.633,0.0094849,0.0095342,0.0095981,0.0095349,0.0094371,0.0095178,0.0003396
25.64,0.009199,0.0092583,0.0092894,0.0091656,0.0091505,0.0092125,0.00033874
25.647,0.0089704,0.0090526,0.0089451,0.0088438,0.0089116,0.0089447,0.00034348
25.653,0.0089674,0.0087347,0.0086934,0.0085273,0.0086493,0.0087144,0.00038561
25.66,0.008407,0.0084169,0.0083861,0.0082899,0.0083088,0.0083617,0.00033674
25.667,0.0081185,0.0081768,0.0081154,0.0080417,0.0079778,0.0080861,0.00034201
25.673,0.0078749,0.007884,0.0078025,0.0077355,0.0076493,0.0077892,0.00034991
25.68,0.0075102,0.0076544,0.0075228,0.007419,0.0074199,0.0075053,0.00034853
25.687,0.0072199,0.0073653,0.0072367,0.0071393,0.007102,0.0072127,0.0003504
25.693,0.0069261,0.0069259,0.0068819,0.0068174,0.0067404,0.0068583,0.0003408
25.7,0.0065337,0.0065092,0.0065969,0.0064955,0.0064358,0.0065142,0.00033367
25.707,0.0062468,0.0062125,0.0062722,0.0061579,0.0061048,0.0061989,0.00033591
25.713,0.0060275,0.005946,0.0058767,0.0058784,0.0058341,0.0059125,0.00033812
25.72,0.0056636,0.0056414,0.0055535,0.0055619,0.0055359,0.0055913,0.00033204
25.727,0.0052703,0.0052956,0.0052316,0.0052186,0.005152,0.0052336,0.000331
25.733,0.0049549,0.0049552,0.0049058,0.0049336,0.0048723,0.0049243,0.0003265
25.74,0.00474,0.0046098,0.0046589,0.0046173,0.0045572,0.0046366,0.0003341
25.747,0.0043708,0.0042983,0.0043174,0.0043429,0.0042219,0.0043103,0.00033037
25.753,0.0040026,0.0039907,0.0039995,0.0040896,0.0039147,0.0039994,0.00033162
25.76,0.0036846,0.0038363,0.003658,0.0037518,0.003572,0.0037005,0.00034518
25.767,0.0033216,0.0034302,0.0032967,0.0034137,0.0033013,0.0033527,0.00033172
25.773,0.0031247,0.0028368,0.0030932,0.0031026,0.0030465,0.0030408,0.00035329
25.78,0.0027609,0.0025941,0.0027433,0.0027915,0.0026838,0.0027147,0.00033582
25.787,0.0025745,0.0023382,0.0023753,0.0025169,0.0023924,0.0024394,0.00034499
25.793,0.0023336,0.0019305,0.0021088,0.0021739,0.0020915,0.0021277,0.00036872
25.8,0.0019429,0.0016942,0.0018189,0.0018469,0.0017537,0.0018113,0.0003418
25.807,0.0016284,0.0014145,0.0015581,0.00162,0.0014634,0.0015369,0.00034194
25.813,0.0013587,0.0010359,0.0012625,0.0012982,0.001144,0.0012199,0.00035874
25.82,0.00096718,0.00075091,0.00096278,0.0009606,0.00088812,0.00090592,0.00034076
25.827,0.00077908,0.00042628,0.00071328,0.00070187,0.00061635,0.00064737,0.00036273
25.833,0.00048967,0.00017565,0.00038865,0.00038508,0.00033135,0.00035408,0.00035103
25.84,0.00012237,-0.00010142,0.00010895,5.2038e-06,3.624e-05,3.4268e-05,0.00033969
25.847,-0.00021472,-0.00041019,-0.00013376,-0.00022181,-0.00029221,-0.00025454,0.00034549
25.853,-0.00041409,-0.00070575,-0.00048173,-0.00050672,-0.00060887,-0.00054343,0.00035084
25.86,-0.00085335,-0.00094692,-0.00081921,-0.00084953,-0.00091086,-0.00087597,0.00032711
25.867,-0.0010899,-0.0012357,-0.0011386,-0.00099735,-0.0010706,-0.0011064,0.00033903
25.873,-0.0013074,-0.0015154,-0.0014235,-0.0011923,-0.0013412,-0.001356,0.00035473
25.88,-0.0016713,-0.0018015,-0.0016319,-0.0016569,-0.0017462,-0.0017016,0.00033264
25.887,-0.0019616,-0.0020982,-0.0019184,-0.0019739,-0.0019995,-0.0019903,0.00033175
25.893,-0.0022492,-0.0023647,-0.0022589,-0.0021902,-0.0022448,-0.0022616,0.00033082
25.9,-0.0024625,-0.0025968,-0.0025027,-0.0024274,-0.0025468,-0.0025073,0.00033201
25.907,-0.0027536,-0.0028543,-0.0027598,-0.0027333,-0.002808,-0.0027818,0.00032726
25.913,-0.0030663,-0.0031419,-0.0030474,-0.0030236,-0.0030745,-0.0030707,0.00032645
25.92,-0.0032805,-0.0033333,-0.003326,-0.0032823,-0.00335,-0.0033144,0.00032431
25.927,-0.0034971,-0.0035812,-0.0036306,-0.0035041,-0.0036139,-0.0035654,0.00033116
25.933,-0.0038558,-0.0039097,-0.0038601,-0.0037627,-0.0038925,-0.0038562,0.00033005
25.94,-0.0040724,-0.0041539,-0.0041493,-0.0040211,-0.0041246,-0.0041043,0.00033022
25.947,-0.0043116,-0.0043676,-0.0043708,-0.004274,-0.0043092,-0.0043266,0.00032697
25.953,-0.0045975,-0.0046193,-0.004566,-0.0045591,-0.0045376,-0.0045759,0.00032561
25.96,-0.0048107,-0.0048541,-0.0047981,-0.0047758,-0.0048014,-0.004808,0.00032534
25.967,-0.0050984,-0.0050364,-0.0050408,-0.0049919,-0.0050939,-0.0050523,0.00032831
25.973,-0.0053115,-0.0052527,-0.0053311,-0.0052134,-0.0053525,-0.0052923,0.00033176
25.98,-0.005497,-0.0054294,-0.005578,-0.0054351,-0.0055639,-0.0055007,0.00033553
25.987,-0.0058339,-0.0056509,-0.005789,-0.0057306,-0.0057749,-0.0057559,0.00033575
25.993,-0.0060013,-0.0058952,-0.0059852,-0.0059418,-0.0059712,-0.0059589,0.00032894
26,-0.0062361,-0.0061526,-0.0061698,-0.0060735,-0.0061848,-0.0061634,0.00033329
26.007,-0.0063678,-0.0063531,-0.0063548,-0.0062583,-0.0064223,-0.0063512,0.00033355
26.013,-0.0065066,-0.0064874,-0.0065541,-0.0065118,-0.0065582,-0.0065236,0.00032792
26.02,-0.0068426,-0.0066746,-0.0067794,-0.0068123,-0.0067564,-0.0067731,0.00033557
26.027,-0.0070012,-0.0069004,-0.0069878,-0.007039,-0.0070149,-0.0069886,0.0003329
26.033,-0.0071607,-0.0071235,-0.0071724,-0.0071184,-0.007255,-0.007166,0.00033369
26.04,-0.0073704,-0.0073201,-0.0073426,-0.0073242,-0.0073591,-0.0073433,0.00032806
26.047,-0.0077281,-0.0074756,-0.0075593,-0.0074825,-0.0074924,-0.0075476,0.0003529
26.053,-0.0077707,-0.0076512,-0.0077359,-0.007704,-0.007771,-0.0077265,0.00033356
26.06,-0.0079241,-0.0078478,-0.0078994,-0.0079154,-0.0079307,-0.0079035,0.00033052
26.067,-0.0080592,-0.0079452,-0.008096,-0.0080209,-0.0080269,-0.0080297,0.00033543
26.073,-0.0082646,-0.0080875,-0.0082516,-0.0081528,-0.0083907,-0.0082294,0.00035869
26.08,-0.0083989,-0.0082382,-0.008369,-0.0080788,-0.0085675,-0.0083305,0.00039972
26.087,-0.0087046,-0.0083317,-0.0084165,-0.0082052,-0.0085082,-0.0084332,0.00040355
26.093,-0.0086919,-0.0084804,-0.0085762,-0.0086644,-0.0086531,-0.0086132,0.00034606
26.1,-0.0087421,-0.0085492,-0.0087359,-0.0086699,-0.0088155,-0.0087025,0.00035208
26.107,-0.0089023,-0.008639,-0.0088178,-0.0087015,-0.0089238,-0.0087969,0.00036393
26.113,-0.0091059,-0.0088092,-0.0089526,-0.00896,-0.0090412,-0.0089738,0.00035786
26.12,-0.009164,-0.0088949,-0.0090964,-0.0091976,-0.0091469,-0.0091,0.00036248
26.127,-0.0093441,-0.0089938,-0.009199,-0.0093136,-0.0092669,-0.0092235,0.00037319
26.133,-0.0093781,-0.0090942,-0.0092779,-0.0093555,-0.0093262,-0.0092864,0.00035957
26.14,-0.0094812,-0.0092195,-0.0093715,-0.0094559,-0.0094277,-0.0093911,0.00035529
26.147,-0.0095005,-0.0092883,-0.0094481,-0.0095507,-0.0094092,-0.0094394,0.00035348
26.153,-0.010033,-0.0093052,-0.0095444,-0.0095349,-0.0095001,-0.0095835,0.00047067
26.16,-0.0097714,-0.0094158,-0.0095893,-0.0095718,-0.0096863,-0.0096069,0.00037057
26.167,-0.0098988,-0.0095019,-0.0096939,-0.0096512,-0.0097221,-0.0096936,0.00037591
26.173,-0.0099058,-0.0095283,-0.0098177,-0.0098148,-0.0097798,-0.0097693,0.00037594
26.18,-0.009982,-0.0097287,-0.0098558,-0.009878,-0.0098852,-0.009866,0.00035052
26.187,-0.010205,-0.0097378,-0.0098679,-0.0099149,-0.0099618,-0.0099376,0.00039445
26.193,-0.010047,-0.0096918,-0.0099404,-0.009952,-0.010029,-0.0099321,0.00037607
26.2,-0.010219,-0.0098382,-0.010014,-0.010021,-0.010094,-0.010037,0.0003742
26.207,-0.010395,-0.0098515,-0.010026,-0.010015,-0.010103,-0.010078,0.00041452
26.213,-0.010329,-0.0098186,-0.010142,-0.010063,-0.010164,-0.010103,0.00040494
26.22,-0.010352,-0.0098593,-0.010165,-0.010131,-0.010165,-0.010134,0.00039836
26.227,-0.010504,-0.0098974,-0.010149,-0.010163,-0.010161,-0.010175,0.00042701
26.233,-0.010482,-0.0099964,-0.01017,-0.010174,-0.010182,-0.010201,0.00039753
26.24,-0.010404,-0.01001,-0.010202,-0.010211,-0.010112,-0.010188,0.00037869
26.247,-0.010454,-0.010034,-0.010165,-0.010232,-0.010195,-0.010216,0.00038283
26.253,-0.010429,-0.0099055,-0.010193,-0.010205,-0.010259,-0.010198,0.00040704
26.26,-0.010352,-0.0098672,-0.010235,-0.0102,-0.010238,-0.010178,0.00040291
26.267,-0.010453,-0.010064,-0.010225,-0.010216,-0.010192,-0.01023,0.00037588
26.273,-0.010453,-0.010132,-0.010237,-0.010226,-0.010158,-0.010242,0.00036796
26.28,-0.010352,-0.010121,-0.010194,-0.010264,-0.010185,-0.010223,0.00035028
26.287,-0.01045,-0.010135,-0.010187,-0.010211,-0.010182,-0.010233,0.00036682
26.293,-0.010353,-0.010132,-0.01008,-0.010052,-0.010112,-0.010146,0.00036419
26.3,-0.010272,-0.010121,-0.010075,-0.010037,-0.010064,-0.010114,0.00035222
26.307,-0.010197,-0.010048,-0.0101,-0.010094,-0.010007,-0.010089,0.00034396
26.313,-0.010216,-0.0099741,-0.010052,-0.010068,-0.0099739,-0.010057,0.00035435
26.32,-0.010141,-0.0099186,-0.010009,-0.0099839,-0.0099565,-0.010002,0.00034843
26.327,-0.010187,-0.009825,-0.0099007,-0.0098995,-0.0098169,-0.0099259,0.00038158
26.333,-0.010063,-0.0097341,-0.0097977,-0.0098205,-0.0097364,-0.0098302,0.00037192
26.34,-0.009956,-0.0096695,-0.0097622,-0.0097993,-0.009661,-0.0097696,0.00036359
26.347,-0.0098001,-0.0095585,-0.0096898,-0.009683,-0.0095462,-0.0096555,0.00035622
26.353,-0.0097212,-0.0095162,-0.0096596,-0.0095562,-0.0094964,-0.0095899,0.00035239
26.36,-0.0097186,-0.0094819,-0.0095961,-0.0094928,-0.0093975,-0.0095374,0.00036492
26.367,-0.0095877,-0.0093185,-0.0093942,-0.0093557,-0.009442,-0.0094196,0.00035549
26.373,-0.0094794,-0.0091656,-0.0092583,-0.0092186,-0.0093194,-0.0092883,0.00036305
26.38,-0.0093226,-0.0089727,-0.0091473,-0.0090443,-0.0090401,-0.0091054,0.00037123
26.387,-0.0091407,-0.0088828,-0.0090183,-0.0089389,-0.0089279,-0.0089817,0.00035321
26.393,-0.0090306,-0.0087617,-0.0089129,-0.0088386,-0.0088894,-0.0088866,0.00035206
26.4,-0.0088738,-0.008556,-0.0087929,-0.0087015,-0.0087177,-0.0087284,0.00036071
26.407,-0.0088442,-0.0084846,-0.0086174,-0.00858,-0.0085146,-0.0086082,0.00037348
26.413,-0.008716,-0.0083397,-0.0084498,-0.0083585,-0.0083538,-0.0084436,0.00038325
26.42,-0.0085843,-0.008163,-0.0083033,-0.0082422,-0.0082126,-0.0083011,0.00038812
26.427,-0.0083461,-0.0080864,-0.0081447,-0.0081051,-0.0081798,-0.0081724,0.00035271
26.433,-0.0081122,-0.0079029,-0.0079285,-0.0079259,-0.0079741,-0.0079687,0.00034432
26.44,-0.0079769,-0.007758,-0.0077518,-0.0077147,-0.0077087,-0.007782,0.00035557
26.447,-0.0078227,-0.0075285,-0.0075884,-0.0074138,-0.0075358,-0.0075779,0.00037721
26.453,-0.0077567,-0.0072922,-0.0070728,-0.0073346,-0.0073365,-0.0073586,0.00044893
26.46,-0.0074232,-0.007114,-0.0069168,-0.0071815,-0.0071689,-0.0071609,0.00039649
26.467,-0.0072127,-0.0068909,-0.0069403,-0.0069707,-0.0069209,-0.0069871,0.00036376
26.473,-0.0070272,-0.006709,-0.0067319,-0.0067967,-0.0067231,-0.0067976,0.00036531
26.48,-0.0068426,-0.0064784,-0.0064892,-0.0065485,-0.0065428,-0.0065803,0.00037516
26.487,-0.0066581,-0.0062463,-0.006228,-0.006295,-0.0063079,-0.0063471,0.00039262
26.493,-0.0064708,-0.0060617,-0.0060053,-0.0060683,-0.0061404,-0.0061493,0.00039878
26.5,-0.0062092,-0.0057751,-0.0058233,-0.0058574,-0.0059796,-0.0059289,0.00039003
26.507,-0.0060481,-0.0055362,-0.005578,-0.0056145,-0.0057078,-0.0056969,0.00041334
26.513,-0.0058133,-0.0052448,-0.0054066,-0.0053138,-0.0054519,-0.0054461,0.00042424
26.52,-0.0055758,-0.0050111,-0.0052084,-0.0050394,-0.0052235,-0.0052117,0.00042774
26.527,-0.0052648,-0.0048737,-0.0048627,-0.0048072,-0.0049158,-0.0049449,0.00039533
26.533,-0.0050975,-0.0045733,-0.004566,-0.0045646,-0.0046308,-0.0046865,0.00043246
26.54,-0.0048375,-0.0042936,-0.0043138,-0.0043743,-0.0044225,-0.0044483,0.00042575
26.547,-0.0047447,-0.0040943,-0.0040791,-0.0041315,-0.0042236,-0.0042546,0.00047405
26.553,-0.0042865,-0.0038399,-0.0036793,-0.0037728,-0.003911,-0.0038979,0.00043356
26.56,-0.0039139,-0.003593,-0.0034012,-0.0035142,-0.0035875,-0.0036019,0.00039988
26.567,-0.0036522,-0.0033239,-0.0032758,-0.0032979,-0.0032803,-0.003366,0.00037903
26.573,-0.0034355,-0.0030219,-0.002975,-0.0029759,-0.00301,-0.0030837,0.00040476
26.58,-0.0031227,-0.0026883,-0.0026666,-0.0027175,-0.0027552,-0.0027901,0.00039801
26.587,-0.0028932,-0.0023625,-0.0024292,-0.0024643,-0.0024649,-0.0025228,0.0004148
26.593,-0.0028695,-0.0021303,-0.0021336,-0.0021898,-0.0021894,-0.0023025,0.00050923
26.6,-0.0024104,-0.0018438,-0.0018339,-0.0018628,-0.0018965,-0.0019695,0.00044458
26.607,-0.0019417,-0.0015034,-0.001541,-0.0015195,-0.0015217,-0.0016055,0.0003972
26.613,-0.0016453,-0.0012304,-0.0012681,-0.0013611,-0.001143,-0.0013296,0.00040051
26.62,-0.001355,-0.00096395,-0.00097252,-0.0010606,-0.00085805,-0.001042,0.00039755
26.627,-0.0010371,-0.00067368,-0.00060032,-0.0007074,-0.00054818,-0.00071333,0.00039912
26.633,-0.00069746,-0.00039816,-0.00034968,-0.00039598,-0.00022241,-0.00041274,0.00038699
26.64,-0.00043135,-1.8441e-05,-0.00011644,-3.1711e-05,9.6938e-05,-0.0001002,0.00040564
26.647,-1.727e-05,0.0002972,0.00024368,0.00031125,0.00048344,0.00026366,0.00039156
26.653,0.00018403,0.00072855,0.00059583,0.00058543,0.00077486,0.00057374,0.00043179
26.66,0.00062405,0.001057,0.00092689,0.00098141,0.00109,0.00093588,0.00039498
26.667,0.00076721,0.0012669,0.0012557,0.0013772,0.0014686,0.0012271,0.00046533
26.673,0.001228,0.0015979,0.0016448,0.0016199,0.0017975,0.0015776,0.00041392
26.68,0.0016266,0.0019263,0.0020061,0.0019472,0.0021284,0.0019269,0.00039508
26.687,0.0020328,0.0022573,0.0022963,0.002369,0.0024712,0.0022853,0.00037969
26.693,0.0020213,0.0026729,0.0026738,0.0027858,0.0028291,0.0025966,0.00051968
26.7,0.002708,0.0031335,0.0030645,0.0029655,0.0031405,0.0030024,0.000391
26.707,0.0029022,0.0033788,0.0033204,0.0033352,0.0034768,0.0032827,0.00042324
26.713,0.0033388,0.0037627,0.0036065,0.0036939,0.0039014,0.0036607,0.00041432
26.72,0.0037106,0.0041202,0.0040338,0.0040474,0.0041759,0.0040176,0.0003931
26.727,0.0041774,0.0042376,0.0043638,0.0043743,0.0044676,0.0043241,0.00035347
26.733,0.0043986,0.004532,0.0046763,0.0046804,0.0048024,0.0046179,0.00037651
26.74,0.0046611,0.0048932,0.0049994,0.0050289,0.0051097,0.0049384,0.00038858
26.747,0.0050043,0.005256,0.0053214,0.0053452,0.005511,0.0052876,0.00039648
26.753,0.0053733,0.005635,0.0056328,0.0056618,0.0057997,0.0056205,0.00037674
26.76,0.0057425,0.00592,0.0059691,0.0060313,0.0060885,0.0059503,0.00036404
26.767,0.006083,0.0062441,0.0063795,0.0064162,0.0064411,0.0063128,0.00037442
26.773,0.00635,0.0063929,0.0066712,0.0067276,0.0066996,0.0065683,0.00039601
26.78,0.0066394,0.0067609,0.0069283,0.007018,0.0069974,0.0068688,0.00038405
26.787,0.0070706,0.0072701,0.0072884,0.0072925,0.0073379,0.0072519,0.00035158
26.793,0.0070322,0.0075989,0.0076696,0.0076197,0.0077561,0.0075353,0.00048447
26.8,0.0076159,0.0079303,0.0079082,0.0079152,0.0079815,0.0078702,0.00037409
26.807,0.0078811,0.0082153,0.0081852,0.0082156,0.0081411,0.0081277,0.00037221
26.813,0.0081964,0.0083799,0.0084506,0.0084637,0.0084462,0.0083874,0.00035686
26.82,0.0085127,0.008703,0.0086959,0.0087384,0.0088062,0.0086913,0.00035615
26.827,0.0086281,0.0091175,0.009027,0.0090075,0.0089988,0.0089558,0.00040503
26.833,0.0090091,0.0094315,0.0092829,0.0092765,0.0091848,0.009237,0.00038255
26.84,0.0092519,0.0096055,0.0095256,0.0095193,0.0094434,0.0094691,0.00037072
26.847,0.00944,0.0098297,0.0097725,0.0097042,0.0096692,0.0096831,0.00037991
26.853,0.0097267,0.010115,0.0099692,0.0099784,0.0098918,0.0099362,0.00037599
26.86,0.010017,0.010309,0.010212,0.010226,0.010059,0.010165,0.00036559
26.867,0.010221,0.010511,0.010444,0.010422,0.010221,0.010364,0.00037263
26.873,0.010234,0.010821,0.010629,0.01059,0.010434,0.010542,0.00043132
26.88,0.010412,0.010899,0.010828,0.010728,0.010715,0.010716,0.00040615
26.887,0.010626,0.010959,0.010966,0.010944,0.010872,0.010874,0.00037869
26.893,0.010903,0.011109,0.011118,0.011102,0.010942,0.011035,0.0003586
26.9,0.010887,0.011189,0.011227,0.011145,0.011105,0.011111,0.00037349
26.907,0.010967,0.011326,0.011384,0.011271,0.011244,0.011238,0.0003904
26.913,0.011045,0.01138,0.011459,0.011387,0.011279,0.01131,0.00039087
26.92,0.011098,0.011385,0.011453,0.01145,0.011338,0.011345,0.00038134
26.927,0.011399,0.011452,0.011535,0.011519,0.0114,0.011461,0.00034518
26.933,0.011266,0.011531,0.011524,0.011572,0.01147,0.011473,0.00036807
26.94,0.011363,0.011625,0.011607,0.011604,0.011604,0.011561,0.00036326
26.947,0.011364,0.011629,0.011714,0.011562,0.011603,0.011574,0.00037287
26.953,0.011416,0.011695,0.0117,0.011562,0.011616,0.011598,0.00036617
26.96,0.011494,0.011705,0.011659,0.011614,0.011704,0.011636,0.00035335
26.967,0.011567,0.011704,0.011592,0.011593,0.011656,0.011622,0.00034343
26.973,0.011475,0.011766,0.011599,0.011614,0.011669,0.011625,0.00036124
26.98,0.011573,0.011705,0.011635,0.011593,0.01167,0.011635,0.00034294
26.987,0.01156,0.011661,0.011606,0.011614,0.011608,0.01161,0.00033917
26.993,0.011867,0.011528,0.011597,0.011456,0.011597,0.011609,0.0003877
27,0.011547,0.011481,0.011565,0.011387,0.011567,0.01151,0.00034921
27.007,0.011371,0.011555,0.011486,0.011498,0.011544,0.011491,0.00034801
27.013,0.011413,0.011567,0.011494,0.011466,0.011486,0.011485,0.00034292
27.02,0.011415,0.011509,0.011428,0.011377,0.011438,0.011433,0.00034108
27.027,0.011014,0.011403,0.011345,0.011292,0.011424,0.011296,0.00039349
27.033,0.011193,0.011356,0.011301,0.011219,0.011281,0.01127,0.00034502
27.04,0.011072,0.011283,0.011179,0.011102,0.011131,0.011153,0.00035034
27.047,0.010991,0.011123,0.011064,0.011013,0.011022,0.011042,0.00034094
27.053,0.010865,0.010981,0.01097,0.010828,0.010876,0.010904,0.00034494
27.06,0.010835,0.01089,0.010821,0.010659,0.010834,0.010808,0.00035134
27.067,0.010577,0.010782,0.01068,0.010701,0.010698,0.010688,0.00034609
27.073,0.010487,0.010534,0.010502,0.010511,0.010495,0.010506,0.00033421
27.08,0.01028,0.01038,0.010337,0.010332,0.010508,0.010367,0.00034985
27.087,0.010086,0.010235,0.010188,0.010142,0.010306,0.010191,0.00034885
27.093,0.0096421,0.0098838,0.0099745,0.009973,0.01002,0.0098986,0.00038171
27.1,0.0097796,0.0096648,0.0097371,0.0097569,0.0098152,0.0097507,0.00033895
27.107,0.0094678,0.0095104,0.0094706,0.0095142,0.0095224,0.0094971,0.00033271
27.113,0.0092924,0.009273,0.0092671,0.0093559,0.0093657,0.0093108,0.0003358
27.12,0.008777,0.0090499,0.0090916,0.0091501,0.0091215,0.009038,0.00037942
27.127,0.0092123,0.0088242,0.008779,0.0087857,0.0088587,0.008892,0.00039977
27.133,0.0085563,0.0085143,0.0084993,0.0084901,0.0086398,0.00854,0.00033786
27.14,0.0083282,0.008261,0.0082566,0.008237,0.0083205,0.0082807,0.00033258
27.147,0.0080907,0.0080447,0.0079663,0.0079889,0.0080793,0.008034,0.00033518
27.153,0.0078498,0.0075197,0.0076761,0.0077145,0.0078048,0.007713,0.00036432
27.16,0.0075102,0.0072743,0.0074873,0.0073929,0.0073772,0.0074084,0.00034753
27.167,0.0072467,0.007186,0.0072224,0.0071182,0.0071058,0.0071758,0.00033573
27.173,0.0069799,0.0068814,0.0068849,0.0068596,0.0069133,0.0069038,0.00033135
27.18,0.0066394,0.0065647,0.0065656,0.006485,0.0066495,0.0065808,0.00033613
27.187,0.0064002,0.0062914,0.0064693,0.0062319,0.0063131,0.0063412,0.00034555
27.193,0.006109,0.0060249,0.0061828,0.005963,0.0059896,0.0060539,0.00034393
27.2,0.0057425,0.0057055,0.0057355,0.0056571,0.0057258,0.0057133,0.0003273
27.207,0.0054531,0.0054205,0.0054045,0.0053772,0.0054185,0.0054148,0.00032592
27.213,0.0051897,0.0052269,0.0050613,0.004881,0.0051192,0.0050956,0.00036505
27.22,0.0049514,0.0049239,0.0048202,0.00448,0.0048701,0.0048091,0.00040083
27.227,0.004636,0.0045452,0.0045166,0.0045431,0.0045745,0.0045631,0.00032805
27.233,0.0043664,0.0043179,0.0041815,0.0043057,0.0043186,0.004298,0.00033408
27.24,0.0039748,0.0040991,0.0039176,0.0040367,0.0040468,0.004015,0.00033411
27.247,0.0037365,0.0037944,0.0036681,0.003699,0.0037328,0.0037261,0.0003276
27.253,0.0034732,0.0034196,0.0033582,0.0033927,0.0034568,0.0034201,0.00032724
27.26,0.0032097,0.0030701,0.0030906,0.0031714,0.0031496,0.0031383,0.00032968
27.267,0.0029186,0.0028232,0.0029351,0.0028917,0.0028359,0.0028809,0.00032749
27.273,0.0026075,0.0025541,0.0026146,0.0026331,0.0025599,0.0025939,0.00032439
27.28,0.0024177,0.0022669,0.0022556,0.0023957,0.0022523,0.0023176,0.000337
27.287,0.0020504,0.002032,0.001977,0.0020528,0.0019964,0.0020217,0.00032386
27.293,0.001734,0.00169,0.0017449,0.001789,0.0017537,0.0017423,0.00032409
27.3,0.001468,0.0013866,0.0014588,0.0014828,0.00142,0.0014432,0.0003246
27.307,0.0012306,0.0011586,0.0011474,0.0012086,0.0011815,0.0011853,0.00032369
27.313,0.00099672,0.00082226,0.00088355,0.00097117,0.00086101,0.00090694,0.00033373
27.32,0.00086147,0.00062976,0.00059059,0.00062788,0.00054536,0.00065101,0.00035499
27.327,0.00044739,0.00038551,0.00025961,0.00039549,0.00028798,0.0003552,0.0003352
27.333,0.00025664,3.5589e-05,-2.5011e-05,0.00010554,-1.401e-05,7.1749e-05,0.00035127
27.34,0.00012237,-0.00023993,-0.00020475,-0.00025824,-0.00023184,-0.00016248,0.00037747
27.347,-0.00037148,-0.00048906,-0.00038021,-0.00052754,-0.00049146,-0.00045195,0.00033265
27.353,-0.00066615,-0.00076987,-0.00070708,-0.00081277,-0.00076178,-0.00074353,0.00032853
27.36,-0.00088019,-0.0009851,-0.00099894,-0.0010713,-0.00098749,-0.00098461,0.00033179
27.367,-0.001097,-0.0012044,-0.0012563,-0.0013405,-0.0012392,-0.0012275,0.00033913
27.373,-0.001478,-0.0014947,-0.0015002,-0.0015672,-0.0015174,-0.0015115,0.00032373
27.38,-0.0016185,-0.0017993,-0.0017429,-0.0018308,-0.0018225,-0.0017628,0.00033898
27.387,-0.0020092,-0.0020288,-0.0020475,-0.0021001,-0.0020376,-0.0020446,0.00032393
27.393,-0.0022554,-0.0023904,-0.0023495,-0.002269,-0.0022132,-0.0022955,0.00033364
27.4,-0.002595,-0.0026131,-0.0025964,-0.0024959,-0.0024823,-0.0025565,0.00033057
27.407,-0.0028567,-0.0026882,-0.0028221,-0.0027966,-0.0027261,-0.0027779,0.0003329
27.413,-0.003069,-0.0029192,-0.0030886,-0.0030498,-0.0028092,-0.0029871,0.00035432
27.42,-0.0032544,-0.0032095,-0.0033207,-0.0032187,-0.0030994,-0.0032206,0.00033708
27.427,-0.0035646,-0.0033978,-0.0035344,-0.0034771,-0.003395,-0.0034738,0.00033608
27.433,-0.0037182,-0.0036485,-0.0037718,-0.0038359,-0.0036313,-0.0037211,0.00033924
27.44,-0.004283,-0.0039017,-0.004024,-0.0040525,-0.0039306,-0.0040384,0.00037276
27.447,-0.0043394,-0.004089,-0.0043168,-0.0041528,-0.0041654,-0.0042127,0.00035024
27.453,-0.004497,-0.0042423,-0.0045173,-0.0043742,-0.004333,-0.0043927,0.00035311
27.46,-0.0047318,-0.0044347,-0.004826,-0.0045696,-0.0046101,-0.0046345,0.00037345
27.467,-0.0049943,-0.0047129,-0.0049673,-0.004723,-0.0048464,-0.0048488,0.00036247
27.473,-0.005205,-0.0049741,-0.0050677,-0.0049602,-0.0050245,-0.0050463,0.00034593
27.48,-0.0053652,-0.0051539,-0.0052998,-0.0052346,-0.0052472,-0.0052601,0.0003383
27.487,-0.0056018,-0.0053003,-0.0055711,-0.0054352,-0.0054144,-0.0054646,0.00035835
27.493,-0.0058124,-0.0055309,-0.0057981,-0.0055987,-0.005619,-0.0056718,0.00036028
27.5,-0.0059987,-0.0057049,-0.0059158,-0.0057727,-0.0058395,-0.0058463,0.000355
27.507,-0.006159,-0.0059,-0.0061517,-0.0059786,-0.005995,-0.0060369,0.00035441
27.513,-0.0063956,-0.0060888,-0.006422,-0.0061475,-0.0061705,-0.0062449,0.00037653
27.52,-0.0066841,-0.006296,-0.0064881,-0.0063428,-0.0065125,-0.0064647,0.00037723
27.527,-0.0067431,-0.0065138,-0.0067545,-0.0065116,-0.0066854,-0.0066417,0.00035857
27.533,-0.0069691,-0.0066433,-0.0069629,-0.0066487,-0.0068213,-0.0068091,0.00038192
27.54,-0.0070541,-0.0066618,-0.0069682,-0.0068338,-0.0069662,-0.0068968,0.00037759
27.547,-0.007236,-0.0068702,-0.0071226,-0.0070076,-0.0070504,-0.0070573,0.00036742
27.553,-0.0073462,-0.0071034,-0.0072728,-0.0072714,-0.0072112,-0.007241,0.00034559
27.56,-0.0075289,-0.0072695,-0.0074245,-0.0075251,-0.0073962,-0.0074288,0.00035302
27.567,-0.0076823,-0.0074345,-0.0075778,-0.0075459,-0.0075521,-0.0075585,0.00034524
27.573,-0.0077214,-0.0075111,-0.0076978,-0.0076513,-0.0077128,-0.0076589,0.00034482
27.58,-0.0079769,-0.007593,-0.0078443,-0.0078045,-0.007854,-0.0078146,0.00037079
27.587,-0.0080333,-0.0076987,-0.007959,-0.0078993,-0.007945,-0.0079071,0.00036336
27.593,-0.0081883,-0.0078478,-0.0080817,-0.0080209,-0.0081544,-0.0080586,0.00036827
27.6,-0.0083461,-0.0079599,-0.0081965,-0.0081739,-0.0082968,-0.0081946,0.00037702
27.607,-0.0083826,-0.0081434,-0.0083044,-0.0081739,-0.0083406,-0.008269,0.00035352
27.613,-0.0086769,-0.008477,-0.0084075,-0.0082476,-0.0084346,-0.0084487,0.00038066
27.62,-0.0086363,-0.0083963,-0.0084577,-0.0085323,-0.0085399,-0.0085125,0.00034786
27.627,-0.0087429,-0.0082958,-0.0085418,-0.0086219,-0.0086743,-0.0085754,0.00039286
27.633,-0.0088694,-0.008437,-0.0086449,-0.0087065,-0.0087456,-0.0086807,0.00038404
27.64,-0.0088738,-0.0084994,-0.008666,-0.008749,-0.008789,-0.0087154,0.00037373
27.647,-0.0089301,-0.0086129,-0.0089299,-0.0088177,-0.0088683,-0.0088318,0.00036769
27.653,-0.0090817,-0.0086812,-0.0089812,-0.0089495,-0.0089475,-0.0089282,0.00037792
27.66,-0.009138,-0.0087707,-0.0089257,-0.0090285,-0.0090264,-0.0089779,0.00037186
27.667,-0.009216,-0.0088247,-0.0090552,-0.0090392,-0.0091057,-0.0090482,0.00037475
27.673,-0.0092698,-0.008859,-0.0091171,-0.0090973,-0.009214,-0.0091114,0.00038399
27.68,-0.0093226,-0.0089214,-0.0091145,-0.0091391,-0.0092299,-0.0091455,0.0003791
27.687,-0.0094015,-0.0089768,-0.0091752,-0.0091392,-0.0092378,-0.0091861,0.00038194
27.693,-0.0094785,-0.0090557,-0.0092345,-0.0092186,-0.0093167,-0.0092608,0.00038201
27.7,-0.0094812,-0.0091493,-0.0092779,-0.0092975,-0.009396,-0.0093204,0.00036568
27.707,-0.0094579,-0.0091969,-0.0093281,-0.0093555,-0.0093737,-0.0093424,0.00035105
27.713,-0.009534,-0.0091969,-0.0093836,-0.009382,-0.0094711,-0.0093935,0.0003666
27.72,-0.0096129,-0.0092841,-0.0095497,-0.0094084,-0.0095172,-0.0094744,0.00036813
27.727,-0.0092909,-0.0093697,-0.0095259,-0.0093926,-0.0094869,-0.0094132,0.00035095
27.733,-0.009553,-0.0094396,-0.0094629,-0.0093767,-0.0094964,-0.0094657,0.0003409
27.74,-0.0096389,-0.009429,-0.009484,-0.0094456,-0.009499,-0.0094993,0.00034678
27.747,-0.0096173,-0.0093962,-0.0094576,-0.0094985,-0.0094964,-0.0094932,0.00034596
27.753,-0.0097115,-0.0093935,-0.0094602,-0.0094983,-0.009499,-0.0095125,0.00036274
27.76,-0.0096129,-0.0093962,-0.0095153,-0.0094928,-0.0094964,-0.0095027,0.00034468
27.767,-0.0096596,-0.0094807,-0.0095074,-0.0095458,-0.00947,-0.0095327,0.00034462
27.773,-0.0095393,-0.0094819,-0.0095444,-0.0094772,-0.0094726,-0.0095031,0.00033406
27.78,-0.00956,-0.0094343,-0.0095312,-0.0094507,-0.0094266,-0.0094806,0.0003396
27.787,-0.0096111,-0.00942,-0.0095153,-0.009509,-0.009379,-0.0094869,0.00034968
27.793,-0.0096111,-0.0095532,-0.0094931,-0.0094666,-0.0092918,-0.0094832,0.00036341
27.8,-0.00956,-0.0094687,-0.0094168,-0.0094505,-0.0092638,-0.009432,0.00035707
27.807,-0.0095331,-0.009172,-0.0094074,-0.009419,-0.0092707,-0.0093604,0.00037401
27.813,-0.0094803,-0.0092248,-0.0093609,-0.0093716,-0.0092035,-0.0093282,0.00035995
27.82,-0.0094015,-0.0092973,-0.0092848,-0.0093082,-0.0091967,-0.0092977,0.00034285
27.827,-0.0090309,-0.0092063,-0.0092032,-0.0092238,-0.009148,-0.0091625,0.00034459
27.833,-0.0093327,-0.0091561,-0.0091266,-0.009208,-0.0092775,-0.0092202,0.00034699
27.84,-0.0091909,-0.0091006,-0.0090446,-0.0090864,-0.0091559,-0.0091157,0.00033803
27.847,-0.0092332,-0.009007,-0.0089537,-0.0089864,-0.0088868,-0.0090134,0.00036799
27.853,-0.0089892,-0.0089451,-0.0088601,-0.0089283,-0.0088947,-0.0089235,0.0003355
27.86,-0.0090063,-0.0088319,-0.0087978,-0.0087751,-0.0087705,-0.0088363,0.00035149
27.867,-0.0089258,-0.008328,-0.0087132,-0.0086592,-0.0085675,-0.0086387,0.00042622
27.873,-0.0088191,-0.008274,-0.0085524,-0.0085481,-0.0084939,-0.0085375,0.00040804
27.88,-0.0086363,-0.0084385,-0.0084403,-0.0084166,-0.0084093,-0.0084682,0.00034949
27.887,-0.0085046,-0.0082774,-0.0083298,-0.0082161,-0.0082629,-0.0083181,0.00035684
27.893,-0.0083738,-0.00818,-0.0081568,-0.0081156,-0.0081628,-0.0081978,0.00035168
27.9,-0.0082672,-0.0080668,-0.0080734,-0.0080048,-0.0080228,-0.008087,0.00035313
27.907,-0.0080359,-0.0079108,-0.0079428,-0.007783,-0.0078695,-0.0079084,0.00034773
27.913,-0.0079752,-0.0077354,-0.0077635,-0.0077357,-0.0078801,-0.007818,0.00035331
27.92,-0.0078712,-0.0075825,-0.0076461,-0.007588,-0.0076955,-0.0076767,0.00035889
27.927,-0.007613,-0.0074625,-0.0075118,-0.0073769,-0.0074041,-0.0074737,0.00034728
27.933,-0.0075003,-0.0073017,-0.0073102,-0.0073083,-0.0071905,-0.0073222,0.00035507
27.94,-0.0073435,-0.007088,-0.0070728,-0.0071185,-0.007127,-0.00715,0.00035423
27.947,-0.0072074,-0.0068792,-0.0069369,-0.0069388,-0.0070176,-0.006996,0.00036302
27.953,-0.0069562,-0.0067233,-0.0067968,-0.0067382,-0.0067685,-0.0067966,0.00034615
27.96,-0.0069215,-0.0065335,-0.0065568,-0.0065643,-0.0065887,-0.006633,0.00038321
27.967,-0.0066339,-0.006267,-0.006322,-0.0063851,-0.0063551,-0.0063926,0.00037001
27.973,-0.0064233,-0.0060349,-0.0061106,-0.0061737,-0.0062852,-0.0062055,0.00037622
27.98,-0.0062889,-0.0058355,-0.0056818,-0.005973,-0.0061272,-0.0059813,0.00043928
27.987,-0.006003,-0.0056827,-0.0055251,-0.0057569,-0.005804,-0.0057544,0.0003903
27.993,-0.0058436,-0.005432,-0.0054606,-0.0055881,-0.0055979,-0.0055845,0.0003821
28,-0.0057872,-0.005164,-0.0053009,-0.0054455,-0.0055413,-0.0054478,0.00043838
28.007,-0.005408,-0.0049942,-0.0050884,-0.0050658,-0.0053065,-0.0051726,0.00039051
28.013,-0.0054794,-0.0047197,-0.0048468,-0.004802,-0.0049306,-0.0049557,0.0004957
28.02,-0.005075,-0.0044951,-0.0046449,-0.0046965,-0.004672,-0.0047167,0.00041928
28.027,-0.0047172,-0.0042884,-0.0043641,-0.0044272,-0.0044896,-0.0044573,0.00038139
28.033,-0.0046667,-0.0040709,-0.0041636,-0.0042689,-0.0043168,-0.0042974,0.00042883
28.04,-0.004283,-0.0038542,-0.0040436,-0.004037,-0.0040454,-0.0040527,0.00037394
28.047,-0.0041252,-0.0035323,-0.0038099,-0.0037782,-0.0037894,-0.003807,0.0004153
28.053,-0.0039641,-0.0030907,-0.0034789,-0.003551,-0.0035902,-0.003535,0.00050326
28.06,-0.0037293,-0.0028796,-0.0031943,-0.0032557,-0.0033067,-0.0032731,0.00049643
28.067,-0.0033456,-0.0028041,-0.0029712,-0.0030603,-0.0030651,-0.0030493,0.00040377
28.073,-0.0032914,-0.0025445,-0.0027455,-0.0027966,-0.0027473,-0.0028251,0.00047187
28.08,-0.0028056,-0.0022885,-0.0023775,-0.0025174,-0.0024876,-0.0024953,0.00040305
28.087,-0.0025788,-0.0020454,-0.0020623,-0.0022798,-0.0022947,-0.0022522,0.00041913
28.093,-0.0026267,-0.0017842,-0.0018777,-0.0019523,-0.0019437,-0.0020369,0.00052695
28.1,-0.0020933,-0.0015324,-0.0016931,-0.0016621,-0.001667,-0.0017296,0.00041568
28.107,-0.0017537,-0.0012542,-0.0014066,-0.0014301,-0.0014507,-0.0014591,0.00039246
28.113,-0.0015101,-0.00089151,-0.0010514,-0.001145,-0.001143,-0.0011482,0.00042711
28.12,-0.0011965,-0.00062916,-0.0007664,-0.00082839,-0.00084374,-0.00085283,0.00041329
28.127,-0.00085512,-0.0003521,-0.00045652,-0.00053274,-0.00053647,-0.00054659,0.00039667
28.133,-0.00056484,-0.00010146,-0.00015982,-0.00030085,-0.00022241,-0.00026987,0.0003914
28.14,-0.00032565,0.00014654,5.1551e-06,-3.1711e-05,3.8801e-05,-3.3374e-05,0.00038833
28.147,1.6582e-05,0.00044629,0.00034296,0.00042737,0.00037774,0.00032219,0.00038779
28.153,0.00033204,0.00068103,0.00071101,0.00080188,0.00072729,0.00065065,0.00039346
28.16,0.00059803,0.0010517,0.0009775,0.000971,0.0010757,0.00093479,0.0004009
28.167,0.0009395,0.001379,0.0012387,0.0012349,0.0014135,0.0012411,0.00039598
28.173,0.0012583,0.0017232,0.0015776,0.0014776,0.0017763,0.0015626,0.00041122
28.18,0.0016006,0.0020675,0.0019124,0.0018366,0.0021258,0.0019086,0.0004118
28.187,0.0019412,0.0022758,0.0022488,0.0023219,0.0024452,0.0022466,0.00039607
28.193,0.0022376,0.002591,0.0025723,0.0026222,0.0027735,0.0025593,0.00040358
28.2,0.002656,0.0030134,0.0029086,0.002902,0.0030465,0.0029053,0.00037365
28.207,0.0028692,0.0032471,0.0031736,0.0032662,0.0033277,0.0031768,0.00039219
28.213,0.0031595,0.0035294,0.0034918,0.0035988,0.0036587,0.0034876,0.00040244
28.22,0.003526,0.0038472,0.0038821,0.0038573,0.0040886,0.0038403,0.00040814
28.227,0.0037955,0.0040726,0.0041667,0.0041265,0.0043578,0.0041038,0.00040949
28.233,0.0042105,0.0044115,0.0045061,0.0044589,0.0046835,0.0044541,0.0003863
28.24,0.0045814,0.0047611,0.0048269,0.0048492,0.0050082,0.0048054,0.00037608
28.247,0.0048734,0.0051386,0.0051077,0.0051868,0.0052244,0.0051062,0.00036603
28.253,0.0052122,0.0054421,0.0054678,0.0055406,0.0055317,0.0054389,0.00036402
28.26,0.0054791,0.0057429,0.0058491,0.0057728,0.0058024,0.0057293,0.00037126
28.267,0.0057695,0.0061532,0.0061315,0.0060997,0.0061153,0.0060538,0.000381
28.273,0.0060874,0.0064012,0.0064153,0.0064586,0.0064384,0.0063602,0.00037747
28.28,0.0064548,0.0066809,0.0066855,0.0067437,0.0067309,0.0066592,0.00035703
28.287,0.006772,0.0070014,0.0069257,0.0070815,0.0070186,0.0069598,0.00035811
28.293,0.0071089,0.0072531,0.0072042,0.0073773,0.0072099,0.0072307,0.00034844
28.3,0.0072988,0.0076042,0.0075088,0.0076568,0.0075451,0.0075227,0.00036905
28.307,0.0075891,0.0079103,0.007898,0.0080577,0.0079015,0.0078713,0.00039091
28.313,0.0078785,0.0081647,0.0081286,0.0083107,0.0081823,0.008133,0.0003825
28.32,0.0081436,0.0084407,0.0083407,0.0084953,0.0084843,0.0083809,0.00037551
28.327,0.0083595,0.0086611,0.0086114,0.0087542,0.0087312,0.0086235,0.00038336
28.333,0.0087206,0.0089329,0.0087937,0.0090025,0.0090003,0.00889,0.00036567
28.34,0.0089876,0.0092179,0.00901,0.0093295,0.0092441,0.0091578,0.00037998
28.347,0.009122,0.0094553,0.0093173,0.0094295,0.0094287,0.0093506,0.00037282
28.353,0.0093351,0.0096637,0.0096313,0.0096034,0.0096862,0.0095839,0.00037567
28.36,0.0096739,0.0098482,0.0098487,0.0099413,0.0099304,0.0098485,0.00035753
28.367,0.0098029,0.010047,0.010079,0.010126,0.010072,0.010025,0.00036817
28.373,0.0098654,0.010273,0.010268,0.010348,0.010336,0.010218,0.00041551
28.38,0.010122,0.01038,0.010403,0.010485,0.010543,0.010387,0.00038901
28.387,0.010231,0.010496,0.010532,0.010654,0.010611,0.010505,0.00039152
28.393,0.010436,0.010649,0.010711,0.010812,0.010734,0.010668,0.00037764
28.4,0.010571,0.01074,0.010904,0.010833,0.010906,0.010791,0.00037693
28.407,0.010453,0.010863,0.01099,0.010865,0.011018,0.010838,0.00043673
28.413,0.01072,0.010934,0.011074,0.010939,0.010984,0.01093,0.00037168
28.42,0.010729,0.011108,0.011163,0.011049,0.011125,0.011035,0.00039954
28.427,0.011058,0.011134,0.01123,0.011144,0.011294,0.011172,0.00035377
28.433,0.010993,0.01101,0.011265,0.01116,0.011262,0.011138,0.00037287
28.44,0.010914,0.011233,0.011193,0.011034,0.011285,0.011132,0.00038551
28.447,0.011017,0.011276,0.01125,0.011139,0.011347,0.011206,0.00037162
28.453,0.011048,0.011072,0.011272,0.011165,0.01133,0.011178,0.00036806
28.46,0.011151,0.011114,0.011227,0.01116,0.01135,0.011201,0.00035441
28.467,0.011107,0.011154,0.011254,0.011097,0.011371,0.011197,0.0003645
28.473,0.011298,0.011133,0.011164,0.011092,0.011373,0.011212,0.00036624
28.48,0.011177,0.011116,0.011139,0.011113,0.011313,0.011172,0.00035056
28.487,0.011077,0.011078,0.011172,0.011018,0.011268,0.011122,0.00035648
28.493,0.011098,0.011167,0.011146,0.011065,0.01125,0.011145,0.00034638
28.5,0.011124,0.01109,0.011046,0.011092,0.011212,0.011113,0.00034367
28.507,0.010996,0.01096,0.010932,0.010897,0.011171,0.010991,0.00036015
28.513,0.010966,0.010902,0.010911,0.010865,0.01109,0.010947,0.00035178
28.52,0.010914,0.010811,0.010821,0.010801,0.011013,0.010872,0.00035278
28.527,0.010806,0.010819,0.010767,0.010727,0.010917,0.010807,0.0003456
28.533,0.010652,0.010753,0.010776,0.010717,0.010828,0.010745,0.00034391
28.54,0.010571,0.010684,0.010634,0.010611,0.010718,0.010644,0.00034155
28.547,0.010468,0.010667,0.010512,0.010475,0.010589,0.010542,0.0003498
28.553,0.010429,0.010513,0.010428,0.010364,0.010425,0.010432,0.00033973
28.56,0.010122,0.010392,0.010296,0.010322,0.010228,0.010272,0.00035631
28.567,0.01009,0.010293,0.010208,0.010174,0.010145,0.010182,0.00034571
28.573,0.0098871,0.010076,0.010097,0.0099941,0.010015,0.010014,0.00034773
28.58,0.0097527,0.010045,0.0099239,0.0098836,0.0098205,0.009885,0.00035912
28.587,0.0096192,0.0098256,0.0097393,0.0097413,0.0096333,0.0097118,0.00034824
28.593,0.0094338,0.0094867,0.0095257,0.0095247,0.0094657,0.0094873,0.00033472
28.6,0.0091722,0.0093602,0.0093316,0.0093292,0.0092755,0.0092937,0.00034342
28.607,0.0089589,0.0091503,0.0090863,0.0091183,0.0090962,0.009082,0.0003425
28.613,0.0086757,0.0088627,0.0088134,0.008886,0.0088339,0.0088143,0.00034519
28.62,0.0085127,0.0085555,0.008605,0.0086011,0.0085081,0.0085565,0.00033421
28.627,0.0081982,0.0083286,0.0083476,0.0082948,0.008276,0.008289,0.00033648
28.633,0.0079357,0.0081964,0.0081033,0.0080575,0.0080476,0.0080681,0.00034863
28.64,0.0077745,0.0078466,0.0078463,0.0077729,0.007769,0.0078018,0.00033167
28.647,0.0074186,0.0074933,0.0075443,0.007435,0.0074353,0.0074653,0.00033362
28.653,0.0074415,0.0072532,0.0072831,0.0072185,0.0071386,0.007267,0.00035496
28.66,0.0070353,0.0068878,0.0069151,0.0068652,0.0068288,0.0069064,0.00034058
28.667,0.0065971,0.0066715,0.006629,0.0065694,0.0065611,0.0066056,0.00033063
28.673,0.0064477,0.006442,0.0064101,0.0063321,0.0063184,0.0063901,0.00033418
28.68,0.0061117,0.0060898,0.0060469,0.0060051,0.0060424,0.0060592,0.00032914
28.687,0.0057962,0.0058747,0.0057551,0.0056727,0.0057496,0.0057697,0.00033725
28.693,0.0055016,0.0056124,0.0054547,0.0053983,0.0054333,0.00548,0.00034014
28.7,0.0051091,0.0052866,0.0051315,0.005145,0.005189,0.0051722,0.00033536
28.707,0.0048985,0.0051269,0.0048677,0.0048284,0.0049025,0.0049248,0.00035455
28.713,0.0046827,0.004871,0.0045314,0.0045538,0.0046206,0.0046519,0.00036471
28.72,0.004344,0.0045067,0.0042226,0.0043325,0.004482,0.0043776,0.00035409
28.727,0.0041048,0.0042625,0.0039414,0.0040317,0.0041268,0.0040934,0.00035493
28.733,0.0038154,0.0039907,0.0036538,0.0037095,0.0036916,0.0037722,0.00036393
28.74,0.0035,0.0037929,0.0033756,0.0034877,0.0034768,0.0035266,0.00037644
28.747,0.0032358,0.0034963,0.0031287,0.0031026,0.0032141,0.0032355,0.00037577
28.753,0.0029731,0.003152,0.0028739,0.0027702,0.002917,0.0029373,0.00036634
28.76,0.0027349,0.0028274,0.0025984,0.0027122,0.0026505,0.0027047,0.00033918
28.767,0.0022948,0.0024752,0.0023636,0.002438,0.0023893,0.0023922,0.00033272
28.773,0.0021006,0.0022023,0.0021378,0.0021689,0.0020942,0.0021408,0.0003262
28.78,0.0018909,0.001921,0.001857,0.0018787,0.0018096,0.0018715,0.00032522
28.787,0.001501,0.0016625,0.0015117,0.0015411,0.0015283,0.0015489,0.00033105
28.793,0.0012817,0.001379,0.0012002,0.0012824,0.0012407,0.0012768,0.00033131
28.8,0.00102,0.0010793,0.00096547,0.0010502,0.0009187,0.0010067,0.00033072
28.807,0.00075314,0.00081547,0.00075443,0.00081798,0.00072359,0.00077292,0.00032493
28.813,0.00041793,0.0007403,0.00045626,0.00059064,0.00045332,0.00053169,0.00036126
28.82,0.00022807,0.00036973,0.0001448,0.00024767,0.000106,0.00021926,0.00034493
28.827,-8.5598e-05,-7.8773e-05,-8.9937e-05,-5.8218e-05,-0.00015781,-9.4066e-05,0.00032406
28.833,-0.00032918,-0.00033356,-0.00030098,-0.00026377,-0.00043601,-0.0003327,0.00033041
28.84,-0.00066878,-0.00062383,-0.0006139,-0.00056966,-0.0007406,-0.00064335,0.00033065
28.847,-0.00092873,-0.00091411,-0.00086454,-0.00085993,-0.0011879,-0.00095105,0.00036238
28.853,-0.0010961,-0.0011753,-0.0011125,-0.001066,-0.0013793,-0.0011658,0.00035685
28.86,-0.0014079,-0.0014709,-0.0013828,-0.0013141,-0.0013899,-0.0013931,0.00032839
28.867,-0.0016211,-0.0017268,-0.0016229,-0.0016885,-0.001742,-0.0016803,0.00032861
28.873,-0.0019088,-0.0019838,-0.0020463,-0.0018519,-0.002035,-0.0019652,0.0003374
28.88,-0.002199,-0.0022134,-0.0023393,-0.0021105,-0.0022882,-0.0022301,0.00033926
28.887,-0.002684,-0.0024444,-0.002462,-0.0024009,-0.0025532,-0.0025089,0.00035046
28.893,-0.002706,-0.0027199,-0.0026783,-0.0025699,-0.0027261,-0.00268,0.00033126
28.9,-0.0028585,-0.00294,-0.0029568,-0.0027969,-0.0029545,-0.0029013,0.0003335
28.907,-0.003172,-0.0031827,-0.0031742,-0.0030078,-0.0033198,-0.0031713,0.00034991
28.913,-0.0033827,-0.0033857,-0.0034049,-0.0033612,-0.0034924,-0.0034054,0.0003282
28.92,-0.0034919,-0.0036485,-0.0037242,-0.0035515,-0.0036282,-0.0036089,0.00034093
28.927,-0.0038288,-0.0038874,-0.003922,-0.003752,-0.0039042,-0.0038589,0.00033368
28.933,-0.0039989,-0.0040773,-0.004161,-0.004005,-0.0040522,-0.0040589,0.00033277
28.94,-0.0043359,-0.0043147,-0.0043565,-0.0042213,-0.0042356,-0.0042928,0.00033153
28.947,-0.0044918,-0.0044506,-0.0045543,-0.0044166,-0.0044678,-0.0044762,0.00032929
28.953,-0.0045812,-0.0045907,-0.004769,-0.0046384,-0.0046376,-0.0046434,0.00033633
28.96,-0.0048904,-0.0049179,-0.0049589,-0.0047701,-0.0048248,-0.0048724,0.00033664
28.967,-0.0050508,-0.0051221,-0.0052111,-0.0048809,-0.0049633,-0.0050456,0.00036143
28.973,-0.0052856,-0.0053082,-0.0054315,-0.0051977,-0.0052166,-0.0052879,0.00034372
28.98,-0.0055238,-0.0055086,-0.005587,-0.0054297,-0.0055254,-0.0055149,0.00033168
28.987,-0.0059282,-0.0056864,-0.0057335,-0.005567,-0.0056756,-0.0057181,0.0003637
28.993,-0.0058533,-0.0058223,-0.0058773,-0.00572,-0.0058421,-0.005823,0.00033332
29,-0.0061304,-0.0059624,-0.0060672,-0.005868,-0.0060218,-0.0060099,0.00034799
29.007,-0.0062648,-0.0061881,-0.0062903,-0.0061002,-0.0062117,-0.006211,0.00033794
29.013,-0.00647,-0.0063821,-0.006516,-0.0063636,-0.0063909,-0.0064245,0.00033543
29.02,-0.0065784,-0.0066274,-0.0066519,-0.0066274,-0.0065374,-0.0066045,0.00033074
29.027,-0.0067646,-0.0068422,-0.0068353,-0.0067648,-0.0067246,-0.0067863,0.00033205
29.033,-0.0069717,-0.0069596,-0.0069946,-0.0067858,-0.0068775,-0.0069179,0.00034329
29.04,-0.0071061,-0.0071235,-0.00712,-0.006886,-0.0070266,-0.0070524,0.00034975
29.047,-0.0073374,-0.0072472,-0.0072758,-0.0070445,-0.0072402,-0.007229,0.00035416
29.053,-0.0073981,-0.0074017,-0.0072188,-0.0072556,-0.0073471,-0.0073243,0.00034291
29.06,-0.0075021,-0.0075666,-0.0073415,-0.0073714,-0.0074777,-0.0074518,0.00034714
29.067,-0.00771,-0.007701,-0.0076503,-0.0076459,-0.0076426,-0.0076699,0.00033002
29.073,-0.0078192,-0.0078305,-0.0077571,-0.0078254,-0.0078065,-0.0078077,0.00032983
29.08,-0.0079241,-0.0079214,-0.0078296,-0.0077941,-0.0079741,-0.0078886,0.00034063
29.087,-0.0080055,-0.0080293,-0.0079327,-0.0078837,-0.0080333,-0.0079769,0.00033814
29.093,-0.0081364,-0.0081468,-0.0079538,-0.0079786,-0.0080915,-0.0080614,0.00034664
29.1,-0.008294,-0.0082234,-0.0080723,-0.0080364,-0.0081824,-0.0081617,0.00035408
29.107,-0.0083738,-0.0083344,-0.0082229,-0.0081261,-0.008276,-0.0082667,0.00035008
29.113,-0.0084803,-0.0084057,-0.0083312,-0.0082689,-0.008367,-0.0083706,0.00034325
29.12,-0.0086363,-0.0084348,-0.0084048,-0.0083478,-0.0084606,-0.0084569,0.00035561
29.127,-0.0086156,-0.0084729,-0.0084165,-0.0084374,-0.0086097,-0.0085104,0.00034979
29.133,-0.0087421,-0.0085861,-0.008489,-0.0085535,-0.0086494,-0.008604,0.00035037
29.14,-0.0088738,-0.0085677,-0.0085773,-0.0086433,-0.008672,-0.0086668,0.00036346
29.147,-0.0089023,-0.0086009,-0.0086449,-0.0086909,-0.0088211,-0.008732,0.00036472
29.153,-0.0089804,-0.0087537,-0.008666,-0.0087171,-0.0088603,-0.0087955,0.00036463
29.16,-0.0090852,-0.0088009,-0.0086978,-0.0087172,-0.0088392,-0.0088281,0.00038182
29.167,-0.0089649,-0.00883,-0.0088204,-0.0088493,-0.0089238,-0.0088777,0.00033908
29.173,-0.0091562,-0.0088104,-0.0089495,-0.0089545,-0.0089687,-0.0089679,0.00036375
29.18,-0.009138,-0.0088473,-0.008968,-0.0089651,-0.0090438,-0.0089924,0.00035602
29.187,-0.0093129,-0.0089504,-0.0090024,-0.0090181,-0.0089551,-0.0090478,0.00037973
29.193,-0.0092222,-0.0090154,-0.0090933,-0.0090236,-0.0089989,-0.0090707,0.00034943
29.2,-0.0092698,-0.0090244,-0.0091145,-0.0090869,-0.0091997,-0.009139,0.0003514
29.207,-0.0094957,-0.0090557,-0.0091462,-0.0091446,-0.0092325,-0.0092149,0.00039146
29.213,-0.0094033,-0.0090912,-0.0093413,-0.009171,-0.0091771,-0.0092368,0.00036793
29.22,-0.0093494,-0.0090912,-0.0093413,-0.0092186,-0.0092431,-0.0092487,0.00035556
29.227,-0.0091341,-0.0090769,-0.0092493,-0.0092025,-0.009268,-0.0091862,0.00034506
29.233,-0.0095442,-0.0090795,-0.0092613,-0.0092023,-0.0091914,-0.0092557,0.00039502
29.24,-0.009534,-0.0092365,-0.0093481,-0.0093028,-0.0092691,-0.0093381,0.00036129
29.247,-0.0094327,-0.0093121,-0.0093466,-0.0092715,-0.0094251,-0.0093576,0.00034216
29.253,-0.0094587,-0.0092184,-0.009273,-0.0093084,-0.0093828,-0.0093283,0.00035082
29.26,-0.0096129,-0.0090837,-0.009319,-0.009282,-0.0092559,-0.0093107,0.00040733
29.267,-0.0092415,-0.0090271,-0.0093519,-0.0092448,-0.0092495,-0.009223,0.00036199
29.273,-0.0095451,-0.0088795,-0.0095289,-0.0091288,-0.009259,-0.0092683,0.0004804
29.28,-0.0094543,-0.0089371,-0.0095961,-0.009129,-0.0091744,-0.0092582,0.00046581
29.287,-0.0094309,-0.0090044,-0.0093508,-0.0092976,-0.0091148,-0.0092397,0.00039593
29.293,-0.0094767,-0.0089334,-0.0092085,-0.0092448,-0.0090571,-0.0091841,0.00041746
29.3,-0.0094015,-0.0089187,-0.0091794,-0.0091815,-0.0090242,-0.0091411,0.00040098
29.307,-0.0093755,-0.0089504,-0.0090832,-0.0091658,-0.0091955,-0.0091541,0.00038298
29.313,-0.0093459,-0.0088843,-0.0092269,-0.0091708,-0.0091084,-0.0091473,0.00039272
29.32,-0.0092169,-0.0088009,-0.0092043,-0.0091074,-0.0089011,-0.0090461,0.00040325
29.327,-0.0092922,-0.0087723,-0.0090356,-0.0090654,-0.0088339,-0.0089999,0.00041783
29.333,-0.0092402,-0.008705,-0.0090239,-0.0089495,-0.0087837,-0.0089405,0.00042074
29.34,-0.0090852,-0.0086258,-0.0088643,-0.0088173,-0.0087282,-0.0088241,0.00039281
29.347,-0.0090054,-0.0085179,-0.0086898,-0.0086959,-0.0086494,-0.0087117,0.00039756
29.353,-0.0089015,-0.0083714,-0.0086396,-0.0086221,-0.0085267,-0.0086123,0.00040764
29.36,-0.0088217,-0.0083,-0.0085698,-0.0085642,-0.0083972,-0.0085306,0.00041152
29.367,-0.0087914,-0.0082276,-0.0084498,-0.0084481,-0.0083353,-0.0084504,0.00042102
29.373,-0.0086605,-0.0081392,-0.0085063,-0.0083057,-0.0082512,-0.0083726,0.00041875
29.38,-0.0084518,-0.0080282,-0.0084271,-0.0081578,-0.0079741,-0.0082078,0.00042874
29.387,-0.008372,-0.0078411,-0.0081252,-0.0080261,-0.007854,-0.0080437,0.00042615
29.393,-0.0082672,-0.0077463,-0.0080236,-0.0079152,-0.0078725,-0.007965,0.00040842
29.4,-0.0081615,-0.0076157,-0.0078443,-0.0077936,-0.0077325,-0.0078295,0.00041442
29.407,-0.0079579,-0.0074651,-0.007562,-0.0076405,-0.0075792,-0.0076409,0.00040217
29.413,-0.0079482,-0.0072986,-0.0073506,-0.0075563,-0.0075316,-0.0075371,0.00045577
29.42,-0.0078712,-0.0071627,-0.0072702,-0.0074721,-0.0073868,-0.0074326,0.00046986
29.427,-0.0074875,-0.0071099,-0.0072241,-0.0072764,-0.007181,-0.0072558,0.00037201
29.433,-0.0074188,-0.0069702,-0.0069735,-0.0070811,-0.0070515,-0.007099,0.00039936
29.44,-0.0072386,-0.0067883,-0.0067926,-0.0069652,-0.0069463,-0.0069462,0.00039781
29.447,-0.007081,-0.0066735,-0.0067081,-0.0068177,-0.0067685,-0.0068098,0.00038273
29.453,-0.0069431,-0.0064636,-0.0065473,-0.0066276,-0.0066035,-0.006637,0.00039673
29.46,-0.0066581,-0.0063066,-0.0063194,-0.0063373,-0.0064253,-0.0064093,0.00037289
29.467,-0.0065255,-0.0061496,-0.0061136,-0.0061844,-0.006217,-0.006238,0.00038452
29.473,-0.0063669,-0.0058858,-0.0059408,-0.006021,-0.0060467,-0.0060522,0.00039951
29.48,-0.0061832,-0.0057382,-0.0057705,-0.0059101,-0.0058739,-0.0058952,0.00039137
29.487,-0.0063414,-0.0055113,-0.0056267,-0.0057146,-0.0056602,-0.0057709,0.00052027
29.493,-0.0057744,-0.0052289,-0.0054368,-0.0054297,-0.0054371,-0.0054614,0.00040558
29.5,-0.0055498,-0.0050757,-0.0052137,-0.0052715,-0.0052838,-0.0052789,0.00038832
29.507,-0.0053375,-0.0049123,-0.004988,-0.00505,-0.0050766,-0.0050729,0.00038037
29.513,-0.0051036,-0.0047303,-0.0047797,-0.0047859,-0.0048302,-0.0048459,0.00037218
29.52,-0.0049432,-0.0042963,-0.0045513,-0.0045906,-0.0046191,-0.0046001,0.00043181
29.527,-0.0047041,-0.0040867,-0.0043308,-0.0043584,-0.0043934,-0.0043747,0.00042308
29.533,-0.0044191,-0.0040709,-0.0041029,-0.0041369,-0.0042284,-0.0041916,0.00036663
29.54,-0.004231,-0.0037818,-0.0038971,-0.0039998,-0.0039926,-0.0039804,0.00038249
29.547,-0.0039738,-0.0035164,-0.0036952,-0.00381,-0.0036932,-0.0037377,0.00038433
29.553,-0.0039024,-0.0033292,-0.0035159,-0.0035144,-0.0034871,-0.0035498,0.0004158
29.56,-0.0035179,-0.0031038,-0.0032679,-0.0032191,-0.0032852,-0.0032788,0.00037269
29.567,-0.0032553,-0.0029098,-0.0029686,-0.0029498,-0.0030043,-0.0030176,0.00036405
29.573,-0.0030179,-0.0025048,-0.0026904,-0.0027597,-0.0027748,-0.0027495,0.00039478
29.58,-0.0028056,-0.0022028,-0.0024144,-0.0025011,-0.0025729,-0.0024994,0.00042213
29.587,-0.0026202,-0.0021066,-0.0021649,-0.0022635,-0.0023211,-0.0022953,0.00040597
29.593,-0.0024034,-0.0018729,-0.0018694,-0.0020419,-0.0020572,-0.0020489,0.00041948
29.6,-0.0019876,-0.0015853,-0.0016425,-0.0017256,-0.0017787,-0.0017439,0.00037443
29.607,-0.0016505,-0.0013505,-0.0014383,-0.0014828,-0.0015032,-0.0014851,0.00034856
29.613,-0.0014591,-0.0010523,-0.001102,-0.0012875,-0.0011668,-0.0012135,0.00037938
29.62,-0.0012493,-0.00082804,-0.00080754,-0.00093425,-0.0010468,-0.00097319,0.00039198
29.627,-0.0010309,-0.00054838,-0.00058182,-0.00062267,-0.00076072,-0.0007089,0.00040357
29.633,-0.00062298,-0.00037279,-0.00027195,-0.00046428,-0.00035718,-0.00041783,0.00036096
29.64,-0.00040534,-0.00012333,-6.2454e-05,-0.00018457,-0.00032278,-0.0002197,0.00036577
29.647,-0.00018778,0.00025,0.00016176,0.00011627,6.7829e-05,8.1617e-05,0.00038044
29.653,0.00019939,0.00048214,0.00047582,0.00040639,0.00058126,0.000429,0.00036636
29.66,0.00051835,0.00072485,0.00073703,0.00075439,0.00088845,0.00072461,0.00036057
29.667,0.0007082,0.0010728,0.0010326,0.001071,0.0011878,0.0010145,0.00039154
29.673,0.0010452,0.0014103,0.0013466,0.0013455,0.0014807,0.0013257,0.00038161
29.68,0.0013632,0.0016715,0.0016369,0.0016303,0.0018261,0.0016256,0.00038201
29.687,0.0017002,0.0019528,0.0019415,0.0020051,0.0021375,0.0019474,0.00037669
29.693,0.001897,0.0022551,0.0022001,0.002306,0.0024304,0.0022177,0.00040489
29.7,0.00226,0.0025454,0.0025274,0.0025749,0.002689,0.0025193,0.00037656
29.707,0.002648,0.0028209,0.0028335,0.0028704,0.0029872,0.002832,0.00035549
29.713,0.0028252,0.0031425,0.003146,0.0031978,0.0033277,0.0031278,0.00039542
29.72,0.0033154,0.0034973,0.0035416,0.0036094,0.0036301,0.0035188,0.0003578
29.727,0.0035296,0.0037823,0.0038504,0.0039312,0.0038765,0.003794,0.00037686
29.733,0.0038422,0.0041069,0.004175,0.0041844,0.0042034,0.0041024,0.00037249
29.74,0.0041334,0.0044157,0.004469,0.0044696,0.0045386,0.0044053,0.00037794
29.747,0.0045207,0.0046675,0.0047382,0.0047701,0.0048024,0.0046998,0.00035186
29.753,0.0046959,0.0050186,0.005113,0.0051341,0.0051245,0.0050172,0.00039718
29.76,0.0051091,0.0053103,0.0054916,0.0053878,0.0053052,0.0053208,0.0003679
29.767,0.0053553,0.0056112,0.0057619,0.0055883,0.0055781,0.005579,0.00037119
29.773,0.0058359,0.00592,0.0059729,0.0059151,0.0059805,0.0059249,0.00033267
29.78,0.0059799,0.0062151,0.0061262,0.0062318,0.0062508,0.0061607,0.00035351
29.787,0.0062737,0.0065726,0.006464,0.0064853,0.0065343,0.006466,0.00035575
29.793,0.00666,0.0068987,0.0068173,0.006839,0.0068049,0.006804,0.00034398
29.8,0.0068768,0.0071742,0.0070717,0.0071293,0.007074,0.0070652,0.00035567
29.807,0.0070943,0.0073943,0.007362,0.0074088,0.007376,0.0073271,0.00036535
29.813,0.007478,0.0076227,0.0075217,0.0076303,0.0076082,0.0075722,0.00033817
29.82,0.0076948,0.0078865,0.0078357,0.0078835,0.0078656,0.0078332,0.00034255
29.827,0.0079572,0.0081647,0.0081456,0.0081947,0.0081098,0.0081144,0.00034812
29.833,0.0081723,0.0084407,0.0083502,0.0083798,0.0082801,0.0083246,0.00035271
29.84,0.0084599,0.0087193,0.0085997,0.0086067,0.0085688,0.0085909,0.00034885
29.847,0.0083008,0.0089514,0.0088081,0.0088439,0.0088338,0.0087476,0.0004576
29.853,0.0088418,0.0091503,0.009036,0.0091074,0.0090791,0.0090429,0.00036218
29.86,0.0090144,0.0093322,0.0093142,0.0093924,0.0092653,0.0092637,0.00037743
29.867,0.0092207,0.0095199,0.0095177,0.0094929,0.009417,0.0094336,0.0003662
29.873,0.0093187,0.0097456,0.0096789,0.0096985,0.0096571,0.0096198,0.00039386
29.88,0.0098056,0.010041,0.0099793,0.0098883,0.0098628,0.0099153,0.00035199
29.887,0.0096791,0.010137,0.010128,0.0098144,0.0099776,0.0099473,0.00041439
29.893,0.0097069,0.010206,0.010119,0.0098936,0.0101,0.010005,0.00041651
29.9,0.0099373,0.010344,0.010233,0.010232,0.010244,0.010198,0.00038322
29.907,0.0099928,0.010394,0.010388,0.010353,0.01039,0.010304,0.00039734
29.913,0.010118,0.01045,0.010535,0.010479,0.010476,0.010412,0.00039235
29.92,0.010149,0.010442,0.010592,0.010606,0.010633,0.010484,0.00041707
29.927,0.010282,0.010508,0.010652,0.010664,0.010694,0.01056,0.00039555
29.933,0.010453,0.010518,0.010697,0.010754,0.010705,0.010625,0.00037156
29.94,0.01028,0.010546,0.010714,0.010812,0.010781,0.010627,0.00043059
29.947,0.010536,0.010603,0.010752,0.010733,0.010761,0.010677,0.00035693
29.953,0.010543,0.010591,0.010735,0.010765,0.010726,0.010672,0.00035551
29.96,0.010492,0.010634,0.010712,0.010759,0.010769,0.010673,0.00036289
29.967,0.010568,0.010655,0.010726,0.01068,0.010746,0.010675,0.00034496
29.973,0.010571,0.010818,0.010651,0.010596,0.010757,0.010678,0.00035876
29.98,0.010571,0.010728,0.010609,0.010522,0.010761,0.010638,0.00035725
29.987,0.010545,0.010509,0.01056,0.010548,0.010668,0.010566,0.00034181
29.993,0.010514,0.010514,0.010443,0.01048,0.010606,0.010511,0.00034183
30,0.010386,0.010494,0.010395,0.010464,0.010608,0.01047,0.00035158
